REF_DATE,GEO,DGUID,Income components,UOM,UOM_ID,SCALAR_FACTOR,SCALAR_ID,VECTOR,COORDINATE,VALUE,STATUS,SYMBOL,TERMINATED,DECIMALS
1926,Canada,2016A000011124,Income-in-kind,Dollars,81,thousands,3,v8617,1.5,162311,,,,0
1926,Canada,2016A000011124,Realized net income,Dollars,81,thousands,3,v8620,1.8,578447,,,,0
1926,Canada,2016A000011124,"Gross income, total",Dollars,81,thousands,3,v8613,1.1,1125637,,,t,0
1926,Canada,2016A000011124,Value of inventory change,Dollars,81,thousands,3,v8614,1.2,2132,,,,0
1926,Canada,2016A000011124,"Net income, total",Dollars,81,thousands,3,v8621,1.9,580579,,,,0
1926,Canada,2016A000011124,Realized gross income,Dollars,81,thousands,3,v8615,1.3,1123505,,,t,0
1926,Canada,2016A000011124,Cash receipts from farm products,Dollars,81,thousands,3,v8616,1.4,961194,,,t,0
1926,Canada,2016A000011124,Operating expenses and depreciation charges,Dollars,81,thousands,3,v8619,1.7,545058,,,t,0
1926,Prince Edward Island,2016A000211,Income-in-kind,Dollars,81,thousands,3,v8630,3.5,2366,,,,0
1926,Prince Edward Island,2016A000211,Realized net income,Dollars,81,thousands,3,v8633,3.8,7416,,,,0
1926,Prince Edward Island,2016A000211,"Gross income, total",Dollars,81,thousands,3,v8626,3.1,11811,,,t,0
1926,Prince Edward Island,2016A000211,Value of inventory change,Dollars,81,thousands,3,v8627,3.2,-200,,,,0
1926,Prince Edward Island,2016A000211,"Net income, total",Dollars,81,thousands,3,v8634,3.9,7216,,,,0
1926,Prince Edward Island,2016A000211,Realized gross income,Dollars,81,thousands,3,v8628,3.3,12011,,,t,0
1926,Prince Edward Island,2016A000211,Cash receipts from farm products,Dollars,81,thousands,3,v8629,3.4,9645,,,t,0
1926,Prince Edward Island,2016A000211,Operating expenses and depreciation charges,Dollars,81,thousands,3,v8632,3.7,4595,,,t,0
1926,Nova Scotia,2016A000212,Income-in-kind,Dollars,81,thousands,3,v8643,4.5,8883,,,,0
1926,Nova Scotia,2016A000212,Realized net income,Dollars,81,thousands,3,v8646,4.8,11482,,,,0
1926,Nova Scotia,2016A000212,"Gross income, total",Dollars,81,thousands,3,v8639,4.1,23274,,,t,0
1926,Nova Scotia,2016A000212,Value of inventory change,Dollars,81,thousands,3,v8640,4.2,451,,,,0
1926,Nova Scotia,2016A000212,"Net income, total",Dollars,81,thousands,3,v8647,4.9,11933,,,,0
1926,Nova Scotia,2016A000212,Realized gross income,Dollars,81,thousands,3,v8641,4.3,22823,,,t,0
1926,Nova Scotia,2016A000212,Cash receipts from farm products,Dollars,81,thousands,3,v8642,4.4,13940,,,t,0
1926,Nova Scotia,2016A000212,Supplementary payments,Dollars,81,thousands,3,v8644,4.6,0,,,t,0
1926,Nova Scotia,2016A000212,Operating expenses and depreciation charges,Dollars,81,thousands,3,v8645,4.7,11341,,,t,0
1926,New Brunswick,2016A000213,Income-in-kind,Dollars,81,thousands,3,v8656,5.5,9180,,,,0
1926,New Brunswick,2016A000213,Realized net income,Dollars,81,thousands,3,v8659,5.8,14912,,,,0
1926,New Brunswick,2016A000213,"Gross income, total",Dollars,81,thousands,3,v8652,5.1,26390,,,t,0
1926,New Brunswick,2016A000213,Value of inventory change,Dollars,81,thousands,3,v8653,5.2,636,,,,0
1926,New Brunswick,2016A000213,"Net income, total",Dollars,81,thousands,3,v8660,5.9,15548,,,,0
1926,New Brunswick,2016A000213,Realized gross income,Dollars,81,thousands,3,v8654,5.3,25754,,,t,0
1926,New Brunswick,2016A000213,Cash receipts from farm products,Dollars,81,thousands,3,v8655,5.4,16574,,,t,0
1926,New Brunswick,2016A000213,Operating expenses and depreciation charges,Dollars,81,thousands,3,v8658,5.7,10842,,,t,0
1926,Quebec,2016A000224,Income-in-kind,Dollars,81,thousands,3,v8669,6.5,40229,,,,0
1926,Quebec,2016A000224,Realized net income,Dollars,81,thousands,3,v8672,6.8,77101,,,,0
1926,Quebec,2016A000224,"Gross income, total",Dollars,81,thousands,3,v8665,6.1,143781,,,t,0
1926,Quebec,2016A000224,Value of inventory change,Dollars,81,thousands,3,v8666,6.2,2228,,,,0
1926,Quebec,2016A000224,"Net income, total",Dollars,81,thousands,3,v8673,6.9,79329,,,,0
1926,Quebec,2016A000224,Realized gross income,Dollars,81,thousands,3,v8667,6.3,141553,,,t,0
1926,Quebec,2016A000224,Cash receipts from farm products,Dollars,81,thousands,3,v8668,6.4,101324,,,t,0
1926,Quebec,2016A000224,Operating expenses and depreciation charges,Dollars,81,thousands,3,v8671,6.7,64452,,,t,0
1926,Ontario,2016A000235,Income-in-kind,Dollars,81,thousands,3,v8682,7.5,52305,,,,0
1926,Ontario,2016A000235,Realized net income,Dollars,81,thousands,3,v8685,7.8,145289,,,,0
1926,Ontario,2016A000235,"Gross income, total",Dollars,81,thousands,3,v8678,7.1,286207,,,t,0
1926,Ontario,2016A000235,Value of inventory change,Dollars,81,thousands,3,v8679,7.2,-11966,,,,0
1926,Ontario,2016A000235,"Net income, total",Dollars,81,thousands,3,v8686,7.9,133323,,,,0
1926,Ontario,2016A000235,Realized gross income,Dollars,81,thousands,3,v8680,7.3,298173,,,t,0
1926,Ontario,2016A000235,Cash receipts from farm products,Dollars,81,thousands,3,v8681,7.4,245868,,,t,0
1926,Ontario,2016A000235,Operating expenses and depreciation charges,Dollars,81,thousands,3,v8684,7.7,152884,,,t,0
1926,Manitoba,2016A000246,Income-in-kind,Dollars,81,thousands,3,v8695,8.5,10819,,,,0
1926,Manitoba,2016A000246,Realized net income,Dollars,81,thousands,3,v8698,8.8,46376,,,,0
1926,Manitoba,2016A000246,"Gross income, total",Dollars,81,thousands,3,v8691,8.1,109278,,,t,0
1926,Manitoba,2016A000246,Value of inventory change,Dollars,81,thousands,3,v8692,8.2,9238,,,,0
1926,Manitoba,2016A000246,"Net income, total",Dollars,81,thousands,3,v8699,8.9,55614,,,,0
1926,Manitoba,2016A000246,Realized gross income,Dollars,81,thousands,3,v8693,8.3,100040,,,t,0
1926,Manitoba,2016A000246,Cash receipts from farm products,Dollars,81,thousands,3,v8694,8.4,89221,,,t,0
1926,Manitoba,2016A000246,Operating expenses and depreciation charges,Dollars,81,thousands,3,v8697,8.7,53664,,,t,0
1926,Saskatchewan,2016A000247,Income-in-kind,Dollars,81,thousands,3,v8708,9.5,20692,,,,0
1926,Saskatchewan,2016A000247,Realized net income,Dollars,81,thousands,3,v8711,9.8,165394,,,,0
1926,Saskatchewan,2016A000247,"Gross income, total",Dollars,81,thousands,3,v8704,9.1,311984,,,t,0
1926,Saskatchewan,2016A000247,Value of inventory change,Dollars,81,thousands,3,v8705,9.2,-1835,,,,0
1926,Saskatchewan,2016A000247,"Net income, total",Dollars,81,thousands,3,v8712,9.9,163559,,,,0
1926,Saskatchewan,2016A000247,Realized gross income,Dollars,81,thousands,3,v8706,9.3,313819,,,t,0
1926,Saskatchewan,2016A000247,Cash receipts from farm products,Dollars,81,thousands,3,v8707,9.4,293127,,,t,0
1926,Saskatchewan,2016A000247,Operating expenses and depreciation charges,Dollars,81,thousands,3,v8710,9.7,148425,,,t,0
1926,Alberta,2016A000248,Income-in-kind,Dollars,81,thousands,3,v8721,10.5,12292,,,,0
1926,Alberta,2016A000248,Realized net income,Dollars,81,thousands,3,v8724,10.8,95393,,,,0
1926,Alberta,2016A000248,"Gross income, total",Dollars,81,thousands,3,v8717,10.1,178710,,,t,0
1926,Alberta,2016A000248,Value of inventory change,Dollars,81,thousands,3,v8718,10.2,1529,,,,0
1926,Alberta,2016A000248,"Net income, total",Dollars,81,thousands,3,v8725,10.9,96922,,,,0
1926,Alberta,2016A000248,Realized gross income,Dollars,81,thousands,3,v8719,10.3,177181,,,t,0
1926,Alberta,2016A000248,Cash receipts from farm products,Dollars,81,thousands,3,v8720,10.4,164889,,,t,0
1926,Alberta,2016A000248,Operating expenses and depreciation charges,Dollars,81,thousands,3,v8723,10.7,81788,,,t,0
1926,British Columbia,2016A000259,Income-in-kind,Dollars,81,thousands,3,v8734,11.5,5545,,,,0
1926,British Columbia,2016A000259,Realized net income,Dollars,81,thousands,3,v8737,11.8,15084,,,,0
1926,British Columbia,2016A000259,"Gross income, total",Dollars,81,thousands,3,v8730,11.1,34202,,,t,0
1926,British Columbia,2016A000259,Value of inventory change,Dollars,81,thousands,3,v8731,11.2,2051,,,,0
1926,British Columbia,2016A000259,"Net income, total",Dollars,81,thousands,3,v8738,11.9,17135,,,,0
1926,British Columbia,2016A000259,Realized gross income,Dollars,81,thousands,3,v8732,11.3,32151,,,t,0
1926,British Columbia,2016A000259,Cash receipts from farm products,Dollars,81,thousands,3,v8733,11.4,26606,,,t,0
1926,British Columbia,2016A000259,Operating expenses and depreciation charges,Dollars,81,thousands,3,v8736,11.7,17067,,,t,0
1927,Canada,2016A000011124,Income-in-kind,Dollars,81,thousands,3,v8617,1.5,156904,,,,0
1927,Canada,2016A000011124,Realized net income,Dollars,81,thousands,3,v8620,1.8,527828,,,,0
1927,Canada,2016A000011124,"Gross income, total",Dollars,81,thousands,3,v8613,1.1,1160309,,,t,0
1927,Canada,2016A000011124,Value of inventory change,Dollars,81,thousands,3,v8614,1.2,63006,,,,0
1927,Canada,2016A000011124,"Net income, total",Dollars,81,thousands,3,v8621,1.9,590834,,,,0
1927,Canada,2016A000011124,Realized gross income,Dollars,81,thousands,3,v8615,1.3,1097303,,,t,0
1927,Canada,2016A000011124,Cash receipts from farm products,Dollars,81,thousands,3,v8616,1.4,940399,,,t,0
1927,Canada,2016A000011124,Operating expenses and depreciation charges,Dollars,81,thousands,3,v8619,1.7,569475,,,t,0
1927,Prince Edward Island,2016A000211,Income-in-kind,Dollars,81,thousands,3,v8630,3.5,2402,,,,0
1927,Prince Edward Island,2016A000211,Realized net income,Dollars,81,thousands,3,v8633,3.8,7820,,,,0
1927,Prince Edward Island,2016A000211,"Gross income, total",Dollars,81,thousands,3,v8626,3.1,12709,,,t,0
1927,Prince Edward Island,2016A000211,Value of inventory change,Dollars,81,thousands,3,v8627,3.2,279,,,,0
1927,Prince Edward Island,2016A000211,"Net income, total",Dollars,81,thousands,3,v8634,3.9,8099,,,,0
1927,Prince Edward Island,2016A000211,Realized gross income,Dollars,81,thousands,3,v8628,3.3,12430,,,t,0
1927,Prince Edward Island,2016A000211,Cash receipts from farm products,Dollars,81,thousands,3,v8629,3.4,10028,,,t,0
1927,Prince Edward Island,2016A000211,Operating expenses and depreciation charges,Dollars,81,thousands,3,v8632,3.7,4610,,,t,0
1927,Nova Scotia,2016A000212,Income-in-kind,Dollars,81,thousands,3,v8643,4.5,8671,,,,0
1927,Nova Scotia,2016A000212,Realized net income,Dollars,81,thousands,3,v8646,4.8,12252,,,,0
1927,Nova Scotia,2016A000212,"Gross income, total",Dollars,81,thousands,3,v8639,4.1,22802,,,t,0
1927,Nova Scotia,2016A000212,Value of inventory change,Dollars,81,thousands,3,v8640,4.2,-993,,,,0
1927,Nova Scotia,2016A000212,"Net income, total",Dollars,81,thousands,3,v8647,4.9,11259,,,,0
1927,Nova Scotia,2016A000212,Realized gross income,Dollars,81,thousands,3,v8641,4.3,23795,,,t,0
1927,Nova Scotia,2016A000212,Cash receipts from farm products,Dollars,81,thousands,3,v8642,4.4,15124,,,t,0
1927,Nova Scotia,2016A000212,Supplementary payments,Dollars,81,thousands,3,v8644,4.6,0,,,t,0
1927,Nova Scotia,2016A000212,Operating expenses and depreciation charges,Dollars,81,thousands,3,v8645,4.7,11543,,,t,0
1927,New Brunswick,2016A000213,Income-in-kind,Dollars,81,thousands,3,v8656,5.5,8839,,,,0
1927,New Brunswick,2016A000213,Realized net income,Dollars,81,thousands,3,v8659,5.8,12363,,,,0
1927,New Brunswick,2016A000213,"Gross income, total",Dollars,81,thousands,3,v8652,5.1,22861,,,t,0
1927,New Brunswick,2016A000213,Value of inventory change,Dollars,81,thousands,3,v8653,5.2,-470,,,,0
1927,New Brunswick,2016A000213,"Net income, total",Dollars,81,thousands,3,v8660,5.9,11893,,,,0
1927,New Brunswick,2016A000213,Realized gross income,Dollars,81,thousands,3,v8654,5.3,23331,,,t,0
1927,New Brunswick,2016A000213,Cash receipts from farm products,Dollars,81,thousands,3,v8655,5.4,14492,,,t,0
1927,New Brunswick,2016A000213,Operating expenses and depreciation charges,Dollars,81,thousands,3,v8658,5.7,10968,,,t,0
1927,Quebec,2016A000224,Income-in-kind,Dollars,81,thousands,3,v8669,6.5,38088,,,,0
1927,Quebec,2016A000224,Realized net income,Dollars,81,thousands,3,v8672,6.8,72368,,,,0
1927,Quebec,2016A000224,"Gross income, total",Dollars,81,thousands,3,v8665,6.1,141671,,,t,0
1927,Quebec,2016A000224,Value of inventory change,Dollars,81,thousands,3,v8666,6.2,2500,,,,0
1927,Quebec,2016A000224,"Net income, total",Dollars,81,thousands,3,v8673,6.9,74868,,,,0
1927,Quebec,2016A000224,Realized gross income,Dollars,81,thousands,3,v8667,6.3,139171,,,t,0
1927,Quebec,2016A000224,Cash receipts from farm products,Dollars,81,thousands,3,v8668,6.4,101083,,,t,0
1927,Quebec,2016A000224,Operating expenses and depreciation charges,Dollars,81,thousands,3,v8671,6.7,66803,,,t,0
1927,Ontario,2016A000235,Income-in-kind,Dollars,81,thousands,3,v8682,7.5,50071,,,,0
1927,Ontario,2016A000235,Realized net income,Dollars,81,thousands,3,v8685,7.8,138207,,,,0
1927,Ontario,2016A000235,"Gross income, total",Dollars,81,thousands,3,v8678,7.1,296048,,,t,0
1927,Ontario,2016A000235,Value of inventory change,Dollars,81,thousands,3,v8679,7.2,-466,,,,0
1927,Ontario,2016A000235,"Net income, total",Dollars,81,thousands,3,v8686,7.9,137741,,,,0
1927,Ontario,2016A000235,Realized gross income,Dollars,81,thousands,3,v8680,7.3,296514,,,t,0
1927,Ontario,2016A000235,Cash receipts from farm products,Dollars,81,thousands,3,v8681,7.4,246443,,,t,0
1927,Ontario,2016A000235,Operating expenses and depreciation charges,Dollars,81,thousands,3,v8684,7.7,158307,,,t,0
1927,Manitoba,2016A000246,Income-in-kind,Dollars,81,thousands,3,v8695,8.5,10757,,,,0
1927,Manitoba,2016A000246,Realized net income,Dollars,81,thousands,3,v8698,8.8,38313,,,,0
1927,Manitoba,2016A000246,"Gross income, total",Dollars,81,thousands,3,v8691,8.1,70687,,,t,0
1927,Manitoba,2016A000246,Value of inventory change,Dollars,81,thousands,3,v8692,8.2,-18922,,,,0
1927,Manitoba,2016A000246,"Net income, total",Dollars,81,thousands,3,v8699,8.9,19391,,,,0
1927,Manitoba,2016A000246,Realized gross income,Dollars,81,thousands,3,v8693,8.3,89609,,,t,0
1927,Manitoba,2016A000246,Cash receipts from farm products,Dollars,81,thousands,3,v8694,8.4,78852,,,t,0
1927,Manitoba,2016A000246,Operating expenses and depreciation charges,Dollars,81,thousands,3,v8697,8.7,51296,,,t,0
1927,Saskatchewan,2016A000247,Income-in-kind,Dollars,81,thousands,3,v8708,9.5,20497,,,,0
1927,Saskatchewan,2016A000247,Realized net income,Dollars,81,thousands,3,v8711,9.8,138756,,,,0
1927,Saskatchewan,2016A000247,"Gross income, total",Dollars,81,thousands,3,v8704,9.1,325526,,,t,0
1927,Saskatchewan,2016A000247,Value of inventory change,Dollars,81,thousands,3,v8705,9.2,31736,,,,0
1927,Saskatchewan,2016A000247,"Net income, total",Dollars,81,thousands,3,v8712,9.9,170492,,,,0
1927,Saskatchewan,2016A000247,Realized gross income,Dollars,81,thousands,3,v8706,9.3,293790,,,t,0
1927,Saskatchewan,2016A000247,Cash receipts from farm products,Dollars,81,thousands,3,v8707,9.4,273293,,,t,0
1927,Saskatchewan,2016A000247,Operating expenses and depreciation charges,Dollars,81,thousands,3,v8710,9.7,155034,,,t,0
1927,Alberta,2016A000248,Income-in-kind,Dollars,81,thousands,3,v8721,10.5,12067,,,,0
1927,Alberta,2016A000248,Realized net income,Dollars,81,thousands,3,v8724,10.8,91475,,,,0
1927,Alberta,2016A000248,"Gross income, total",Dollars,81,thousands,3,v8717,10.1,232528,,,t,0
1927,Alberta,2016A000248,Value of inventory change,Dollars,81,thousands,3,v8718,10.2,48270,,,,0
1927,Alberta,2016A000248,"Net income, total",Dollars,81,thousands,3,v8725,10.9,139745,,,,0
1927,Alberta,2016A000248,Realized gross income,Dollars,81,thousands,3,v8719,10.3,184258,,,t,0
1927,Alberta,2016A000248,Cash receipts from farm products,Dollars,81,thousands,3,v8720,10.4,172191,,,t,0
1927,Alberta,2016A000248,Operating expenses and depreciation charges,Dollars,81,thousands,3,v8723,10.7,92783,,,t,0
1927,British Columbia,2016A000259,Income-in-kind,Dollars,81,thousands,3,v8734,11.5,5512,,,,0
1927,British Columbia,2016A000259,Realized net income,Dollars,81,thousands,3,v8737,11.8,16274,,,,0
1927,British Columbia,2016A000259,"Gross income, total",Dollars,81,thousands,3,v8730,11.1,35477,,,t,0
1927,British Columbia,2016A000259,Value of inventory change,Dollars,81,thousands,3,v8731,11.2,1072,,,,0
1927,British Columbia,2016A000259,"Net income, total",Dollars,81,thousands,3,v8738,11.9,17346,,,,0
1927,British Columbia,2016A000259,Realized gross income,Dollars,81,thousands,3,v8732,11.3,34405,,,t,0
1927,British Columbia,2016A000259,Cash receipts from farm products,Dollars,81,thousands,3,v8733,11.4,28893,,,t,0
1927,British Columbia,2016A000259,Operating expenses and depreciation charges,Dollars,81,thousands,3,v8736,11.7,18131,,,t,0
1928,Canada,2016A000011124,Income-in-kind,Dollars,81,thousands,3,v8617,1.5,155857,,,,0
1928,Canada,2016A000011124,Realized net income,Dollars,81,thousands,3,v8620,1.8,624217,,,,0
1928,Canada,2016A000011124,"Gross income, total",Dollars,81,thousands,3,v8613,1.1,1195991,,,t,0
1928,Canada,2016A000011124,Value of inventory change,Dollars,81,thousands,3,v8614,1.2,-24112,,,,0
1928,Canada,2016A000011124,"Net income, total",Dollars,81,thousands,3,v8621,1.9,600105,,,,0
1928,Canada,2016A000011124,Realized gross income,Dollars,81,thousands,3,v8615,1.3,1220103,,,t,0
1928,Canada,2016A000011124,Cash receipts from farm products,Dollars,81,thousands,3,v8616,1.4,1064246,,,t,0
1928,Canada,2016A000011124,Operating expenses and depreciation charges,Dollars,81,thousands,3,v8619,1.7,595886,,,t,0
1928,Prince Edward Island,2016A000211,Income-in-kind,Dollars,81,thousands,3,v8630,3.5,2379,,,,0
1928,Prince Edward Island,2016A000211,Realized net income,Dollars,81,thousands,3,v8633,3.8,6872,,,,0
1928,Prince Edward Island,2016A000211,"Gross income, total",Dollars,81,thousands,3,v8626,3.1,12121,,,t,0
1928,Prince Edward Island,2016A000211,Value of inventory change,Dollars,81,thousands,3,v8627,3.2,76,,,,0
1928,Prince Edward Island,2016A000211,"Net income, total",Dollars,81,thousands,3,v8634,3.9,6948,,,,0
1928,Prince Edward Island,2016A000211,Realized gross income,Dollars,81,thousands,3,v8628,3.3,12045,,,t,0
1928,Prince Edward Island,2016A000211,Cash receipts from farm products,Dollars,81,thousands,3,v8629,3.4,9666,,,t,0
1928,Prince Edward Island,2016A000211,Operating expenses and depreciation charges,Dollars,81,thousands,3,v8632,3.7,5173,,,t,0
1928,Nova Scotia,2016A000212,Income-in-kind,Dollars,81,thousands,3,v8643,4.5,8333,,,,0
1928,Nova Scotia,2016A000212,Realized net income,Dollars,81,thousands,3,v8646,4.8,13286,,,,0
1928,Nova Scotia,2016A000212,"Gross income, total",Dollars,81,thousands,3,v8639,4.1,24245,,,t,0
1928,Nova Scotia,2016A000212,Value of inventory change,Dollars,81,thousands,3,v8640,4.2,-482,,,,0
1928,Nova Scotia,2016A000212,"Net income, total",Dollars,81,thousands,3,v8647,4.9,12804,,,,0
1928,Nova Scotia,2016A000212,Realized gross income,Dollars,81,thousands,3,v8641,4.3,24727,,,t,0
1928,Nova Scotia,2016A000212,Cash receipts from farm products,Dollars,81,thousands,3,v8642,4.4,16394,,,t,0
1928,Nova Scotia,2016A000212,Supplementary payments,Dollars,81,thousands,3,v8644,4.6,0,,,t,0
1928,Nova Scotia,2016A000212,Operating expenses and depreciation charges,Dollars,81,thousands,3,v8645,4.7,11441,,,t,0
1928,New Brunswick,2016A000213,Income-in-kind,Dollars,81,thousands,3,v8656,5.5,8580,,,,0
1928,New Brunswick,2016A000213,Realized net income,Dollars,81,thousands,3,v8659,5.8,11278,,,,0
1928,New Brunswick,2016A000213,"Gross income, total",Dollars,81,thousands,3,v8652,5.1,22891,,,t,0
1928,New Brunswick,2016A000213,Value of inventory change,Dollars,81,thousands,3,v8653,5.2,-78,,,,0
1928,New Brunswick,2016A000213,"Net income, total",Dollars,81,thousands,3,v8660,5.9,11200,,,,0
1928,New Brunswick,2016A000213,Realized gross income,Dollars,81,thousands,3,v8654,5.3,22969,,,t,0
1928,New Brunswick,2016A000213,Cash receipts from farm products,Dollars,81,thousands,3,v8655,5.4,14389,,,t,0
1928,New Brunswick,2016A000213,Operating expenses and depreciation charges,Dollars,81,thousands,3,v8658,5.7,11691,,,t,0
1928,Quebec,2016A000224,Income-in-kind,Dollars,81,thousands,3,v8669,6.5,38035,,,,0
1928,Quebec,2016A000224,Realized net income,Dollars,81,thousands,3,v8672,6.8,79400,,,,0
1928,Quebec,2016A000224,"Gross income, total",Dollars,81,thousands,3,v8665,6.1,151532,,,t,0
1928,Quebec,2016A000224,Value of inventory change,Dollars,81,thousands,3,v8666,6.2,2923,,,,0
1928,Quebec,2016A000224,"Net income, total",Dollars,81,thousands,3,v8673,6.9,82323,,,,0
1928,Quebec,2016A000224,Realized gross income,Dollars,81,thousands,3,v8667,6.3,148609,,,t,0
1928,Quebec,2016A000224,Cash receipts from farm products,Dollars,81,thousands,3,v8668,6.4,110574,,,t,0
1928,Quebec,2016A000224,Operating expenses and depreciation charges,Dollars,81,thousands,3,v8671,6.7,69209,,,t,0
1928,Ontario,2016A000235,Income-in-kind,Dollars,81,thousands,3,v8682,7.5,48889,,,,0
1928,Ontario,2016A000235,Realized net income,Dollars,81,thousands,3,v8685,7.8,143598,,,,0
1928,Ontario,2016A000235,"Gross income, total",Dollars,81,thousands,3,v8678,7.1,304269,,,t,0
1928,Ontario,2016A000235,Value of inventory change,Dollars,81,thousands,3,v8679,7.2,-4230,,,,0
1928,Ontario,2016A000235,"Net income, total",Dollars,81,thousands,3,v8686,7.9,139368,,,,0
1928,Ontario,2016A000235,Realized gross income,Dollars,81,thousands,3,v8680,7.3,308499,,,t,0
1928,Ontario,2016A000235,Cash receipts from farm products,Dollars,81,thousands,3,v8681,7.4,259610,,,t,0
1928,Ontario,2016A000235,Operating expenses and depreciation charges,Dollars,81,thousands,3,v8684,7.7,164901,,,t,0
1928,Manitoba,2016A000246,Income-in-kind,Dollars,81,thousands,3,v8695,8.5,10692,,,,0
1928,Manitoba,2016A000246,Realized net income,Dollars,81,thousands,3,v8698,8.8,36798,,,,0
1928,Manitoba,2016A000246,"Gross income, total",Dollars,81,thousands,3,v8691,8.1,104991,,,t,0
1928,Manitoba,2016A000246,Value of inventory change,Dollars,81,thousands,3,v8692,8.2,12237,,,,0
1928,Manitoba,2016A000246,"Net income, total",Dollars,81,thousands,3,v8699,8.9,49035,,,,0
1928,Manitoba,2016A000246,Realized gross income,Dollars,81,thousands,3,v8693,8.3,92754,,,t,0
1928,Manitoba,2016A000246,Cash receipts from farm products,Dollars,81,thousands,3,v8694,8.4,82062,,,t,0
1928,Manitoba,2016A000246,Operating expenses and depreciation charges,Dollars,81,thousands,3,v8697,8.7,55956,,,t,0
1928,Saskatchewan,2016A000247,Income-in-kind,Dollars,81,thousands,3,v8708,9.5,21226,,,,0
1928,Saskatchewan,2016A000247,Realized net income,Dollars,81,thousands,3,v8711,9.8,182476,,,,0
1928,Saskatchewan,2016A000247,"Gross income, total",Dollars,81,thousands,3,v8704,9.1,340321,,,t,0
1928,Saskatchewan,2016A000247,Value of inventory change,Dollars,81,thousands,3,v8705,9.2,-4020,,,,0
1928,Saskatchewan,2016A000247,"Net income, total",Dollars,81,thousands,3,v8712,9.9,178456,,,,0
1928,Saskatchewan,2016A000247,Realized gross income,Dollars,81,thousands,3,v8706,9.3,344341,,,t,0
1928,Saskatchewan,2016A000247,Cash receipts from farm products,Dollars,81,thousands,3,v8707,9.4,323115,,,t,0
1928,Saskatchewan,2016A000247,Operating expenses and depreciation charges,Dollars,81,thousands,3,v8710,9.7,161865,,,t,0
1928,Alberta,2016A000248,Income-in-kind,Dollars,81,thousands,3,v8721,10.5,12499,,,,0
1928,Alberta,2016A000248,Realized net income,Dollars,81,thousands,3,v8724,10.8,131286,,,,0
1928,Alberta,2016A000248,"Gross income, total",Dollars,81,thousands,3,v8717,10.1,195209,,,t,0
1928,Alberta,2016A000248,Value of inventory change,Dollars,81,thousands,3,v8718,10.2,-32552,,,,0
1928,Alberta,2016A000248,"Net income, total",Dollars,81,thousands,3,v8725,10.9,98734,,,,0
1928,Alberta,2016A000248,Realized gross income,Dollars,81,thousands,3,v8719,10.3,227761,,,t,0
1928,Alberta,2016A000248,Cash receipts from farm products,Dollars,81,thousands,3,v8720,10.4,215262,,,t,0
1928,Alberta,2016A000248,Operating expenses and depreciation charges,Dollars,81,thousands,3,v8723,10.7,96475,,,t,0
1928,British Columbia,2016A000259,Income-in-kind,Dollars,81,thousands,3,v8734,11.5,5224,,,,0
1928,British Columbia,2016A000259,Realized net income,Dollars,81,thousands,3,v8737,11.8,19223,,,,0
1928,British Columbia,2016A000259,"Gross income, total",Dollars,81,thousands,3,v8730,11.1,40412,,,t,0
1928,British Columbia,2016A000259,Value of inventory change,Dollars,81,thousands,3,v8731,11.2,2014,,,,0
1928,British Columbia,2016A000259,"Net income, total",Dollars,81,thousands,3,v8738,11.9,21237,,,,0
1928,British Columbia,2016A000259,Realized gross income,Dollars,81,thousands,3,v8732,11.3,38398,,,t,0
1928,British Columbia,2016A000259,Cash receipts from farm products,Dollars,81,thousands,3,v8733,11.4,33174,,,t,0
1928,British Columbia,2016A000259,Operating expenses and depreciation charges,Dollars,81,thousands,3,v8736,11.7,19175,,,t,0
1929,Canada,2016A000011124,Income-in-kind,Dollars,81,thousands,3,v8617,1.5,158363,,,,0
1929,Canada,2016A000011124,Realized net income,Dollars,81,thousands,3,v8620,1.8,503231,,,,0
1929,Canada,2016A000011124,"Gross income, total",Dollars,81,thousands,3,v8613,1.1,962425,,,t,0
1929,Canada,2016A000011124,Value of inventory change,Dollars,81,thousands,3,v8614,1.2,-127703,,,,0
1929,Canada,2016A000011124,"Net income, total",Dollars,81,thousands,3,v8621,1.9,375528,,,,0
1929,Canada,2016A000011124,Realized gross income,Dollars,81,thousands,3,v8615,1.3,1090128,,,t,0
1929,Canada,2016A000011124,Cash receipts from farm products,Dollars,81,thousands,3,v8616,1.4,931765,,,t,0
1929,Canada,2016A000011124,Operating expenses and depreciation charges,Dollars,81,thousands,3,v8619,1.7,586897,,,t,0
1929,Prince Edward Island,2016A000211,Income-in-kind,Dollars,81,thousands,3,v8630,3.5,2410,,,,0
1929,Prince Edward Island,2016A000211,Realized net income,Dollars,81,thousands,3,v8633,3.8,7119,,,,0
1929,Prince Edward Island,2016A000211,"Gross income, total",Dollars,81,thousands,3,v8626,3.1,12715,,,t,0
1929,Prince Edward Island,2016A000211,Value of inventory change,Dollars,81,thousands,3,v8627,3.2,74,,,,0
1929,Prince Edward Island,2016A000211,"Net income, total",Dollars,81,thousands,3,v8634,3.9,7193,,,,0
1929,Prince Edward Island,2016A000211,Realized gross income,Dollars,81,thousands,3,v8628,3.3,12641,,,t,0
1929,Prince Edward Island,2016A000211,Cash receipts from farm products,Dollars,81,thousands,3,v8629,3.4,10231,,,t,0
1929,Prince Edward Island,2016A000211,Operating expenses and depreciation charges,Dollars,81,thousands,3,v8632,3.7,5522,,,t,0
1929,Nova Scotia,2016A000212,Income-in-kind,Dollars,81,thousands,3,v8643,4.5,8304,,,,0
1929,Nova Scotia,2016A000212,Realized net income,Dollars,81,thousands,3,v8646,4.8,11431,,,,0
1929,Nova Scotia,2016A000212,"Gross income, total",Dollars,81,thousands,3,v8639,4.1,24268,,,t,0
1929,Nova Scotia,2016A000212,Value of inventory change,Dollars,81,thousands,3,v8640,4.2,676,,,,0
1929,Nova Scotia,2016A000212,"Net income, total",Dollars,81,thousands,3,v8647,4.9,12107,,,,0
1929,Nova Scotia,2016A000212,Realized gross income,Dollars,81,thousands,3,v8641,4.3,23592,,,t,0
1929,Nova Scotia,2016A000212,Cash receipts from farm products,Dollars,81,thousands,3,v8642,4.4,15288,,,t,0
1929,Nova Scotia,2016A000212,Supplementary payments,Dollars,81,thousands,3,v8644,4.6,0,,,t,0
1929,Nova Scotia,2016A000212,Operating expenses and depreciation charges,Dollars,81,thousands,3,v8645,4.7,12161,,,t,0
1929,New Brunswick,2016A000213,Income-in-kind,Dollars,81,thousands,3,v8656,5.5,8417,,,,0
1929,New Brunswick,2016A000213,Realized net income,Dollars,81,thousands,3,v8659,5.8,10350,,,,0
1929,New Brunswick,2016A000213,"Gross income, total",Dollars,81,thousands,3,v8652,5.1,22112,,,t,0
1929,New Brunswick,2016A000213,Value of inventory change,Dollars,81,thousands,3,v8653,5.2,-595,,,,0
1929,New Brunswick,2016A000213,"Net income, total",Dollars,81,thousands,3,v8660,5.9,9755,,,,0
1929,New Brunswick,2016A000213,Realized gross income,Dollars,81,thousands,3,v8654,5.3,22707,,,t,0
1929,New Brunswick,2016A000213,Cash receipts from farm products,Dollars,81,thousands,3,v8655,5.4,14290,,,t,0
1929,New Brunswick,2016A000213,Operating expenses and depreciation charges,Dollars,81,thousands,3,v8658,5.7,12357,,,t,0
1929,Quebec,2016A000224,Income-in-kind,Dollars,81,thousands,3,v8669,6.5,37857,,,,0
1929,Quebec,2016A000224,Realized net income,Dollars,81,thousands,3,v8672,6.8,76717,,,,0
1929,Quebec,2016A000224,"Gross income, total",Dollars,81,thousands,3,v8665,6.1,147491,,,t,0
1929,Quebec,2016A000224,Value of inventory change,Dollars,81,thousands,3,v8666,6.2,300,,,,0
1929,Quebec,2016A000224,"Net income, total",Dollars,81,thousands,3,v8673,6.9,77017,,,,0
1929,Quebec,2016A000224,Realized gross income,Dollars,81,thousands,3,v8667,6.3,147191,,,t,0
1929,Quebec,2016A000224,Cash receipts from farm products,Dollars,81,thousands,3,v8668,6.4,109334,,,t,0
1929,Quebec,2016A000224,Operating expenses and depreciation charges,Dollars,81,thousands,3,v8671,6.7,70474,,,t,0
1929,Ontario,2016A000235,Income-in-kind,Dollars,81,thousands,3,v8682,7.5,47989,,,,0
1929,Ontario,2016A000235,Realized net income,Dollars,81,thousands,3,v8685,7.8,139002,,,,0
1929,Ontario,2016A000235,"Gross income, total",Dollars,81,thousands,3,v8678,7.1,299888,,,t,0
1929,Ontario,2016A000235,Value of inventory change,Dollars,81,thousands,3,v8679,7.2,-4933,,,,0
1929,Ontario,2016A000235,"Net income, total",Dollars,81,thousands,3,v8686,7.9,134069,,,,0
1929,Ontario,2016A000235,Realized gross income,Dollars,81,thousands,3,v8680,7.3,304821,,,t,0
1929,Ontario,2016A000235,Cash receipts from farm products,Dollars,81,thousands,3,v8681,7.4,256832,,,t,0
1929,Ontario,2016A000235,Operating expenses and depreciation charges,Dollars,81,thousands,3,v8684,7.7,165819,,,t,0
1929,Manitoba,2016A000246,Income-in-kind,Dollars,81,thousands,3,v8695,8.5,11789,,,,0
1929,Manitoba,2016A000246,Realized net income,Dollars,81,thousands,3,v8698,8.8,30367,,,,0
1929,Manitoba,2016A000246,"Gross income, total",Dollars,81,thousands,3,v8691,8.1,70179,,,t,0
1929,Manitoba,2016A000246,Value of inventory change,Dollars,81,thousands,3,v8692,8.2,-14077,,,,0
1929,Manitoba,2016A000246,"Net income, total",Dollars,81,thousands,3,v8699,8.9,16290,,,,0
1929,Manitoba,2016A000246,Realized gross income,Dollars,81,thousands,3,v8693,8.3,84256,,,t,0
1929,Manitoba,2016A000246,Cash receipts from farm products,Dollars,81,thousands,3,v8694,8.4,72467,,,t,0
1929,Manitoba,2016A000246,Operating expenses and depreciation charges,Dollars,81,thousands,3,v8697,8.7,53889,,,t,0
1929,Saskatchewan,2016A000247,Income-in-kind,Dollars,81,thousands,3,v8708,9.5,22237,,,,0
1929,Saskatchewan,2016A000247,Realized net income,Dollars,81,thousands,3,v8711,9.8,116118,,,,0
1929,Saskatchewan,2016A000247,"Gross income, total",Dollars,81,thousands,3,v8704,9.1,198007,,,t,0
1929,Saskatchewan,2016A000247,Value of inventory change,Dollars,81,thousands,3,v8705,9.2,-70870,,,,0
1929,Saskatchewan,2016A000247,"Net income, total",Dollars,81,thousands,3,v8712,9.9,45248,,,,0
1929,Saskatchewan,2016A000247,Realized gross income,Dollars,81,thousands,3,v8706,9.3,268877,,,t,0
1929,Saskatchewan,2016A000247,Cash receipts from farm products,Dollars,81,thousands,3,v8707,9.4,246640,,,t,0
1929,Saskatchewan,2016A000247,Operating expenses and depreciation charges,Dollars,81,thousands,3,v8710,9.7,152759,,,t,0
1929,Alberta,2016A000248,Income-in-kind,Dollars,81,thousands,3,v8721,10.5,13691,,,,0
1929,Alberta,2016A000248,Realized net income,Dollars,81,thousands,3,v8724,10.8,92019,,,,0
1929,Alberta,2016A000248,"Gross income, total",Dollars,81,thousands,3,v8717,10.1,146975,,,t,0
1929,Alberta,2016A000248,Value of inventory change,Dollars,81,thousands,3,v8718,10.2,-39456,,,,0
1929,Alberta,2016A000248,"Net income, total",Dollars,81,thousands,3,v8725,10.9,52563,,,,0
1929,Alberta,2016A000248,Realized gross income,Dollars,81,thousands,3,v8719,10.3,186431,,,t,0
1929,Alberta,2016A000248,Cash receipts from farm products,Dollars,81,thousands,3,v8720,10.4,172740,,,t,0
1929,Alberta,2016A000248,Operating expenses and depreciation charges,Dollars,81,thousands,3,v8723,10.7,94412,,,t,0
1929,British Columbia,2016A000259,Income-in-kind,Dollars,81,thousands,3,v8734,11.5,5669,,,,0
1929,British Columbia,2016A000259,Realized net income,Dollars,81,thousands,3,v8737,11.8,20108,,,,0
1929,British Columbia,2016A000259,"Gross income, total",Dollars,81,thousands,3,v8730,11.1,40790,,,t,0
1929,British Columbia,2016A000259,Value of inventory change,Dollars,81,thousands,3,v8731,11.2,1178,,,,0
1929,British Columbia,2016A000259,"Net income, total",Dollars,81,thousands,3,v8738,11.9,21286,,,,0
1929,British Columbia,2016A000259,Realized gross income,Dollars,81,thousands,3,v8732,11.3,39612,,,t,0
1929,British Columbia,2016A000259,Cash receipts from farm products,Dollars,81,thousands,3,v8733,11.4,33943,,,t,0
1929,British Columbia,2016A000259,Operating expenses and depreciation charges,Dollars,81,thousands,3,v8736,11.7,19504,,,t,0
1930,Canada,2016A000011124,Income-in-kind,Dollars,81,thousands,3,v8617,1.5,145587,,,,0
1930,Canada,2016A000011124,Realized net income,Dollars,81,thousands,3,v8620,1.8,239061,,,,0
1930,Canada,2016A000011124,"Gross income, total",Dollars,81,thousands,3,v8613,1.1,871340,,,t,0
1930,Canada,2016A000011124,Value of inventory change,Dollars,81,thousands,3,v8614,1.2,83828,,,,0
1930,Canada,2016A000011124,"Net income, total",Dollars,81,thousands,3,v8621,1.9,322889,,,,0
1930,Canada,2016A000011124,Realized gross income,Dollars,81,thousands,3,v8615,1.3,787512,,,t,0
1930,Canada,2016A000011124,Cash receipts from farm products,Dollars,81,thousands,3,v8616,1.4,641925,,,t,0
1930,Canada,2016A000011124,Operating expenses and depreciation charges,Dollars,81,thousands,3,v8619,1.7,548451,,,t,0
1930,Prince Edward Island,2016A000211,Income-in-kind,Dollars,81,thousands,3,v8630,3.5,2245,,,,0
1930,Prince Edward Island,2016A000211,Realized net income,Dollars,81,thousands,3,v8633,3.8,4894,,,,0
1930,Prince Edward Island,2016A000211,"Gross income, total",Dollars,81,thousands,3,v8626,3.1,10926,,,t,0
1930,Prince Edward Island,2016A000211,Value of inventory change,Dollars,81,thousands,3,v8627,3.2,199,,,,0
1930,Prince Edward Island,2016A000211,"Net income, total",Dollars,81,thousands,3,v8634,3.9,5093,,,,0
1930,Prince Edward Island,2016A000211,Realized gross income,Dollars,81,thousands,3,v8628,3.3,10727,,,t,0
1930,Prince Edward Island,2016A000211,Cash receipts from farm products,Dollars,81,thousands,3,v8629,3.4,8482,,,t,0
1930,Prince Edward Island,2016A000211,Operating expenses and depreciation charges,Dollars,81,thousands,3,v8632,3.7,5833,,,t,0
1930,Nova Scotia,2016A000212,Income-in-kind,Dollars,81,thousands,3,v8643,4.5,7841,,,,0
1930,Nova Scotia,2016A000212,Realized net income,Dollars,81,thousands,3,v8646,4.8,12743,,,,0
1930,Nova Scotia,2016A000212,"Gross income, total",Dollars,81,thousands,3,v8639,4.1,24087,,,t,0
1930,Nova Scotia,2016A000212,Value of inventory change,Dollars,81,thousands,3,v8640,4.2,-199,,,,0
1930,Nova Scotia,2016A000212,"Net income, total",Dollars,81,thousands,3,v8647,4.9,12544,,,,0
1930,Nova Scotia,2016A000212,Realized gross income,Dollars,81,thousands,3,v8641,4.3,24286,,,t,0
1930,Nova Scotia,2016A000212,Cash receipts from farm products,Dollars,81,thousands,3,v8642,4.4,16445,,,t,0
1930,Nova Scotia,2016A000212,Supplementary payments,Dollars,81,thousands,3,v8644,4.6,0,,,t,0
1930,Nova Scotia,2016A000212,Operating expenses and depreciation charges,Dollars,81,thousands,3,v8645,4.7,11543,,,t,0
1930,New Brunswick,2016A000213,Income-in-kind,Dollars,81,thousands,3,v8656,5.5,7726,,,,0
1930,New Brunswick,2016A000213,Realized net income,Dollars,81,thousands,3,v8659,5.8,9051,,,,0
1930,New Brunswick,2016A000213,"Gross income, total",Dollars,81,thousands,3,v8652,5.1,21752,,,t,0
1930,New Brunswick,2016A000213,Value of inventory change,Dollars,81,thousands,3,v8653,5.2,427,,,,0
1930,New Brunswick,2016A000213,"Net income, total",Dollars,81,thousands,3,v8660,5.9,9478,,,,0
1930,New Brunswick,2016A000213,Realized gross income,Dollars,81,thousands,3,v8654,5.3,21325,,,t,0
1930,New Brunswick,2016A000213,Cash receipts from farm products,Dollars,81,thousands,3,v8655,5.4,13599,,,t,0
1930,New Brunswick,2016A000213,Operating expenses and depreciation charges,Dollars,81,thousands,3,v8658,5.7,12274,,,t,0
1930,Quebec,2016A000224,Income-in-kind,Dollars,81,thousands,3,v8669,6.5,36803,,,,0
1930,Quebec,2016A000224,Realized net income,Dollars,81,thousands,3,v8672,6.8,61572,,,,0
1930,Quebec,2016A000224,"Gross income, total",Dollars,81,thousands,3,v8665,6.1,128882,,,t,0
1930,Quebec,2016A000224,Value of inventory change,Dollars,81,thousands,3,v8666,6.2,457,,,,0
1930,Quebec,2016A000224,"Net income, total",Dollars,81,thousands,3,v8673,6.9,62029,,,,0
1930,Quebec,2016A000224,Realized gross income,Dollars,81,thousands,3,v8667,6.3,128425,,,t,0
1930,Quebec,2016A000224,Cash receipts from farm products,Dollars,81,thousands,3,v8668,6.4,91622,,,t,0
1930,Quebec,2016A000224,Operating expenses and depreciation charges,Dollars,81,thousands,3,v8671,6.7,66853,,,t,0
1930,Ontario,2016A000235,Income-in-kind,Dollars,81,thousands,3,v8682,7.5,43497,,,,0
1930,Ontario,2016A000235,Realized net income,Dollars,81,thousands,3,v8685,7.8,100796,,,,0
1930,Ontario,2016A000235,"Gross income, total",Dollars,81,thousands,3,v8678,7.1,270278,,,t,0
1930,Ontario,2016A000235,Value of inventory change,Dollars,81,thousands,3,v8679,7.2,13310,,,,0
1930,Ontario,2016A000235,"Net income, total",Dollars,81,thousands,3,v8686,7.9,114106,,,,0
1930,Ontario,2016A000235,Realized gross income,Dollars,81,thousands,3,v8680,7.3,256968,,,t,0
1930,Ontario,2016A000235,Cash receipts from farm products,Dollars,81,thousands,3,v8681,7.4,213471,,,t,0
1930,Ontario,2016A000235,Operating expenses and depreciation charges,Dollars,81,thousands,3,v8684,7.7,156172,,,t,0
1930,Manitoba,2016A000246,Income-in-kind,Dollars,81,thousands,3,v8695,8.5,9409,,,,0
1930,Manitoba,2016A000246,Realized net income,Dollars,81,thousands,3,v8698,8.8,7849,,,,0
1930,Manitoba,2016A000246,"Gross income, total",Dollars,81,thousands,3,v8691,8.1,70224,,,t,0
1930,Manitoba,2016A000246,Value of inventory change,Dollars,81,thousands,3,v8692,8.2,13488,,,,0
1930,Manitoba,2016A000246,"Net income, total",Dollars,81,thousands,3,v8699,8.9,21337,,,,0
1930,Manitoba,2016A000246,Realized gross income,Dollars,81,thousands,3,v8693,8.3,56736,,,t,0
1930,Manitoba,2016A000246,Cash receipts from farm products,Dollars,81,thousands,3,v8694,8.4,47327,,,t,0
1930,Manitoba,2016A000246,Operating expenses and depreciation charges,Dollars,81,thousands,3,v8697,8.7,48887,,,t,0
1930,Saskatchewan,2016A000247,Income-in-kind,Dollars,81,thousands,3,v8708,9.5,19830,,,,0
1930,Saskatchewan,2016A000247,Realized net income,Dollars,81,thousands,3,v8711,9.8,5955,,,,0
1930,Saskatchewan,2016A000247,"Gross income, total",Dollars,81,thousands,3,v8704,9.1,170345,,,t,0
1930,Saskatchewan,2016A000247,Value of inventory change,Dollars,81,thousands,3,v8705,9.2,26529,,,,0
1930,Saskatchewan,2016A000247,"Net income, total",Dollars,81,thousands,3,v8712,9.9,32484,,,,0
1930,Saskatchewan,2016A000247,Realized gross income,Dollars,81,thousands,3,v8706,9.3,143816,,,t,0
1930,Saskatchewan,2016A000247,Cash receipts from farm products,Dollars,81,thousands,3,v8707,9.4,123986,,,t,0
1930,Saskatchewan,2016A000247,Operating expenses and depreciation charges,Dollars,81,thousands,3,v8710,9.7,137861,,,t,0
1930,Alberta,2016A000248,Income-in-kind,Dollars,81,thousands,3,v8721,10.5,12792,,,,0
1930,Alberta,2016A000248,Realized net income,Dollars,81,thousands,3,v8724,10.8,19206,,,,0
1930,Alberta,2016A000248,"Gross income, total",Dollars,81,thousands,3,v8717,10.1,140548,,,t,0
1930,Alberta,2016A000248,Value of inventory change,Dollars,81,thousands,3,v8718,10.2,30997,,,,0
1930,Alberta,2016A000248,"Net income, total",Dollars,81,thousands,3,v8725,10.9,50203,,,,0
1930,Alberta,2016A000248,Realized gross income,Dollars,81,thousands,3,v8719,10.3,109551,,,t,0
1930,Alberta,2016A000248,Cash receipts from farm products,Dollars,81,thousands,3,v8720,10.4,96759,,,t,0
1930,Alberta,2016A000248,Operating expenses and depreciation charges,Dollars,81,thousands,3,v8723,10.7,90345,,,t,0
1930,British Columbia,2016A000259,Income-in-kind,Dollars,81,thousands,3,v8734,11.5,5444,,,,0
1930,British Columbia,2016A000259,Realized net income,Dollars,81,thousands,3,v8737,11.8,16995,,,,0
1930,British Columbia,2016A000259,"Gross income, total",Dollars,81,thousands,3,v8730,11.1,34298,,,t,0
1930,British Columbia,2016A000259,Value of inventory change,Dollars,81,thousands,3,v8731,11.2,-1380,,,,0
1930,British Columbia,2016A000259,"Net income, total",Dollars,81,thousands,3,v8738,11.9,15615,,,,0
1930,British Columbia,2016A000259,Realized gross income,Dollars,81,thousands,3,v8732,11.3,35678,,,t,0
1930,British Columbia,2016A000259,Cash receipts from farm products,Dollars,81,thousands,3,v8733,11.4,30234,,,t,0
1930,British Columbia,2016A000259,Operating expenses and depreciation charges,Dollars,81,thousands,3,v8736,11.7,18683,,,t,0
1931,Canada,2016A000011124,Income-in-kind,Dollars,81,thousands,3,v8617,1.5,108618,,,,0
1931,Canada,2016A000011124,Realized net income,Dollars,81,thousands,3,v8620,1.8,121290,,,,0
1931,Canada,2016A000011124,"Gross income, total",Dollars,81,thousands,3,v8613,1.1,561081,,,t,0
1931,Canada,2016A000011124,Value of inventory change,Dollars,81,thousands,3,v8614,1.2,-19450,,,,0
1931,Canada,2016A000011124,"Net income, total",Dollars,81,thousands,3,v8621,1.9,101840,,,,0
1931,Canada,2016A000011124,Realized gross income,Dollars,81,thousands,3,v8615,1.3,580531,,,t,0
1931,Canada,2016A000011124,Cash receipts from farm products,Dollars,81,thousands,3,v8616,1.4,471913,,,t,0
1931,Canada,2016A000011124,Operating expenses and depreciation charges,Dollars,81,thousands,3,v8619,1.7,459241,,,t,0
1931,Prince Edward Island,2016A000211,Income-in-kind,Dollars,81,thousands,3,v8630,3.5,1785,,,,0
1931,Prince Edward Island,2016A000211,Realized net income,Dollars,81,thousands,3,v8633,3.8,1855,,,,0
1931,Prince Edward Island,2016A000211,"Gross income, total",Dollars,81,thousands,3,v8626,3.1,6917,,,t,0
1931,Prince Edward Island,2016A000211,Value of inventory change,Dollars,81,thousands,3,v8627,3.2,-116,,,,0
1931,Prince Edward Island,2016A000211,"Net income, total",Dollars,81,thousands,3,v8634,3.9,1739,,,,0
1931,Prince Edward Island,2016A000211,Realized gross income,Dollars,81,thousands,3,v8628,3.3,7033,,,t,0
1931,Prince Edward Island,2016A000211,Cash receipts from farm products,Dollars,81,thousands,3,v8629,3.4,5248,,,t,0
1931,Prince Edward Island,2016A000211,Operating expenses and depreciation charges,Dollars,81,thousands,3,v8632,3.7,5178,,,t,0
1931,Nova Scotia,2016A000212,Income-in-kind,Dollars,81,thousands,3,v8643,4.5,5959,,,,0
1931,Nova Scotia,2016A000212,Realized net income,Dollars,81,thousands,3,v8646,4.8,8398,,,,0
1931,Nova Scotia,2016A000212,"Gross income, total",Dollars,81,thousands,3,v8639,4.1,18839,,,t,0
1931,Nova Scotia,2016A000212,Value of inventory change,Dollars,81,thousands,3,v8640,4.2,7,,,,0
1931,Nova Scotia,2016A000212,"Net income, total",Dollars,81,thousands,3,v8647,4.9,8405,,,,0
1931,Nova Scotia,2016A000212,Realized gross income,Dollars,81,thousands,3,v8641,4.3,18832,,,t,0
1931,Nova Scotia,2016A000212,Cash receipts from farm products,Dollars,81,thousands,3,v8642,4.4,12873,,,t,0
1931,Nova Scotia,2016A000212,Supplementary payments,Dollars,81,thousands,3,v8644,4.6,0,,,t,0
1931,Nova Scotia,2016A000212,Operating expenses and depreciation charges,Dollars,81,thousands,3,v8645,4.7,10434,,,t,0
1931,New Brunswick,2016A000213,Income-in-kind,Dollars,81,thousands,3,v8656,5.5,6309,,,,0
1931,New Brunswick,2016A000213,Realized net income,Dollars,81,thousands,3,v8659,5.8,5990,,,,0
1931,New Brunswick,2016A000213,"Gross income, total",Dollars,81,thousands,3,v8652,5.1,16387,,,t,0
1931,New Brunswick,2016A000213,Value of inventory change,Dollars,81,thousands,3,v8653,5.2,121,,,,0
1931,New Brunswick,2016A000213,"Net income, total",Dollars,81,thousands,3,v8660,5.9,6111,,,,0
1931,New Brunswick,2016A000213,Realized gross income,Dollars,81,thousands,3,v8654,5.3,16266,,,t,0
1931,New Brunswick,2016A000213,Cash receipts from farm products,Dollars,81,thousands,3,v8655,5.4,9957,,,t,0
1931,New Brunswick,2016A000213,Operating expenses and depreciation charges,Dollars,81,thousands,3,v8658,5.7,10276,,,t,0
1931,Quebec,2016A000224,Income-in-kind,Dollars,81,thousands,3,v8669,6.5,27908,,,,0
1931,Quebec,2016A000224,Realized net income,Dollars,81,thousands,3,v8672,6.8,44798,,,,0
1931,Quebec,2016A000224,"Gross income, total",Dollars,81,thousands,3,v8665,6.1,101592,,,t,0
1931,Quebec,2016A000224,Value of inventory change,Dollars,81,thousands,3,v8666,6.2,-380,,,,0
1931,Quebec,2016A000224,"Net income, total",Dollars,81,thousands,3,v8673,6.9,44418,,,,0
1931,Quebec,2016A000224,Realized gross income,Dollars,81,thousands,3,v8667,6.3,101972,,,t,0
1931,Quebec,2016A000224,Cash receipts from farm products,Dollars,81,thousands,3,v8668,6.4,74064,,,t,0
1931,Quebec,2016A000224,Operating expenses and depreciation charges,Dollars,81,thousands,3,v8671,6.7,57174,,,t,0
1931,Ontario,2016A000235,Income-in-kind,Dollars,81,thousands,3,v8682,7.5,33620,,,,0
1931,Ontario,2016A000235,Realized net income,Dollars,81,thousands,3,v8685,7.8,71600,,,,0
1931,Ontario,2016A000235,"Gross income, total",Dollars,81,thousands,3,v8678,7.1,200570,,,t,0
1931,Ontario,2016A000235,Value of inventory change,Dollars,81,thousands,3,v8679,7.2,-4054,,,,0
1931,Ontario,2016A000235,"Net income, total",Dollars,81,thousands,3,v8686,7.9,67546,,,,0
1931,Ontario,2016A000235,Realized gross income,Dollars,81,thousands,3,v8680,7.3,204624,,,t,0
1931,Ontario,2016A000235,Cash receipts from farm products,Dollars,81,thousands,3,v8681,7.4,171004,,,t,0
1931,Ontario,2016A000235,Operating expenses and depreciation charges,Dollars,81,thousands,3,v8684,7.7,133024,,,t,0
1931,Manitoba,2016A000246,Income-in-kind,Dollars,81,thousands,3,v8695,8.5,6523,,,,0
1931,Manitoba,2016A000246,Realized net income,Dollars,81,thousands,3,v8698,8.8,33,,,,0
1931,Manitoba,2016A000246,"Gross income, total",Dollars,81,thousands,3,v8691,8.1,29803,,,t,0
1931,Manitoba,2016A000246,Value of inventory change,Dollars,81,thousands,3,v8692,8.2,-7940,,,,0
1931,Manitoba,2016A000246,"Net income, total",Dollars,81,thousands,3,v8699,8.9,-7907,,,,0
1931,Manitoba,2016A000246,Realized gross income,Dollars,81,thousands,3,v8693,8.3,37743,,,t,0
1931,Manitoba,2016A000246,Cash receipts from farm products,Dollars,81,thousands,3,v8694,8.4,31220,,,t,0
1931,Manitoba,2016A000246,Operating expenses and depreciation charges,Dollars,81,thousands,3,v8697,8.7,37710,,,t,0
1931,Saskatchewan,2016A000247,Income-in-kind,Dollars,81,thousands,3,v8708,9.5,13349,,,,0
1931,Saskatchewan,2016A000247,Realized net income,Dollars,81,thousands,3,v8711,9.8,-25353,,,,0
1931,Saskatchewan,2016A000247,"Gross income, total",Dollars,81,thousands,3,v8704,9.1,75355,,,t,0
1931,Saskatchewan,2016A000247,Value of inventory change,Dollars,81,thousands,3,v8705,9.2,-10867,,,,0
1931,Saskatchewan,2016A000247,"Net income, total",Dollars,81,thousands,3,v8712,9.9,-36220,,,,0
1931,Saskatchewan,2016A000247,Realized gross income,Dollars,81,thousands,3,v8706,9.3,86222,,,t,0
1931,Saskatchewan,2016A000247,Cash receipts from farm products,Dollars,81,thousands,3,v8707,9.4,72873,,,t,0
1931,Saskatchewan,2016A000247,Operating expenses and depreciation charges,Dollars,81,thousands,3,v8710,9.7,111575,,,t,0
1931,Alberta,2016A000248,Income-in-kind,Dollars,81,thousands,3,v8721,10.5,9049,,,,0
1931,Alberta,2016A000248,Realized net income,Dollars,81,thousands,3,v8724,10.8,4092,,,,0
1931,Alberta,2016A000248,"Gross income, total",Dollars,81,thousands,3,v8717,10.1,86214,,,t,0
1931,Alberta,2016A000248,Value of inventory change,Dollars,81,thousands,3,v8718,10.2,4333,,,,0
1931,Alberta,2016A000248,"Net income, total",Dollars,81,thousands,3,v8725,10.9,8425,,,,0
1931,Alberta,2016A000248,Realized gross income,Dollars,81,thousands,3,v8719,10.3,81881,,,t,0
1931,Alberta,2016A000248,Cash receipts from farm products,Dollars,81,thousands,3,v8720,10.4,72832,,,t,0
1931,Alberta,2016A000248,Operating expenses and depreciation charges,Dollars,81,thousands,3,v8723,10.7,77789,,,t,0
1931,British Columbia,2016A000259,Income-in-kind,Dollars,81,thousands,3,v8734,11.5,4116,,,,0
1931,British Columbia,2016A000259,Realized net income,Dollars,81,thousands,3,v8737,11.8,9877,,,,0
1931,British Columbia,2016A000259,"Gross income, total",Dollars,81,thousands,3,v8730,11.1,25404,,,t,0
1931,British Columbia,2016A000259,Value of inventory change,Dollars,81,thousands,3,v8731,11.2,-554,,,,0
1931,British Columbia,2016A000259,"Net income, total",Dollars,81,thousands,3,v8738,11.9,9323,,,,0
1931,British Columbia,2016A000259,Realized gross income,Dollars,81,thousands,3,v8732,11.3,25958,,,t,0
1931,British Columbia,2016A000259,Cash receipts from farm products,Dollars,81,thousands,3,v8733,11.4,21842,,,t,0
1931,British Columbia,2016A000259,Operating expenses and depreciation charges,Dollars,81,thousands,3,v8736,11.7,16081,,,t,0
1932,Canada,2016A000011124,Income-in-kind,Dollars,81,thousands,3,v8617,1.5,85981,,,,0
1932,Canada,2016A000011124,Realized net income,Dollars,81,thousands,3,v8620,1.8,81578,,,,0
1932,Canada,2016A000011124,"Gross income, total",Dollars,81,thousands,3,v8613,1.1,515385,,,t,0
1932,Canada,2016A000011124,Value of inventory change,Dollars,81,thousands,3,v8614,1.2,20359,,,,0
1932,Canada,2016A000011124,"Net income, total",Dollars,81,thousands,3,v8621,1.9,101937,,,,0
1932,Canada,2016A000011124,Realized gross income,Dollars,81,thousands,3,v8615,1.3,495026,,,t,0
1932,Canada,2016A000011124,Cash receipts from farm products,Dollars,81,thousands,3,v8616,1.4,409045,,,t,0
1932,Canada,2016A000011124,Operating expenses and depreciation charges,Dollars,81,thousands,3,v8619,1.7,413448,,,t,0
1932,Prince Edward Island,2016A000211,Income-in-kind,Dollars,81,thousands,3,v8630,3.5,1437,,,,0
1932,Prince Edward Island,2016A000211,Realized net income,Dollars,81,thousands,3,v8633,3.8,1151,,,,0
1932,Prince Edward Island,2016A000211,"Gross income, total",Dollars,81,thousands,3,v8626,3.1,5164,,,t,0
1932,Prince Edward Island,2016A000211,Value of inventory change,Dollars,81,thousands,3,v8627,3.2,108,,,,0
1932,Prince Edward Island,2016A000211,"Net income, total",Dollars,81,thousands,3,v8634,3.9,1259,,,,0
1932,Prince Edward Island,2016A000211,Realized gross income,Dollars,81,thousands,3,v8628,3.3,5056,,,t,0
1932,Prince Edward Island,2016A000211,Cash receipts from farm products,Dollars,81,thousands,3,v8629,3.4,3619,,,t,0
1932,Prince Edward Island,2016A000211,Operating expenses and depreciation charges,Dollars,81,thousands,3,v8632,3.7,3905,,,t,0
1932,Nova Scotia,2016A000212,Income-in-kind,Dollars,81,thousands,3,v8643,4.5,4903,,,,0
1932,Nova Scotia,2016A000212,Realized net income,Dollars,81,thousands,3,v8646,4.8,6454,,,,0
1932,Nova Scotia,2016A000212,"Gross income, total",Dollars,81,thousands,3,v8639,4.1,15300,,,t,0
1932,Nova Scotia,2016A000212,Value of inventory change,Dollars,81,thousands,3,v8640,4.2,32,,,,0
1932,Nova Scotia,2016A000212,"Net income, total",Dollars,81,thousands,3,v8647,4.9,6486,,,,0
1932,Nova Scotia,2016A000212,Realized gross income,Dollars,81,thousands,3,v8641,4.3,15268,,,t,0
1932,Nova Scotia,2016A000212,Cash receipts from farm products,Dollars,81,thousands,3,v8642,4.4,10365,,,t,0
1932,Nova Scotia,2016A000212,Supplementary payments,Dollars,81,thousands,3,v8644,4.6,0,,,t,0
1932,Nova Scotia,2016A000212,Operating expenses and depreciation charges,Dollars,81,thousands,3,v8645,4.7,8814,,,t,0
1932,New Brunswick,2016A000213,Income-in-kind,Dollars,81,thousands,3,v8656,5.5,4962,,,,0
1932,New Brunswick,2016A000213,Realized net income,Dollars,81,thousands,3,v8659,5.8,4062,,,,0
1932,New Brunswick,2016A000213,"Gross income, total",Dollars,81,thousands,3,v8652,5.1,12987,,,t,0
1932,New Brunswick,2016A000213,Value of inventory change,Dollars,81,thousands,3,v8653,5.2,609,,,,0
1932,New Brunswick,2016A000213,"Net income, total",Dollars,81,thousands,3,v8660,5.9,4671,,,,0
1932,New Brunswick,2016A000213,Realized gross income,Dollars,81,thousands,3,v8654,5.3,12378,,,t,0
1932,New Brunswick,2016A000213,Cash receipts from farm products,Dollars,81,thousands,3,v8655,5.4,7416,,,t,0
1932,New Brunswick,2016A000213,Operating expenses and depreciation charges,Dollars,81,thousands,3,v8658,5.7,8316,,,t,0
1932,Quebec,2016A000224,Income-in-kind,Dollars,81,thousands,3,v8669,6.5,22630,,,,0
1932,Quebec,2016A000224,Realized net income,Dollars,81,thousands,3,v8672,6.8,31501,,,,0
1932,Quebec,2016A000224,"Gross income, total",Dollars,81,thousands,3,v8665,6.1,80732,,,t,0
1932,Quebec,2016A000224,Value of inventory change,Dollars,81,thousands,3,v8666,6.2,-549,,,,0
1932,Quebec,2016A000224,"Net income, total",Dollars,81,thousands,3,v8673,6.9,30952,,,,0
1932,Quebec,2016A000224,Realized gross income,Dollars,81,thousands,3,v8667,6.3,81281,,,t,0
1932,Quebec,2016A000224,Cash receipts from farm products,Dollars,81,thousands,3,v8668,6.4,58651,,,t,0
1932,Quebec,2016A000224,Operating expenses and depreciation charges,Dollars,81,thousands,3,v8671,6.7,49780,,,t,0
1932,Ontario,2016A000235,Income-in-kind,Dollars,81,thousands,3,v8682,7.5,24764,,,,0
1932,Ontario,2016A000235,Realized net income,Dollars,81,thousands,3,v8685,7.8,42512,,,,0
1932,Ontario,2016A000235,"Gross income, total",Dollars,81,thousands,3,v8678,7.1,154040,,,t,0
1932,Ontario,2016A000235,Value of inventory change,Dollars,81,thousands,3,v8679,7.2,-2196,,,,0
1932,Ontario,2016A000235,"Net income, total",Dollars,81,thousands,3,v8686,7.9,40316,,,,0
1932,Ontario,2016A000235,Realized gross income,Dollars,81,thousands,3,v8680,7.3,156236,,,t,0
1932,Ontario,2016A000235,Cash receipts from farm products,Dollars,81,thousands,3,v8681,7.4,131472,,,t,0
1932,Ontario,2016A000235,Operating expenses and depreciation charges,Dollars,81,thousands,3,v8684,7.7,113724,,,t,0
1932,Manitoba,2016A000246,Income-in-kind,Dollars,81,thousands,3,v8695,8.5,5504,,,,0
1932,Manitoba,2016A000246,Realized net income,Dollars,81,thousands,3,v8698,8.8,-695,,,,0
1932,Manitoba,2016A000246,"Gross income, total",Dollars,81,thousands,3,v8691,8.1,39935,,,t,0
1932,Manitoba,2016A000246,Value of inventory change,Dollars,81,thousands,3,v8692,8.2,5570,,,,0
1932,Manitoba,2016A000246,"Net income, total",Dollars,81,thousands,3,v8699,8.9,4875,,,,0
1932,Manitoba,2016A000246,Realized gross income,Dollars,81,thousands,3,v8693,8.3,34365,,,t,0
1932,Manitoba,2016A000246,Cash receipts from farm products,Dollars,81,thousands,3,v8694,8.4,28861,,,t,0
1932,Manitoba,2016A000246,Operating expenses and depreciation charges,Dollars,81,thousands,3,v8697,8.7,35060,,,t,0
1932,Saskatchewan,2016A000247,Income-in-kind,Dollars,81,thousands,3,v8708,9.5,10776,,,,0
1932,Saskatchewan,2016A000247,Realized net income,Dollars,81,thousands,3,v8711,9.8,-16962,,,,0
1932,Saskatchewan,2016A000247,"Gross income, total",Dollars,81,thousands,3,v8704,9.1,101775,,,t,0
1932,Saskatchewan,2016A000247,Value of inventory change,Dollars,81,thousands,3,v8705,9.2,11324,,,,0
1932,Saskatchewan,2016A000247,"Net income, total",Dollars,81,thousands,3,v8712,9.9,-5638,,,,0
1932,Saskatchewan,2016A000247,Realized gross income,Dollars,81,thousands,3,v8706,9.3,90451,,,t,0
1932,Saskatchewan,2016A000247,Cash receipts from farm products,Dollars,81,thousands,3,v8707,9.4,79675,,,t,0
1932,Saskatchewan,2016A000247,Operating expenses and depreciation charges,Dollars,81,thousands,3,v8710,9.7,107413,,,t,0
1932,Alberta,2016A000248,Income-in-kind,Dollars,81,thousands,3,v8721,10.5,7618,,,,0
1932,Alberta,2016A000248,Realized net income,Dollars,81,thousands,3,v8724,10.8,5832,,,,0
1932,Alberta,2016A000248,"Gross income, total",Dollars,81,thousands,3,v8717,10.1,83806,,,t,0
1932,Alberta,2016A000248,Value of inventory change,Dollars,81,thousands,3,v8718,10.2,5276,,,,0
1932,Alberta,2016A000248,"Net income, total",Dollars,81,thousands,3,v8725,10.9,11108,,,,0
1932,Alberta,2016A000248,Realized gross income,Dollars,81,thousands,3,v8719,10.3,78530,,,t,0
1932,Alberta,2016A000248,Cash receipts from farm products,Dollars,81,thousands,3,v8720,10.4,70912,,,t,0
1932,Alberta,2016A000248,Operating expenses and depreciation charges,Dollars,81,thousands,3,v8723,10.7,72698,,,t,0
1932,British Columbia,2016A000259,Income-in-kind,Dollars,81,thousands,3,v8734,11.5,3387,,,,0
1932,British Columbia,2016A000259,Realized net income,Dollars,81,thousands,3,v8737,11.8,7723,,,,0
1932,British Columbia,2016A000259,"Gross income, total",Dollars,81,thousands,3,v8730,11.1,21646,,,t,0
1932,British Columbia,2016A000259,Value of inventory change,Dollars,81,thousands,3,v8731,11.2,185,,,,0
1932,British Columbia,2016A000259,"Net income, total",Dollars,81,thousands,3,v8738,11.9,7908,,,,0
1932,British Columbia,2016A000259,Realized gross income,Dollars,81,thousands,3,v8732,11.3,21461,,,t,0
1932,British Columbia,2016A000259,Cash receipts from farm products,Dollars,81,thousands,3,v8733,11.4,18074,,,t,0
1932,British Columbia,2016A000259,Operating expenses and depreciation charges,Dollars,81,thousands,3,v8736,11.7,13738,,,t,0
1933,Canada,2016A000011124,Income-in-kind,Dollars,81,thousands,3,v8617,1.5,92404,,,,0
1933,Canada,2016A000011124,Realized net income,Dollars,81,thousands,3,v8620,1.8,114874,,,,0
1933,Canada,2016A000011124,"Gross income, total",Dollars,81,thousands,3,v8613,1.1,478630,,,t,0
1933,Canada,2016A000011124,Value of inventory change,Dollars,81,thousands,3,v8614,1.2,-33417,,,,0
1933,Canada,2016A000011124,"Net income, total",Dollars,81,thousands,3,v8621,1.9,81457,,,,0
1933,Canada,2016A000011124,Realized gross income,Dollars,81,thousands,3,v8615,1.3,512047,,,t,0
1933,Canada,2016A000011124,Cash receipts from farm products,Dollars,81,thousands,3,v8616,1.4,419643,,,t,0
1933,Canada,2016A000011124,Operating expenses and depreciation charges,Dollars,81,thousands,3,v8619,1.7,397173,,,t,0
1933,Prince Edward Island,2016A000211,Income-in-kind,Dollars,81,thousands,3,v8630,3.5,1568,,,,0
1933,Prince Edward Island,2016A000211,Realized net income,Dollars,81,thousands,3,v8633,3.8,1855,,,,0
1933,Prince Edward Island,2016A000211,"Gross income, total",Dollars,81,thousands,3,v8626,3.1,5561,,,t,0
1933,Prince Edward Island,2016A000211,Value of inventory change,Dollars,81,thousands,3,v8627,3.2,-120,,,,0
1933,Prince Edward Island,2016A000211,"Net income, total",Dollars,81,thousands,3,v8634,3.9,1735,,,,0
1933,Prince Edward Island,2016A000211,Realized gross income,Dollars,81,thousands,3,v8628,3.3,5681,,,t,0
1933,Prince Edward Island,2016A000211,Cash receipts from farm products,Dollars,81,thousands,3,v8629,3.4,4113,,,t,0
1933,Prince Edward Island,2016A000211,Operating expenses and depreciation charges,Dollars,81,thousands,3,v8632,3.7,3826,,,t,0
1933,Nova Scotia,2016A000212,Income-in-kind,Dollars,81,thousands,3,v8643,4.5,5137,,,,0
1933,Nova Scotia,2016A000212,Realized net income,Dollars,81,thousands,3,v8646,4.8,9549,,,,0
1933,Nova Scotia,2016A000212,"Gross income, total",Dollars,81,thousands,3,v8639,4.1,17912,,,t,0
1933,Nova Scotia,2016A000212,Value of inventory change,Dollars,81,thousands,3,v8640,4.2,-35,,,,0
1933,Nova Scotia,2016A000212,"Net income, total",Dollars,81,thousands,3,v8647,4.9,9514,,,,0
1933,Nova Scotia,2016A000212,Realized gross income,Dollars,81,thousands,3,v8641,4.3,17947,,,t,0
1933,Nova Scotia,2016A000212,Cash receipts from farm products,Dollars,81,thousands,3,v8642,4.4,12810,,,t,0
1933,Nova Scotia,2016A000212,Supplementary payments,Dollars,81,thousands,3,v8644,4.6,0,,,t,0
1933,Nova Scotia,2016A000212,Operating expenses and depreciation charges,Dollars,81,thousands,3,v8645,4.7,8398,,,t,0
1933,New Brunswick,2016A000213,Income-in-kind,Dollars,81,thousands,3,v8656,5.5,5269,,,,0
1933,New Brunswick,2016A000213,Realized net income,Dollars,81,thousands,3,v8659,5.8,5005,,,,0
1933,New Brunswick,2016A000213,"Gross income, total",Dollars,81,thousands,3,v8652,5.1,13116,,,t,0
1933,New Brunswick,2016A000213,Value of inventory change,Dollars,81,thousands,3,v8653,5.2,-119,,,,0
1933,New Brunswick,2016A000213,"Net income, total",Dollars,81,thousands,3,v8660,5.9,4886,,,,0
1933,New Brunswick,2016A000213,Realized gross income,Dollars,81,thousands,3,v8654,5.3,13235,,,t,0
1933,New Brunswick,2016A000213,Cash receipts from farm products,Dollars,81,thousands,3,v8655,5.4,7966,,,t,0
1933,New Brunswick,2016A000213,Operating expenses and depreciation charges,Dollars,81,thousands,3,v8658,5.7,8230,,,t,0
1933,Quebec,2016A000224,Income-in-kind,Dollars,81,thousands,3,v8669,6.5,23460,,,,0
1933,Quebec,2016A000224,Realized net income,Dollars,81,thousands,3,v8672,6.8,32888,,,,0
1933,Quebec,2016A000224,"Gross income, total",Dollars,81,thousands,3,v8665,6.1,78447,,,t,0
1933,Quebec,2016A000224,Value of inventory change,Dollars,81,thousands,3,v8666,6.2,-2122,,,,0
1933,Quebec,2016A000224,"Net income, total",Dollars,81,thousands,3,v8673,6.9,30766,,,,0
1933,Quebec,2016A000224,Realized gross income,Dollars,81,thousands,3,v8667,6.3,80569,,,t,0
1933,Quebec,2016A000224,Cash receipts from farm products,Dollars,81,thousands,3,v8668,6.4,57109,,,t,0
1933,Quebec,2016A000224,Operating expenses and depreciation charges,Dollars,81,thousands,3,v8671,6.7,47681,,,t,0
1933,Ontario,2016A000235,Income-in-kind,Dollars,81,thousands,3,v8682,7.5,26769,,,,0
1933,Ontario,2016A000235,Realized net income,Dollars,81,thousands,3,v8685,7.8,51443,,,,0
1933,Ontario,2016A000235,"Gross income, total",Dollars,81,thousands,3,v8678,7.1,151347,,,t,0
1933,Ontario,2016A000235,Value of inventory change,Dollars,81,thousands,3,v8679,7.2,-11323,,,,0
1933,Ontario,2016A000235,"Net income, total",Dollars,81,thousands,3,v8686,7.9,40120,,,,0
1933,Ontario,2016A000235,Realized gross income,Dollars,81,thousands,3,v8680,7.3,162670,,,t,0
1933,Ontario,2016A000235,Cash receipts from farm products,Dollars,81,thousands,3,v8681,7.4,135901,,,t,0
1933,Ontario,2016A000235,Operating expenses and depreciation charges,Dollars,81,thousands,3,v8684,7.7,111227,,,t,0
1933,Manitoba,2016A000246,Income-in-kind,Dollars,81,thousands,3,v8695,8.5,6013,,,,0
1933,Manitoba,2016A000246,Realized net income,Dollars,81,thousands,3,v8698,8.8,4376,,,,0
1933,Manitoba,2016A000246,"Gross income, total",Dollars,81,thousands,3,v8691,8.1,33360,,,t,0
1933,Manitoba,2016A000246,Value of inventory change,Dollars,81,thousands,3,v8692,8.2,-4906,,,,0
1933,Manitoba,2016A000246,"Net income, total",Dollars,81,thousands,3,v8699,8.9,-530,,,,0
1933,Manitoba,2016A000246,Realized gross income,Dollars,81,thousands,3,v8693,8.3,38266,,,t,0
1933,Manitoba,2016A000246,Cash receipts from farm products,Dollars,81,thousands,3,v8694,8.4,32253,,,t,0
1933,Manitoba,2016A000246,Operating expenses and depreciation charges,Dollars,81,thousands,3,v8697,8.7,33890,,,t,0
1933,Saskatchewan,2016A000247,Income-in-kind,Dollars,81,thousands,3,v8708,9.5,11994,,,,0
1933,Saskatchewan,2016A000247,Realized net income,Dollars,81,thousands,3,v8711,9.8,-9818,,,,0
1933,Saskatchewan,2016A000247,"Gross income, total",Dollars,81,thousands,3,v8704,9.1,82162,,,t,0
1933,Saskatchewan,2016A000247,Value of inventory change,Dollars,81,thousands,3,v8705,9.2,-8860,,,,0
1933,Saskatchewan,2016A000247,"Net income, total",Dollars,81,thousands,3,v8712,9.9,-18678,,,,0
1933,Saskatchewan,2016A000247,Realized gross income,Dollars,81,thousands,3,v8706,9.3,91022,,,t,0
1933,Saskatchewan,2016A000247,Cash receipts from farm products,Dollars,81,thousands,3,v8707,9.4,79028,,,t,0
1933,Saskatchewan,2016A000247,Operating expenses and depreciation charges,Dollars,81,thousands,3,v8710,9.7,100840,,,t,0
1933,Alberta,2016A000248,Income-in-kind,Dollars,81,thousands,3,v8721,10.5,8465,,,,0
1933,Alberta,2016A000248,Realized net income,Dollars,81,thousands,3,v8724,10.8,10032,,,,0
1933,Alberta,2016A000248,"Gross income, total",Dollars,81,thousands,3,v8717,10.1,71996,,,t,0
1933,Alberta,2016A000248,Value of inventory change,Dollars,81,thousands,3,v8718,10.2,-7809,,,,0
1933,Alberta,2016A000248,"Net income, total",Dollars,81,thousands,3,v8725,10.9,2223,,,,0
1933,Alberta,2016A000248,Realized gross income,Dollars,81,thousands,3,v8719,10.3,79805,,,t,0
1933,Alberta,2016A000248,Cash receipts from farm products,Dollars,81,thousands,3,v8720,10.4,71340,,,t,0
1933,Alberta,2016A000248,Operating expenses and depreciation charges,Dollars,81,thousands,3,v8723,10.7,69773,,,t,0
1933,British Columbia,2016A000259,Income-in-kind,Dollars,81,thousands,3,v8734,11.5,3729,,,,0
1933,British Columbia,2016A000259,Realized net income,Dollars,81,thousands,3,v8737,11.8,9544,,,,0
1933,British Columbia,2016A000259,"Gross income, total",Dollars,81,thousands,3,v8730,11.1,24729,,,t,0
1933,British Columbia,2016A000259,Value of inventory change,Dollars,81,thousands,3,v8731,11.2,1877,,,,0
1933,British Columbia,2016A000259,"Net income, total",Dollars,81,thousands,3,v8738,11.9,11421,,,,0
1933,British Columbia,2016A000259,Realized gross income,Dollars,81,thousands,3,v8732,11.3,22852,,,t,0
1933,British Columbia,2016A000259,Cash receipts from farm products,Dollars,81,thousands,3,v8733,11.4,19123,,,t,0
1933,British Columbia,2016A000259,Operating expenses and depreciation charges,Dollars,81,thousands,3,v8736,11.7,13308,,,t,0
1934,Canada,2016A000011124,Income-in-kind,Dollars,81,thousands,3,v8617,1.5,99241,,,,0
1934,Canada,2016A000011124,Realized net income,Dollars,81,thousands,3,v8620,1.8,182069,,,,0
1934,Canada,2016A000011124,"Gross income, total",Dollars,81,thousands,3,v8613,1.1,595171,,,t,0
1934,Canada,2016A000011124,Value of inventory change,Dollars,81,thousands,3,v8614,1.2,-7304,,,,0
1934,Canada,2016A000011124,"Net income, total",Dollars,81,thousands,3,v8621,1.9,174765,,,,0
1934,Canada,2016A000011124,Realized gross income,Dollars,81,thousands,3,v8615,1.3,602475,,,t,0
1934,Canada,2016A000011124,Cash receipts from farm products,Dollars,81,thousands,3,v8616,1.4,503234,,,t,0
1934,Canada,2016A000011124,Operating expenses and depreciation charges,Dollars,81,thousands,3,v8619,1.7,420406,,,t,0
1934,Prince Edward Island,2016A000211,Income-in-kind,Dollars,81,thousands,3,v8630,3.5,1615,,,,0
1934,Prince Edward Island,2016A000211,Realized net income,Dollars,81,thousands,3,v8633,3.8,2311,,,,0
1934,Prince Edward Island,2016A000211,"Gross income, total",Dollars,81,thousands,3,v8626,3.1,6285,,,t,0
1934,Prince Edward Island,2016A000211,Value of inventory change,Dollars,81,thousands,3,v8627,3.2,-207,,,,0
1934,Prince Edward Island,2016A000211,"Net income, total",Dollars,81,thousands,3,v8634,3.9,2104,,,,0
1934,Prince Edward Island,2016A000211,Realized gross income,Dollars,81,thousands,3,v8628,3.3,6492,,,t,0
1934,Prince Edward Island,2016A000211,Cash receipts from farm products,Dollars,81,thousands,3,v8629,3.4,4877,,,t,0
1934,Prince Edward Island,2016A000211,Operating expenses and depreciation charges,Dollars,81,thousands,3,v8632,3.7,4181,,,t,0
1934,Nova Scotia,2016A000212,Income-in-kind,Dollars,81,thousands,3,v8643,4.5,5185,,,,0
1934,Nova Scotia,2016A000212,Realized net income,Dollars,81,thousands,3,v8646,4.8,9684,,,,0
1934,Nova Scotia,2016A000212,"Gross income, total",Dollars,81,thousands,3,v8639,4.1,18396,,,t,0
1934,Nova Scotia,2016A000212,Value of inventory change,Dollars,81,thousands,3,v8640,4.2,-200,,,,0
1934,Nova Scotia,2016A000212,"Net income, total",Dollars,81,thousands,3,v8647,4.9,9484,,,,0
1934,Nova Scotia,2016A000212,Realized gross income,Dollars,81,thousands,3,v8641,4.3,18596,,,t,0
1934,Nova Scotia,2016A000212,Cash receipts from farm products,Dollars,81,thousands,3,v8642,4.4,13411,,,t,0
1934,Nova Scotia,2016A000212,Supplementary payments,Dollars,81,thousands,3,v8644,4.6,0,,,t,0
1934,Nova Scotia,2016A000212,Operating expenses and depreciation charges,Dollars,81,thousands,3,v8645,4.7,8912,,,t,0
1934,New Brunswick,2016A000213,Income-in-kind,Dollars,81,thousands,3,v8656,5.5,5316,,,,0
1934,New Brunswick,2016A000213,Realized net income,Dollars,81,thousands,3,v8659,5.8,6375,,,,0
1934,New Brunswick,2016A000213,"Gross income, total",Dollars,81,thousands,3,v8652,5.1,14433,,,t,0
1934,New Brunswick,2016A000213,Value of inventory change,Dollars,81,thousands,3,v8653,5.2,-452,,,,0
1934,New Brunswick,2016A000213,"Net income, total",Dollars,81,thousands,3,v8660,5.9,5923,,,,0
1934,New Brunswick,2016A000213,Realized gross income,Dollars,81,thousands,3,v8654,5.3,14885,,,t,0
1934,New Brunswick,2016A000213,Cash receipts from farm products,Dollars,81,thousands,3,v8655,5.4,9569,,,t,0
1934,New Brunswick,2016A000213,Operating expenses and depreciation charges,Dollars,81,thousands,3,v8658,5.7,8510,,,t,0
1934,Quebec,2016A000224,Income-in-kind,Dollars,81,thousands,3,v8669,6.5,25153,,,,0
1934,Quebec,2016A000224,Realized net income,Dollars,81,thousands,3,v8672,6.8,41213,,,,0
1934,Quebec,2016A000224,"Gross income, total",Dollars,81,thousands,3,v8665,6.1,93671,,,t,0
1934,Quebec,2016A000224,Value of inventory change,Dollars,81,thousands,3,v8666,6.2,1010,,,,0
1934,Quebec,2016A000224,"Net income, total",Dollars,81,thousands,3,v8673,6.9,42223,,,,0
1934,Quebec,2016A000224,Realized gross income,Dollars,81,thousands,3,v8667,6.3,92661,,,t,0
1934,Quebec,2016A000224,Cash receipts from farm products,Dollars,81,thousands,3,v8668,6.4,67508,,,t,0
1934,Quebec,2016A000224,Operating expenses and depreciation charges,Dollars,81,thousands,3,v8671,6.7,51448,,,t,0
1934,Ontario,2016A000235,Income-in-kind,Dollars,81,thousands,3,v8682,7.5,29048,,,,0
1934,Ontario,2016A000235,Realized net income,Dollars,81,thousands,3,v8685,7.8,61552,,,,0
1934,Ontario,2016A000235,"Gross income, total",Dollars,81,thousands,3,v8678,7.1,185498,,,t,0
1934,Ontario,2016A000235,Value of inventory change,Dollars,81,thousands,3,v8679,7.2,6528,,,,0
1934,Ontario,2016A000235,"Net income, total",Dollars,81,thousands,3,v8686,7.9,68080,,,,0
1934,Ontario,2016A000235,Realized gross income,Dollars,81,thousands,3,v8680,7.3,178970,,,t,0
1934,Ontario,2016A000235,Cash receipts from farm products,Dollars,81,thousands,3,v8681,7.4,149922,,,t,0
1934,Ontario,2016A000235,Operating expenses and depreciation charges,Dollars,81,thousands,3,v8684,7.7,117418,,,t,0
1934,Manitoba,2016A000246,Income-in-kind,Dollars,81,thousands,3,v8695,8.5,6630,,,,0
1934,Manitoba,2016A000246,Realized net income,Dollars,81,thousands,3,v8698,8.8,13452,,,,0
1934,Manitoba,2016A000246,"Gross income, total",Dollars,81,thousands,3,v8691,8.1,47660,,,t,0
1934,Manitoba,2016A000246,Value of inventory change,Dollars,81,thousands,3,v8692,8.2,-2187,,,,0
1934,Manitoba,2016A000246,"Net income, total",Dollars,81,thousands,3,v8699,8.9,11265,,,,0
1934,Manitoba,2016A000246,Realized gross income,Dollars,81,thousands,3,v8693,8.3,49847,,,t,0
1934,Manitoba,2016A000246,Cash receipts from farm products,Dollars,81,thousands,3,v8694,8.4,43217,,,t,0
1934,Manitoba,2016A000246,Operating expenses and depreciation charges,Dollars,81,thousands,3,v8697,8.7,36395,,,t,0
1934,Saskatchewan,2016A000247,Income-in-kind,Dollars,81,thousands,3,v8708,9.5,13098,,,,0
1934,Saskatchewan,2016A000247,Realized net income,Dollars,81,thousands,3,v8711,9.8,3807,,,,0
1934,Saskatchewan,2016A000247,"Gross income, total",Dollars,81,thousands,3,v8704,9.1,98819,,,t,0
1934,Saskatchewan,2016A000247,Value of inventory change,Dollars,81,thousands,3,v8705,9.2,-9987,,,,0
1934,Saskatchewan,2016A000247,"Net income, total",Dollars,81,thousands,3,v8712,9.9,-6180,,,,0
1934,Saskatchewan,2016A000247,Realized gross income,Dollars,81,thousands,3,v8706,9.3,108806,,,t,0
1934,Saskatchewan,2016A000247,Cash receipts from farm products,Dollars,81,thousands,3,v8707,9.4,95708,,,t,0
1934,Saskatchewan,2016A000247,Operating expenses and depreciation charges,Dollars,81,thousands,3,v8710,9.7,104999,,,t,0
1934,Alberta,2016A000248,Income-in-kind,Dollars,81,thousands,3,v8721,10.5,9401,,,,0
1934,Alberta,2016A000248,Realized net income,Dollars,81,thousands,3,v8724,10.8,32160,,,,0
1934,Alberta,2016A000248,"Gross income, total",Dollars,81,thousands,3,v8717,10.1,104911,,,t,0
1934,Alberta,2016A000248,Value of inventory change,Dollars,81,thousands,3,v8718,10.2,-1504,,,,0
1934,Alberta,2016A000248,"Net income, total",Dollars,81,thousands,3,v8725,10.9,30656,,,,0
1934,Alberta,2016A000248,Realized gross income,Dollars,81,thousands,3,v8719,10.3,106415,,,t,0
1934,Alberta,2016A000248,Cash receipts from farm products,Dollars,81,thousands,3,v8720,10.4,97014,,,t,0
1934,Alberta,2016A000248,Operating expenses and depreciation charges,Dollars,81,thousands,3,v8723,10.7,74255,,,t,0
1934,British Columbia,2016A000259,Income-in-kind,Dollars,81,thousands,3,v8734,11.5,3795,,,,0
1934,British Columbia,2016A000259,Realized net income,Dollars,81,thousands,3,v8737,11.8,11515,,,,0
1934,British Columbia,2016A000259,"Gross income, total",Dollars,81,thousands,3,v8730,11.1,25498,,,t,0
1934,British Columbia,2016A000259,Value of inventory change,Dollars,81,thousands,3,v8731,11.2,-305,,,,0
1934,British Columbia,2016A000259,"Net income, total",Dollars,81,thousands,3,v8738,11.9,11210,,,,0
1934,British Columbia,2016A000259,Realized gross income,Dollars,81,thousands,3,v8732,11.3,25803,,,t,0
1934,British Columbia,2016A000259,Cash receipts from farm products,Dollars,81,thousands,3,v8733,11.4,22008,,,t,0
1934,British Columbia,2016A000259,Operating expenses and depreciation charges,Dollars,81,thousands,3,v8736,11.7,14288,,,t,0
1935,Canada,2016A000011124,Income-in-kind,Dollars,81,thousands,3,v8617,1.5,102135,,,,0
1935,Canada,2016A000011124,Realized net income,Dollars,81,thousands,3,v8620,1.8,204130,,,,0
1935,Canada,2016A000011124,"Gross income, total",Dollars,81,thousands,3,v8613,1.1,638444,,,t,0
1935,Canada,2016A000011124,Value of inventory change,Dollars,81,thousands,3,v8614,1.2,3726,,,,0
1935,Canada,2016A000011124,"Net income, total",Dollars,81,thousands,3,v8621,1.9,207856,,,,0
1935,Canada,2016A000011124,Realized gross income,Dollars,81,thousands,3,v8615,1.3,634718,,,t,0
1935,Canada,2016A000011124,Cash receipts from farm products,Dollars,81,thousands,3,v8616,1.4,532583,,,t,0
1935,Canada,2016A000011124,Operating expenses and depreciation charges,Dollars,81,thousands,3,v8619,1.7,430588,,,t,0
1935,Prince Edward Island,2016A000211,Income-in-kind,Dollars,81,thousands,3,v8630,3.5,1671,,,,0
1935,Prince Edward Island,2016A000211,Realized net income,Dollars,81,thousands,3,v8633,3.8,2811,,,,0
1935,Prince Edward Island,2016A000211,"Gross income, total",Dollars,81,thousands,3,v8626,3.1,6953,,,t,0
1935,Prince Edward Island,2016A000211,Value of inventory change,Dollars,81,thousands,3,v8627,3.2,46,,,,0
1935,Prince Edward Island,2016A000211,"Net income, total",Dollars,81,thousands,3,v8634,3.9,2857,,,,0
1935,Prince Edward Island,2016A000211,Realized gross income,Dollars,81,thousands,3,v8628,3.3,6907,,,t,0
1935,Prince Edward Island,2016A000211,Cash receipts from farm products,Dollars,81,thousands,3,v8629,3.4,5236,,,t,0
1935,Prince Edward Island,2016A000211,Operating expenses and depreciation charges,Dollars,81,thousands,3,v8632,3.7,4096,,,t,0
1935,Nova Scotia,2016A000212,Income-in-kind,Dollars,81,thousands,3,v8643,4.5,5289,,,,0
1935,Nova Scotia,2016A000212,Realized net income,Dollars,81,thousands,3,v8646,4.8,11487,,,,0
1935,Nova Scotia,2016A000212,"Gross income, total",Dollars,81,thousands,3,v8639,4.1,20235,,,t,0
1935,Nova Scotia,2016A000212,Value of inventory change,Dollars,81,thousands,3,v8640,4.2,-411,,,,0
1935,Nova Scotia,2016A000212,"Net income, total",Dollars,81,thousands,3,v8647,4.9,11076,,,,0
1935,Nova Scotia,2016A000212,Realized gross income,Dollars,81,thousands,3,v8641,4.3,20646,,,t,0
1935,Nova Scotia,2016A000212,Cash receipts from farm products,Dollars,81,thousands,3,v8642,4.4,15357,,,t,0
1935,Nova Scotia,2016A000212,Supplementary payments,Dollars,81,thousands,3,v8644,4.6,0,,,t,0
1935,Nova Scotia,2016A000212,Operating expenses and depreciation charges,Dollars,81,thousands,3,v8645,4.7,9159,,,t,0
1935,New Brunswick,2016A000213,Income-in-kind,Dollars,81,thousands,3,v8656,5.5,5602,,,,0
1935,New Brunswick,2016A000213,Realized net income,Dollars,81,thousands,3,v8659,5.8,8016,,,,0
1935,New Brunswick,2016A000213,"Gross income, total",Dollars,81,thousands,3,v8652,5.1,16142,,,t,0
1935,New Brunswick,2016A000213,Value of inventory change,Dollars,81,thousands,3,v8653,5.2,-467,,,,0
1935,New Brunswick,2016A000213,"Net income, total",Dollars,81,thousands,3,v8660,5.9,7549,,,,0
1935,New Brunswick,2016A000213,Realized gross income,Dollars,81,thousands,3,v8654,5.3,16609,,,t,0
1935,New Brunswick,2016A000213,Cash receipts from farm products,Dollars,81,thousands,3,v8655,5.4,11007,,,t,0
1935,New Brunswick,2016A000213,Operating expenses and depreciation charges,Dollars,81,thousands,3,v8658,5.7,8593,,,t,0
1935,Quebec,2016A000224,Income-in-kind,Dollars,81,thousands,3,v8669,6.5,25533,,,,0
1935,Quebec,2016A000224,Realized net income,Dollars,81,thousands,3,v8672,6.8,44140,,,,0
1935,Quebec,2016A000224,"Gross income, total",Dollars,81,thousands,3,v8665,6.1,97127,,,t,0
1935,Quebec,2016A000224,Value of inventory change,Dollars,81,thousands,3,v8666,6.2,115,,,,0
1935,Quebec,2016A000224,"Net income, total",Dollars,81,thousands,3,v8673,6.9,44255,,,,0
1935,Quebec,2016A000224,Realized gross income,Dollars,81,thousands,3,v8667,6.3,97012,,,t,0
1935,Quebec,2016A000224,Cash receipts from farm products,Dollars,81,thousands,3,v8668,6.4,71479,,,t,0
1935,Quebec,2016A000224,Operating expenses and depreciation charges,Dollars,81,thousands,3,v8671,6.7,52872,,,t,0
1935,Ontario,2016A000235,Income-in-kind,Dollars,81,thousands,3,v8682,7.5,28316,,,,0
1935,Ontario,2016A000235,Realized net income,Dollars,81,thousands,3,v8685,7.8,68461,,,,0
1935,Ontario,2016A000235,"Gross income, total",Dollars,81,thousands,3,v8678,7.1,194080,,,t,0
1935,Ontario,2016A000235,Value of inventory change,Dollars,81,thousands,3,v8679,7.2,4867,,,,0
1935,Ontario,2016A000235,"Net income, total",Dollars,81,thousands,3,v8686,7.9,73328,,,,0
1935,Ontario,2016A000235,Realized gross income,Dollars,81,thousands,3,v8680,7.3,189213,,,t,0
1935,Ontario,2016A000235,Cash receipts from farm products,Dollars,81,thousands,3,v8681,7.4,160897,,,t,0
1935,Ontario,2016A000235,Operating expenses and depreciation charges,Dollars,81,thousands,3,v8684,7.7,120752,,,t,0
1935,Manitoba,2016A000246,Income-in-kind,Dollars,81,thousands,3,v8695,8.5,7044,,,,0
1935,Manitoba,2016A000246,Realized net income,Dollars,81,thousands,3,v8698,8.8,7530,,,,0
1935,Manitoba,2016A000246,"Gross income, total",Dollars,81,thousands,3,v8691,8.1,42847,,,t,0
1935,Manitoba,2016A000246,Value of inventory change,Dollars,81,thousands,3,v8692,8.2,-437,,,,0
1935,Manitoba,2016A000246,"Net income, total",Dollars,81,thousands,3,v8699,8.9,7093,,,,0
1935,Manitoba,2016A000246,Realized gross income,Dollars,81,thousands,3,v8693,8.3,43284,,,t,0
1935,Manitoba,2016A000246,Cash receipts from farm products,Dollars,81,thousands,3,v8694,8.4,36240,,,t,0
1935,Manitoba,2016A000246,Operating expenses and depreciation charges,Dollars,81,thousands,3,v8697,8.7,35754,,,t,0
1935,Saskatchewan,2016A000247,Income-in-kind,Dollars,81,thousands,3,v8708,9.5,14529,,,,0
1935,Saskatchewan,2016A000247,Realized net income,Dollars,81,thousands,3,v8711,9.8,14508,,,,0
1935,Saskatchewan,2016A000247,"Gross income, total",Dollars,81,thousands,3,v8704,9.1,133040,,,t,0
1935,Saskatchewan,2016A000247,Value of inventory change,Dollars,81,thousands,3,v8705,9.2,8464,,,,0
1935,Saskatchewan,2016A000247,"Net income, total",Dollars,81,thousands,3,v8712,9.9,22972,,,,0
1935,Saskatchewan,2016A000247,Realized gross income,Dollars,81,thousands,3,v8706,9.3,124576,,,t,0
1935,Saskatchewan,2016A000247,Cash receipts from farm products,Dollars,81,thousands,3,v8707,9.4,110047,,,t,0
1935,Saskatchewan,2016A000247,Operating expenses and depreciation charges,Dollars,81,thousands,3,v8710,9.7,110068,,,t,0
1935,Alberta,2016A000248,Income-in-kind,Dollars,81,thousands,3,v8721,10.5,10206,,,,0
1935,Alberta,2016A000248,Realized net income,Dollars,81,thousands,3,v8724,10.8,34752,,,,0
1935,Alberta,2016A000248,"Gross income, total",Dollars,81,thousands,3,v8717,10.1,100224,,,t,0
1935,Alberta,2016A000248,Value of inventory change,Dollars,81,thousands,3,v8718,10.2,-9258,,,,0
1935,Alberta,2016A000248,"Net income, total",Dollars,81,thousands,3,v8725,10.9,25494,,,,0
1935,Alberta,2016A000248,Realized gross income,Dollars,81,thousands,3,v8719,10.3,109482,,,t,0
1935,Alberta,2016A000248,Cash receipts from farm products,Dollars,81,thousands,3,v8720,10.4,99276,,,t,0
1935,Alberta,2016A000248,Operating expenses and depreciation charges,Dollars,81,thousands,3,v8723,10.7,74730,,,t,0
1935,British Columbia,2016A000259,Income-in-kind,Dollars,81,thousands,3,v8734,11.5,3945,,,,0
1935,British Columbia,2016A000259,Realized net income,Dollars,81,thousands,3,v8737,11.8,12425,,,,0
1935,British Columbia,2016A000259,"Gross income, total",Dollars,81,thousands,3,v8730,11.1,27796,,,t,0
1935,British Columbia,2016A000259,Value of inventory change,Dollars,81,thousands,3,v8731,11.2,807,,,,0
1935,British Columbia,2016A000259,"Net income, total",Dollars,81,thousands,3,v8738,11.9,13232,,,,0
1935,British Columbia,2016A000259,Realized gross income,Dollars,81,thousands,3,v8732,11.3,26989,,,t,0
1935,British Columbia,2016A000259,Cash receipts from farm products,Dollars,81,thousands,3,v8733,11.4,23044,,,t,0
1935,British Columbia,2016A000259,Operating expenses and depreciation charges,Dollars,81,thousands,3,v8736,11.7,14564,,,t,0
1936,Canada,2016A000011124,Income-in-kind,Dollars,81,thousands,3,v8617,1.5,112396,,,,0
1936,Canada,2016A000011124,Realized net income,Dollars,81,thousands,3,v8620,1.8,258254,,,,0
1936,Canada,2016A000011124,"Gross income, total",Dollars,81,thousands,3,v8613,1.1,657156,,,t,0
1936,Canada,2016A000011124,Value of inventory change,Dollars,81,thousands,3,v8614,1.2,-42522,,,,0
1936,Canada,2016A000011124,"Net income, total",Dollars,81,thousands,3,v8621,1.9,215732,,,,0
1936,Canada,2016A000011124,Realized gross income,Dollars,81,thousands,3,v8615,1.3,699678,,,t,0
1936,Canada,2016A000011124,Cash receipts from farm products,Dollars,81,thousands,3,v8616,1.4,587282,,,t,0
1936,Canada,2016A000011124,Operating expenses and depreciation charges,Dollars,81,thousands,3,v8619,1.7,441424,,,t,0
1936,Prince Edward Island,2016A000211,Income-in-kind,Dollars,81,thousands,3,v8630,3.5,1839,,,,0
1936,Prince Edward Island,2016A000211,Realized net income,Dollars,81,thousands,3,v8633,3.8,4283,,,,0
1936,Prince Edward Island,2016A000211,"Gross income, total",Dollars,81,thousands,3,v8626,3.1,8465,,,t,0
1936,Prince Edward Island,2016A000211,Value of inventory change,Dollars,81,thousands,3,v8627,3.2,-58,,,,0
1936,Prince Edward Island,2016A000211,"Net income, total",Dollars,81,thousands,3,v8634,3.9,4225,,,,0
1936,Prince Edward Island,2016A000211,Realized gross income,Dollars,81,thousands,3,v8628,3.3,8523,,,t,0
1936,Prince Edward Island,2016A000211,Cash receipts from farm products,Dollars,81,thousands,3,v8629,3.4,6684,,,t,0
1936,Prince Edward Island,2016A000211,Operating expenses and depreciation charges,Dollars,81,thousands,3,v8632,3.7,4240,,,t,0
1936,Nova Scotia,2016A000212,Income-in-kind,Dollars,81,thousands,3,v8643,4.5,5843,,,,0
1936,Nova Scotia,2016A000212,Realized net income,Dollars,81,thousands,3,v8646,4.8,11391,,,,0
1936,Nova Scotia,2016A000212,"Gross income, total",Dollars,81,thousands,3,v8639,4.1,21549,,,t,0
1936,Nova Scotia,2016A000212,Value of inventory change,Dollars,81,thousands,3,v8640,4.2,128,,,,0
1936,Nova Scotia,2016A000212,"Net income, total",Dollars,81,thousands,3,v8647,4.9,11519,,,,0
1936,Nova Scotia,2016A000212,Realized gross income,Dollars,81,thousands,3,v8641,4.3,21421,,,t,0
1936,Nova Scotia,2016A000212,Cash receipts from farm products,Dollars,81,thousands,3,v8642,4.4,15578,,,t,0
1936,Nova Scotia,2016A000212,Supplementary payments,Dollars,81,thousands,3,v8644,4.6,0,,,t,0
1936,Nova Scotia,2016A000212,Operating expenses and depreciation charges,Dollars,81,thousands,3,v8645,4.7,10030,,,t,0
1936,New Brunswick,2016A000213,Income-in-kind,Dollars,81,thousands,3,v8656,5.5,5889,,,,0
1936,New Brunswick,2016A000213,Realized net income,Dollars,81,thousands,3,v8659,5.8,9243,,,,0
1936,New Brunswick,2016A000213,"Gross income, total",Dollars,81,thousands,3,v8652,5.1,18613,,,t,0
1936,New Brunswick,2016A000213,Value of inventory change,Dollars,81,thousands,3,v8653,5.2,162,,,,0
1936,New Brunswick,2016A000213,"Net income, total",Dollars,81,thousands,3,v8660,5.9,9405,,,,0
1936,New Brunswick,2016A000213,Realized gross income,Dollars,81,thousands,3,v8654,5.3,18451,,,t,0
1936,New Brunswick,2016A000213,Cash receipts from farm products,Dollars,81,thousands,3,v8655,5.4,12562,,,t,0
1936,New Brunswick,2016A000213,Operating expenses and depreciation charges,Dollars,81,thousands,3,v8658,5.7,9208,,,t,0
1936,Quebec,2016A000224,Income-in-kind,Dollars,81,thousands,3,v8669,6.5,28086,,,,0
1936,Quebec,2016A000224,Realized net income,Dollars,81,thousands,3,v8672,6.8,54127,,,,0
1936,Quebec,2016A000224,"Gross income, total",Dollars,81,thousands,3,v8665,6.1,110337,,,t,0
1936,Quebec,2016A000224,Value of inventory change,Dollars,81,thousands,3,v8666,6.2,1863,,,,0
1936,Quebec,2016A000224,"Net income, total",Dollars,81,thousands,3,v8673,6.9,55990,,,,0
1936,Quebec,2016A000224,Realized gross income,Dollars,81,thousands,3,v8667,6.3,108474,,,t,0
1936,Quebec,2016A000224,Cash receipts from farm products,Dollars,81,thousands,3,v8668,6.4,80388,,,t,0
1936,Quebec,2016A000224,Operating expenses and depreciation charges,Dollars,81,thousands,3,v8671,6.7,54347,,,t,0
1936,Ontario,2016A000235,Income-in-kind,Dollars,81,thousands,3,v8682,7.5,32006,,,,0
1936,Ontario,2016A000235,Realized net income,Dollars,81,thousands,3,v8685,7.8,81628,,,,0
1936,Ontario,2016A000235,"Gross income, total",Dollars,81,thousands,3,v8678,7.1,198831,,,t,0
1936,Ontario,2016A000235,Value of inventory change,Dollars,81,thousands,3,v8679,7.2,-9707,,,,0
1936,Ontario,2016A000235,"Net income, total",Dollars,81,thousands,3,v8686,7.9,71921,,,,0
1936,Ontario,2016A000235,Realized gross income,Dollars,81,thousands,3,v8680,7.3,208538,,,t,0
1936,Ontario,2016A000235,Cash receipts from farm products,Dollars,81,thousands,3,v8681,7.4,176532,,,t,0
1936,Ontario,2016A000235,Operating expenses and depreciation charges,Dollars,81,thousands,3,v8684,7.7,126910,,,t,0
1936,Manitoba,2016A000246,Income-in-kind,Dollars,81,thousands,3,v8695,8.5,7697,,,,0
1936,Manitoba,2016A000246,Realized net income,Dollars,81,thousands,3,v8698,8.8,18358,,,,0
1936,Manitoba,2016A000246,"Gross income, total",Dollars,81,thousands,3,v8691,8.1,52481,,,t,0
1936,Manitoba,2016A000246,Value of inventory change,Dollars,81,thousands,3,v8692,8.2,-2617,,,,0
1936,Manitoba,2016A000246,"Net income, total",Dollars,81,thousands,3,v8699,8.9,15741,,,,0
1936,Manitoba,2016A000246,Realized gross income,Dollars,81,thousands,3,v8693,8.3,55098,,,t,0
1936,Manitoba,2016A000246,Cash receipts from farm products,Dollars,81,thousands,3,v8694,8.4,47401,,,t,0
1936,Manitoba,2016A000246,Operating expenses and depreciation charges,Dollars,81,thousands,3,v8697,8.7,36740,,,t,0
1936,Saskatchewan,2016A000247,Income-in-kind,Dollars,81,thousands,3,v8708,9.5,15624,,,,0
1936,Saskatchewan,2016A000247,Realized net income,Dollars,81,thousands,3,v8711,9.8,33531,,,,0
1936,Saskatchewan,2016A000247,"Gross income, total",Dollars,81,thousands,3,v8704,9.1,123879,,,t,0
1936,Saskatchewan,2016A000247,Value of inventory change,Dollars,81,thousands,3,v8705,9.2,-19291,,,,0
1936,Saskatchewan,2016A000247,"Net income, total",Dollars,81,thousands,3,v8712,9.9,14240,,,,0
1936,Saskatchewan,2016A000247,Realized gross income,Dollars,81,thousands,3,v8706,9.3,143170,,,t,0
1936,Saskatchewan,2016A000247,Cash receipts from farm products,Dollars,81,thousands,3,v8707,9.4,127546,,,t,0
1936,Saskatchewan,2016A000247,Operating expenses and depreciation charges,Dollars,81,thousands,3,v8710,9.7,109639,,,t,0
1936,Alberta,2016A000248,Income-in-kind,Dollars,81,thousands,3,v8721,10.5,11123,,,,0
1936,Alberta,2016A000248,Realized net income,Dollars,81,thousands,3,v8724,10.8,31408,,,,0
1936,Alberta,2016A000248,"Gross income, total",Dollars,81,thousands,3,v8717,10.1,92763,,,t,0
1936,Alberta,2016A000248,Value of inventory change,Dollars,81,thousands,3,v8718,10.2,-13761,,,,0
1936,Alberta,2016A000248,"Net income, total",Dollars,81,thousands,3,v8725,10.9,17647,,,,0
1936,Alberta,2016A000248,Realized gross income,Dollars,81,thousands,3,v8719,10.3,106524,,,t,0
1936,Alberta,2016A000248,Cash receipts from farm products,Dollars,81,thousands,3,v8720,10.4,95401,,,t,0
1936,Alberta,2016A000248,Operating expenses and depreciation charges,Dollars,81,thousands,3,v8723,10.7,75116,,,t,0
1936,British Columbia,2016A000259,Income-in-kind,Dollars,81,thousands,3,v8734,11.5,4289,,,,0
1936,British Columbia,2016A000259,Realized net income,Dollars,81,thousands,3,v8737,11.8,14285,,,,0
1936,British Columbia,2016A000259,"Gross income, total",Dollars,81,thousands,3,v8730,11.1,30238,,,t,0
1936,British Columbia,2016A000259,Value of inventory change,Dollars,81,thousands,3,v8731,11.2,759,,,,0
1936,British Columbia,2016A000259,"Net income, total",Dollars,81,thousands,3,v8738,11.9,15044,,,,0
1936,British Columbia,2016A000259,Realized gross income,Dollars,81,thousands,3,v8732,11.3,29479,,,t,0
1936,British Columbia,2016A000259,Cash receipts from farm products,Dollars,81,thousands,3,v8733,11.4,25190,,,t,0
1936,British Columbia,2016A000259,Operating expenses and depreciation charges,Dollars,81,thousands,3,v8736,11.7,15194,,,t,0
1937,Canada,2016A000011124,Income-in-kind,Dollars,81,thousands,3,v8617,1.5,114478,,,,0
1937,Canada,2016A000011124,Realized net income,Dollars,81,thousands,3,v8620,1.8,288005,,,,0
1937,Canada,2016A000011124,"Gross income, total",Dollars,81,thousands,3,v8613,1.1,742114,,,t,0
1937,Canada,2016A000011124,Value of inventory change,Dollars,81,thousands,3,v8614,1.2,-10820,,,,0
1937,Canada,2016A000011124,"Net income, total",Dollars,81,thousands,3,v8621,1.9,277185,,,,0
1937,Canada,2016A000011124,Realized gross income,Dollars,81,thousands,3,v8615,1.3,752934,,,t,0
1937,Canada,2016A000011124,Cash receipts from farm products,Dollars,81,thousands,3,v8616,1.4,638456,,,t,0
1937,Canada,2016A000011124,Operating expenses and depreciation charges,Dollars,81,thousands,3,v8619,1.7,464929,,,t,0
1937,Prince Edward Island,2016A000211,Income-in-kind,Dollars,81,thousands,3,v8630,3.5,1889,,,,0
1937,Prince Edward Island,2016A000211,Realized net income,Dollars,81,thousands,3,v8633,3.8,3555,,,,0
1937,Prince Edward Island,2016A000211,"Gross income, total",Dollars,81,thousands,3,v8626,3.1,8608,,,t,0
1937,Prince Edward Island,2016A000211,Value of inventory change,Dollars,81,thousands,3,v8627,3.2,318,,,,0
1937,Prince Edward Island,2016A000211,"Net income, total",Dollars,81,thousands,3,v8634,3.9,3873,,,,0
1937,Prince Edward Island,2016A000211,Realized gross income,Dollars,81,thousands,3,v8628,3.3,8290,,,t,0
1937,Prince Edward Island,2016A000211,Cash receipts from farm products,Dollars,81,thousands,3,v8629,3.4,6401,,,t,0
1937,Prince Edward Island,2016A000211,Operating expenses and depreciation charges,Dollars,81,thousands,3,v8632,3.7,4735,,,t,0
1937,Nova Scotia,2016A000212,Income-in-kind,Dollars,81,thousands,3,v8643,4.5,5711,,,,0
1937,Nova Scotia,2016A000212,Realized net income,Dollars,81,thousands,3,v8646,4.8,13206,,,,0
1937,Nova Scotia,2016A000212,"Gross income, total",Dollars,81,thousands,3,v8639,4.1,24592,,,t,0
1937,Nova Scotia,2016A000212,Value of inventory change,Dollars,81,thousands,3,v8640,4.2,685,,,,0
1937,Nova Scotia,2016A000212,"Net income, total",Dollars,81,thousands,3,v8647,4.9,13891,,,,0
1937,Nova Scotia,2016A000212,Realized gross income,Dollars,81,thousands,3,v8641,4.3,23907,,,t,0
1937,Nova Scotia,2016A000212,Cash receipts from farm products,Dollars,81,thousands,3,v8642,4.4,18196,,,t,0
1937,Nova Scotia,2016A000212,Supplementary payments,Dollars,81,thousands,3,v8644,4.6,0,,,t,0
1937,Nova Scotia,2016A000212,Operating expenses and depreciation charges,Dollars,81,thousands,3,v8645,4.7,10701,,,t,0
1937,New Brunswick,2016A000213,Income-in-kind,Dollars,81,thousands,3,v8656,5.5,5960,,,,0
1937,New Brunswick,2016A000213,Realized net income,Dollars,81,thousands,3,v8659,5.8,9223,,,,0
1937,New Brunswick,2016A000213,"Gross income, total",Dollars,81,thousands,3,v8652,5.1,19753,,,t,0
1937,New Brunswick,2016A000213,Value of inventory change,Dollars,81,thousands,3,v8653,5.2,348,,,,0
1937,New Brunswick,2016A000213,"Net income, total",Dollars,81,thousands,3,v8660,5.9,9571,,,,0
1937,New Brunswick,2016A000213,Realized gross income,Dollars,81,thousands,3,v8654,5.3,19405,,,t,0
1937,New Brunswick,2016A000213,Cash receipts from farm products,Dollars,81,thousands,3,v8655,5.4,13445,,,t,0
1937,New Brunswick,2016A000213,Operating expenses and depreciation charges,Dollars,81,thousands,3,v8658,5.7,10182,,,t,0
1937,Quebec,2016A000224,Income-in-kind,Dollars,81,thousands,3,v8669,6.5,28358,,,,0
1937,Quebec,2016A000224,Realized net income,Dollars,81,thousands,3,v8672,6.8,55226,,,,0
1937,Quebec,2016A000224,"Gross income, total",Dollars,81,thousands,3,v8665,6.1,121792,,,t,0
1937,Quebec,2016A000224,Value of inventory change,Dollars,81,thousands,3,v8666,6.2,4621,,,,0
1937,Quebec,2016A000224,"Net income, total",Dollars,81,thousands,3,v8673,6.9,59847,,,,0
1937,Quebec,2016A000224,Realized gross income,Dollars,81,thousands,3,v8667,6.3,117171,,,t,0
1937,Quebec,2016A000224,Cash receipts from farm products,Dollars,81,thousands,3,v8668,6.4,88813,,,t,0
1937,Quebec,2016A000224,Operating expenses and depreciation charges,Dollars,81,thousands,3,v8671,6.7,61945,,,t,0
1937,Ontario,2016A000235,Income-in-kind,Dollars,81,thousands,3,v8682,7.5,31317,,,,0
1937,Ontario,2016A000235,Realized net income,Dollars,81,thousands,3,v8685,7.8,92216,,,,0
1937,Ontario,2016A000235,"Gross income, total",Dollars,81,thousands,3,v8678,7.1,239383,,,t,0
1937,Ontario,2016A000235,Value of inventory change,Dollars,81,thousands,3,v8679,7.2,6154,,,,0
1937,Ontario,2016A000235,"Net income, total",Dollars,81,thousands,3,v8686,7.9,98370,,,,0
1937,Ontario,2016A000235,Realized gross income,Dollars,81,thousands,3,v8680,7.3,233229,,,t,0
1937,Ontario,2016A000235,Cash receipts from farm products,Dollars,81,thousands,3,v8681,7.4,201912,,,t,0
1937,Ontario,2016A000235,Operating expenses and depreciation charges,Dollars,81,thousands,3,v8684,7.7,141013,,,t,0
1937,Manitoba,2016A000246,Income-in-kind,Dollars,81,thousands,3,v8695,8.5,8450,,,,0
1937,Manitoba,2016A000246,Realized net income,Dollars,81,thousands,3,v8698,8.8,40352,,,,0
1937,Manitoba,2016A000246,"Gross income, total",Dollars,81,thousands,3,v8691,8.1,98123,,,t,0
1937,Manitoba,2016A000246,Value of inventory change,Dollars,81,thousands,3,v8692,8.2,15077,,,,0
1937,Manitoba,2016A000246,"Net income, total",Dollars,81,thousands,3,v8699,8.9,55429,,,,0
1937,Manitoba,2016A000246,Realized gross income,Dollars,81,thousands,3,v8693,8.3,83046,,,t,0
1937,Manitoba,2016A000246,Cash receipts from farm products,Dollars,81,thousands,3,v8694,8.4,74596,,,t,0
1937,Manitoba,2016A000246,Operating expenses and depreciation charges,Dollars,81,thousands,3,v8697,8.7,42694,,,t,0
1937,Saskatchewan,2016A000247,Income-in-kind,Dollars,81,thousands,3,v8708,9.5,16308,,,,0
1937,Saskatchewan,2016A000247,Realized net income,Dollars,81,thousands,3,v8711,9.8,3737,,,,0
1937,Saskatchewan,2016A000247,"Gross income, total",Dollars,81,thousands,3,v8704,9.1,57130,,,t,0
1937,Saskatchewan,2016A000247,Value of inventory change,Dollars,81,thousands,3,v8705,9.2,-44252,,,,0
1937,Saskatchewan,2016A000247,"Net income, total",Dollars,81,thousands,3,v8712,9.9,-40515,,,,0
1937,Saskatchewan,2016A000247,Realized gross income,Dollars,81,thousands,3,v8706,9.3,101382,,,t,0
1937,Saskatchewan,2016A000247,Cash receipts from farm products,Dollars,81,thousands,3,v8707,9.4,85074,,,t,0
1937,Saskatchewan,2016A000247,Operating expenses and depreciation charges,Dollars,81,thousands,3,v8710,9.7,97645,,,t,0
1937,Alberta,2016A000248,Income-in-kind,Dollars,81,thousands,3,v8721,10.5,12052,,,,0
1937,Alberta,2016A000248,Realized net income,Dollars,81,thousands,3,v8724,10.8,54105,,,,0
1937,Alberta,2016A000248,"Gross income, total",Dollars,81,thousands,3,v8717,10.1,139476,,,t,0
1937,Alberta,2016A000248,Value of inventory change,Dollars,81,thousands,3,v8718,10.2,6371,,,,0
1937,Alberta,2016A000248,"Net income, total",Dollars,81,thousands,3,v8725,10.9,60476,,,,0
1937,Alberta,2016A000248,Realized gross income,Dollars,81,thousands,3,v8719,10.3,133105,,,t,0
1937,Alberta,2016A000248,Cash receipts from farm products,Dollars,81,thousands,3,v8720,10.4,121053,,,t,0
1937,Alberta,2016A000248,Operating expenses and depreciation charges,Dollars,81,thousands,3,v8723,10.7,79000,,,t,0
1937,British Columbia,2016A000259,Income-in-kind,Dollars,81,thousands,3,v8734,11.5,4433,,,,0
1937,British Columbia,2016A000259,Realized net income,Dollars,81,thousands,3,v8737,11.8,16385,,,,0
1937,British Columbia,2016A000259,"Gross income, total",Dollars,81,thousands,3,v8730,11.1,33257,,,t,0
1937,British Columbia,2016A000259,Value of inventory change,Dollars,81,thousands,3,v8731,11.2,-142,,,,0
1937,British Columbia,2016A000259,"Net income, total",Dollars,81,thousands,3,v8738,11.9,16243,,,,0
1937,British Columbia,2016A000259,Realized gross income,Dollars,81,thousands,3,v8732,11.3,33399,,,t,0
1937,British Columbia,2016A000259,Cash receipts from farm products,Dollars,81,thousands,3,v8733,11.4,28966,,,t,0
1937,British Columbia,2016A000259,Operating expenses and depreciation charges,Dollars,81,thousands,3,v8736,11.7,17014,,,t,0
1938,Canada,2016A000011124,Income-in-kind,Dollars,81,thousands,3,v8617,1.5,113877,,,,0
1938,Canada,2016A000011124,Realized net income,Dollars,81,thousands,3,v8620,1.8,300469,,,,0
1938,Canada,2016A000011124,"Gross income, total",Dollars,81,thousands,3,v8613,1.1,798582,,,t,0
1938,Canada,2016A000011124,Value of inventory change,Dollars,81,thousands,3,v8614,1.2,35047,,,,0
1938,Canada,2016A000011124,"Net income, total",Dollars,81,thousands,3,v8621,1.9,335516,,,,0
1938,Canada,2016A000011124,Realized gross income,Dollars,81,thousands,3,v8615,1.3,763535,,,t,0
1938,Canada,2016A000011124,Cash receipts from farm products,Dollars,81,thousands,3,v8616,1.4,649658,,,t,0
1938,Canada,2016A000011124,Operating expenses and depreciation charges,Dollars,81,thousands,3,v8619,1.7,463066,,,t,0
1938,Prince Edward Island,2016A000211,Income-in-kind,Dollars,81,thousands,3,v8630,3.5,1815,,,,0
1938,Prince Edward Island,2016A000211,Realized net income,Dollars,81,thousands,3,v8633,3.8,2763,,,,0
1938,Prince Edward Island,2016A000211,"Gross income, total",Dollars,81,thousands,3,v8626,3.1,7511,,,t,0
1938,Prince Edward Island,2016A000211,Value of inventory change,Dollars,81,thousands,3,v8627,3.2,60,,,,0
1938,Prince Edward Island,2016A000211,"Net income, total",Dollars,81,thousands,3,v8634,3.9,2823,,,,0
1938,Prince Edward Island,2016A000211,Realized gross income,Dollars,81,thousands,3,v8628,3.3,7451,,,t,0
1938,Prince Edward Island,2016A000211,Cash receipts from farm products,Dollars,81,thousands,3,v8629,3.4,5636,,,t,0
1938,Prince Edward Island,2016A000211,Operating expenses and depreciation charges,Dollars,81,thousands,3,v8632,3.7,4688,,,t,0
1938,Nova Scotia,2016A000212,Income-in-kind,Dollars,81,thousands,3,v8643,4.5,5587,,,,0
1938,Nova Scotia,2016A000212,Realized net income,Dollars,81,thousands,3,v8646,4.8,13457,,,,0
1938,Nova Scotia,2016A000212,"Gross income, total",Dollars,81,thousands,3,v8639,4.1,24052,,,t,0
1938,Nova Scotia,2016A000212,Value of inventory change,Dollars,81,thousands,3,v8640,4.2,104,,,,0
1938,Nova Scotia,2016A000212,"Net income, total",Dollars,81,thousands,3,v8647,4.9,13561,,,,0
1938,Nova Scotia,2016A000212,Realized gross income,Dollars,81,thousands,3,v8641,4.3,23948,,,t,0
1938,Nova Scotia,2016A000212,Cash receipts from farm products,Dollars,81,thousands,3,v8642,4.4,18361,,,t,0
1938,Nova Scotia,2016A000212,Supplementary payments,Dollars,81,thousands,3,v8644,4.6,0,,,t,0
1938,Nova Scotia,2016A000212,Operating expenses and depreciation charges,Dollars,81,thousands,3,v8645,4.7,10491,,,t,0
1938,New Brunswick,2016A000213,Income-in-kind,Dollars,81,thousands,3,v8656,5.5,5918,,,,0
1938,New Brunswick,2016A000213,Realized net income,Dollars,81,thousands,3,v8659,5.8,8046,,,,0
1938,New Brunswick,2016A000213,"Gross income, total",Dollars,81,thousands,3,v8652,5.1,18105,,,t,0
1938,New Brunswick,2016A000213,Value of inventory change,Dollars,81,thousands,3,v8653,5.2,-1,,,,0
1938,New Brunswick,2016A000213,"Net income, total",Dollars,81,thousands,3,v8660,5.9,8045,,,,0
1938,New Brunswick,2016A000213,Realized gross income,Dollars,81,thousands,3,v8654,5.3,18106,,,t,0
1938,New Brunswick,2016A000213,Cash receipts from farm products,Dollars,81,thousands,3,v8655,5.4,12188,,,t,0
1938,New Brunswick,2016A000213,Operating expenses and depreciation charges,Dollars,81,thousands,3,v8658,5.7,10060,,,t,0
1938,Quebec,2016A000224,Income-in-kind,Dollars,81,thousands,3,v8669,6.5,29028,,,,0
1938,Quebec,2016A000224,Realized net income,Dollars,81,thousands,3,v8672,6.8,61306,,,,0
1938,Quebec,2016A000224,"Gross income, total",Dollars,81,thousands,3,v8665,6.1,122205,,,t,0
1938,Quebec,2016A000224,Value of inventory change,Dollars,81,thousands,3,v8666,6.2,1780,,,,0
1938,Quebec,2016A000224,"Net income, total",Dollars,81,thousands,3,v8673,6.9,63086,,,,0
1938,Quebec,2016A000224,Realized gross income,Dollars,81,thousands,3,v8667,6.3,120425,,,t,0
1938,Quebec,2016A000224,Cash receipts from farm products,Dollars,81,thousands,3,v8668,6.4,91397,,,t,0
1938,Quebec,2016A000224,Operating expenses and depreciation charges,Dollars,81,thousands,3,v8671,6.7,59119,,,t,0
1938,Ontario,2016A000235,Income-in-kind,Dollars,81,thousands,3,v8682,7.5,30302,,,,0
1938,Ontario,2016A000235,Realized net income,Dollars,81,thousands,3,v8685,7.8,95347,,,,0
1938,Ontario,2016A000235,"Gross income, total",Dollars,81,thousands,3,v8678,7.1,234021,,,t,0
1938,Ontario,2016A000235,Value of inventory change,Dollars,81,thousands,3,v8679,7.2,2563,,,,0
1938,Ontario,2016A000235,"Net income, total",Dollars,81,thousands,3,v8686,7.9,97910,,,,0
1938,Ontario,2016A000235,Realized gross income,Dollars,81,thousands,3,v8680,7.3,231458,,,t,0
1938,Ontario,2016A000235,Cash receipts from farm products,Dollars,81,thousands,3,v8681,7.4,201156,,,t,0
1938,Ontario,2016A000235,Operating expenses and depreciation charges,Dollars,81,thousands,3,v8684,7.7,136111,,,t,0
1938,Manitoba,2016A000246,Income-in-kind,Dollars,81,thousands,3,v8695,8.5,8318,,,,0
1938,Manitoba,2016A000246,Realized net income,Dollars,81,thousands,3,v8698,8.8,30980,,,,0
1938,Manitoba,2016A000246,"Gross income, total",Dollars,81,thousands,3,v8691,8.1,72026,,,t,0
1938,Manitoba,2016A000246,Value of inventory change,Dollars,81,thousands,3,v8692,8.2,-565,,,,0
1938,Manitoba,2016A000246,"Net income, total",Dollars,81,thousands,3,v8699,8.9,30415,,,,0
1938,Manitoba,2016A000246,Realized gross income,Dollars,81,thousands,3,v8693,8.3,72591,,,t,0
1938,Manitoba,2016A000246,Cash receipts from farm products,Dollars,81,thousands,3,v8694,8.4,64273,,,t,0
1938,Manitoba,2016A000246,Operating expenses and depreciation charges,Dollars,81,thousands,3,v8697,8.7,41611,,,t,0
1938,Saskatchewan,2016A000247,Income-in-kind,Dollars,81,thousands,3,v8708,9.5,16443,,,,0
1938,Saskatchewan,2016A000247,Realized net income,Dollars,81,thousands,3,v8711,9.8,5738,,,,0
1938,Saskatchewan,2016A000247,"Gross income, total",Dollars,81,thousands,3,v8704,9.1,128006,,,t,0
1938,Saskatchewan,2016A000247,Value of inventory change,Dollars,81,thousands,3,v8705,9.2,19056,,,,0
1938,Saskatchewan,2016A000247,"Net income, total",Dollars,81,thousands,3,v8712,9.9,24794,,,,0
1938,Saskatchewan,2016A000247,Realized gross income,Dollars,81,thousands,3,v8706,9.3,108950,,,t,0
1938,Saskatchewan,2016A000247,Cash receipts from farm products,Dollars,81,thousands,3,v8707,9.4,92507,,,t,0
1938,Saskatchewan,2016A000247,Operating expenses and depreciation charges,Dollars,81,thousands,3,v8710,9.7,103212,,,t,0
1938,Alberta,2016A000248,Income-in-kind,Dollars,81,thousands,3,v8721,10.5,12053,,,,0
1938,Alberta,2016A000248,Realized net income,Dollars,81,thousands,3,v8724,10.8,65988,,,,0
1938,Alberta,2016A000248,"Gross income, total",Dollars,81,thousands,3,v8717,10.1,158906,,,t,0
1938,Alberta,2016A000248,Value of inventory change,Dollars,81,thousands,3,v8718,10.2,12383,,,,0
1938,Alberta,2016A000248,"Net income, total",Dollars,81,thousands,3,v8725,10.9,78371,,,,0
1938,Alberta,2016A000248,Realized gross income,Dollars,81,thousands,3,v8719,10.3,146523,,,t,0
1938,Alberta,2016A000248,Cash receipts from farm products,Dollars,81,thousands,3,v8720,10.4,134470,,,t,0
1938,Alberta,2016A000248,Operating expenses and depreciation charges,Dollars,81,thousands,3,v8723,10.7,80535,,,t,0
1938,British Columbia,2016A000259,Income-in-kind,Dollars,81,thousands,3,v8734,11.5,4413,,,,0
1938,British Columbia,2016A000259,Realized net income,Dollars,81,thousands,3,v8737,11.8,16844,,,,0
1938,British Columbia,2016A000259,"Gross income, total",Dollars,81,thousands,3,v8730,11.1,33750,,,t,0
1938,British Columbia,2016A000259,Value of inventory change,Dollars,81,thousands,3,v8731,11.2,-333,,,,0
1938,British Columbia,2016A000259,"Net income, total",Dollars,81,thousands,3,v8738,11.9,16511,,,,0
1938,British Columbia,2016A000259,Realized gross income,Dollars,81,thousands,3,v8732,11.3,34083,,,t,0
1938,British Columbia,2016A000259,Cash receipts from farm products,Dollars,81,thousands,3,v8733,11.4,29670,,,t,0
1938,British Columbia,2016A000259,Operating expenses and depreciation charges,Dollars,81,thousands,3,v8736,11.7,17239,,,t,0
1939,Canada,2016A000011124,Income-in-kind,Dollars,81,thousands,3,v8617,1.5,115291,,,,0
1939,Canada,2016A000011124,Realized net income,Dollars,81,thousands,3,v8620,1.8,348124,,,,0
1939,Canada,2016A000011124,"Gross income, total",Dollars,81,thousands,3,v8613,1.1,882651,,,t,0
1939,Canada,2016A000011124,Value of inventory change,Dollars,81,thousands,3,v8614,1.2,53598,,,,0
1939,Canada,2016A000011124,"Net income, total",Dollars,81,thousands,3,v8621,1.9,401722,,,,0
1939,Canada,2016A000011124,Realized gross income,Dollars,81,thousands,3,v8615,1.3,829053,,,t,0
1939,Canada,2016A000011124,Cash receipts from farm products,Dollars,81,thousands,3,v8616,1.4,712076,,,t,0
1939,Canada,2016A000011124,Supplementary payments,Dollars,81,thousands,3,v8618,1.6,1686,,,t,0
1939,Canada,2016A000011124,Operating expenses and depreciation charges,Dollars,81,thousands,3,v8619,1.7,480929,,,t,0
1939,Prince Edward Island,2016A000211,Income-in-kind,Dollars,81,thousands,3,v8630,3.5,1688,,,,0
1939,Prince Edward Island,2016A000211,Realized net income,Dollars,81,thousands,3,v8633,3.8,4018,,,,0
1939,Prince Edward Island,2016A000211,"Gross income, total",Dollars,81,thousands,3,v8626,3.1,8487,,,t,0
1939,Prince Edward Island,2016A000211,Value of inventory change,Dollars,81,thousands,3,v8627,3.2,-115,,,,0
1939,Prince Edward Island,2016A000211,"Net income, total",Dollars,81,thousands,3,v8634,3.9,3903,,,,0
1939,Prince Edward Island,2016A000211,Realized gross income,Dollars,81,thousands,3,v8628,3.3,8602,,,t,0
1939,Prince Edward Island,2016A000211,Cash receipts from farm products,Dollars,81,thousands,3,v8629,3.4,6914,,,t,0
1939,Prince Edward Island,2016A000211,Operating expenses and depreciation charges,Dollars,81,thousands,3,v8632,3.7,4584,,,t,0
1939,Nova Scotia,2016A000212,Income-in-kind,Dollars,81,thousands,3,v8643,4.5,5508,,,,0
1939,Nova Scotia,2016A000212,Realized net income,Dollars,81,thousands,3,v8646,4.8,8685,,,,0
1939,Nova Scotia,2016A000212,"Gross income, total",Dollars,81,thousands,3,v8639,4.1,19441,,,t,0
1939,Nova Scotia,2016A000212,Value of inventory change,Dollars,81,thousands,3,v8640,4.2,-21,,,,0
1939,Nova Scotia,2016A000212,"Net income, total",Dollars,81,thousands,3,v8647,4.9,8664,,,,0
1939,Nova Scotia,2016A000212,Realized gross income,Dollars,81,thousands,3,v8641,4.3,19462,,,t,0
1939,Nova Scotia,2016A000212,Cash receipts from farm products,Dollars,81,thousands,3,v8642,4.4,13954,,,t,0
1939,Nova Scotia,2016A000212,Supplementary payments,Dollars,81,thousands,3,v8644,4.6,0,,,t,0
1939,Nova Scotia,2016A000212,Operating expenses and depreciation charges,Dollars,81,thousands,3,v8645,4.7,10777,,,t,0
1939,New Brunswick,2016A000213,Income-in-kind,Dollars,81,thousands,3,v8656,5.5,5841,,,,0
1939,New Brunswick,2016A000213,Realized net income,Dollars,81,thousands,3,v8659,5.8,9553,,,,0
1939,New Brunswick,2016A000213,"Gross income, total",Dollars,81,thousands,3,v8652,5.1,19739,,,t,0
1939,New Brunswick,2016A000213,Value of inventory change,Dollars,81,thousands,3,v8653,5.2,210,,,,0
1939,New Brunswick,2016A000213,"Net income, total",Dollars,81,thousands,3,v8660,5.9,9763,,,,0
1939,New Brunswick,2016A000213,Realized gross income,Dollars,81,thousands,3,v8654,5.3,19529,,,t,0
1939,New Brunswick,2016A000213,Cash receipts from farm products,Dollars,81,thousands,3,v8655,5.4,13688,,,t,0
1939,New Brunswick,2016A000213,Operating expenses and depreciation charges,Dollars,81,thousands,3,v8658,5.7,9976,,,t,0
1939,Quebec,2016A000224,Income-in-kind,Dollars,81,thousands,3,v8669,6.5,29942,,,,0
1939,Quebec,2016A000224,Realized net income,Dollars,81,thousands,3,v8672,6.8,68646,,,,0
1939,Quebec,2016A000224,"Gross income, total",Dollars,81,thousands,3,v8665,6.1,133938,,,t,0
1939,Quebec,2016A000224,Value of inventory change,Dollars,81,thousands,3,v8666,6.2,5167,,,,0
1939,Quebec,2016A000224,"Net income, total",Dollars,81,thousands,3,v8673,6.9,73813,,,,0
1939,Quebec,2016A000224,Realized gross income,Dollars,81,thousands,3,v8667,6.3,128771,,,t,0
1939,Quebec,2016A000224,Cash receipts from farm products,Dollars,81,thousands,3,v8668,6.4,98829,,,t,0
1939,Quebec,2016A000224,Operating expenses and depreciation charges,Dollars,81,thousands,3,v8671,6.7,60125,,,t,0
1939,Ontario,2016A000235,Income-in-kind,Dollars,81,thousands,3,v8682,7.5,30326,,,,0
1939,Ontario,2016A000235,Realized net income,Dollars,81,thousands,3,v8685,7.8,99820,,,,0
1939,Ontario,2016A000235,"Gross income, total",Dollars,81,thousands,3,v8678,7.1,243104,,,t,0
1939,Ontario,2016A000235,Value of inventory change,Dollars,81,thousands,3,v8679,7.2,3804,,,,0
1939,Ontario,2016A000235,"Net income, total",Dollars,81,thousands,3,v8686,7.9,103624,,,,0
1939,Ontario,2016A000235,Realized gross income,Dollars,81,thousands,3,v8680,7.3,239300,,,t,0
1939,Ontario,2016A000235,Cash receipts from farm products,Dollars,81,thousands,3,v8681,7.4,208974,,,t,0
1939,Ontario,2016A000235,Operating expenses and depreciation charges,Dollars,81,thousands,3,v8684,7.7,139480,,,t,0
1939,Manitoba,2016A000246,Income-in-kind,Dollars,81,thousands,3,v8695,8.5,8440,,,,0
1939,Manitoba,2016A000246,Realized net income,Dollars,81,thousands,3,v8698,8.8,29533,,,,0
1939,Manitoba,2016A000246,"Gross income, total",Dollars,81,thousands,3,v8691,8.1,73440,,,t,0
1939,Manitoba,2016A000246,Value of inventory change,Dollars,81,thousands,3,v8692,8.2,930,,,,0
1939,Manitoba,2016A000246,"Net income, total",Dollars,81,thousands,3,v8699,8.9,30463,,,,0
1939,Manitoba,2016A000246,Realized gross income,Dollars,81,thousands,3,v8693,8.3,72510,,,t,0
1939,Manitoba,2016A000246,Cash receipts from farm products,Dollars,81,thousands,3,v8694,8.4,64070,,,t,0
1939,Manitoba,2016A000246,Operating expenses and depreciation charges,Dollars,81,thousands,3,v8697,8.7,42977,,,t,0
1939,Saskatchewan,2016A000247,Income-in-kind,Dollars,81,thousands,3,v8708,9.5,16963,,,,0
1939,Saskatchewan,2016A000247,Realized net income,Dollars,81,thousands,3,v8711,9.8,61892,,,,0
1939,Saskatchewan,2016A000247,"Gross income, total",Dollars,81,thousands,3,v8704,9.1,205892,,,t,0
1939,Saskatchewan,2016A000247,Value of inventory change,Dollars,81,thousands,3,v8705,9.2,30272,,,,0
1939,Saskatchewan,2016A000247,"Net income, total",Dollars,81,thousands,3,v8712,9.9,92164,,,,0
1939,Saskatchewan,2016A000247,Realized gross income,Dollars,81,thousands,3,v8706,9.3,175620,,,t,0
1939,Saskatchewan,2016A000247,Cash receipts from farm products,Dollars,81,thousands,3,v8707,9.4,156971,,,t,0
1939,Saskatchewan,2016A000247,Supplementary payments,Dollars,81,thousands,3,v8709,9.6,1686,,,t,0
1939,Saskatchewan,2016A000247,Operating expenses and depreciation charges,Dollars,81,thousands,3,v8710,9.7,113728,,,t,0
1939,Alberta,2016A000248,Income-in-kind,Dollars,81,thousands,3,v8721,10.5,12129,,,,0
1939,Alberta,2016A000248,Realized net income,Dollars,81,thousands,3,v8724,10.8,48936,,,,0
1939,Alberta,2016A000248,"Gross income, total",Dollars,81,thousands,3,v8717,10.1,143540,,,t,0
1939,Alberta,2016A000248,Value of inventory change,Dollars,81,thousands,3,v8718,10.2,12973,,,,0
1939,Alberta,2016A000248,"Net income, total",Dollars,81,thousands,3,v8725,10.9,61909,,,,0
1939,Alberta,2016A000248,Realized gross income,Dollars,81,thousands,3,v8719,10.3,130567,,,t,0
1939,Alberta,2016A000248,Cash receipts from farm products,Dollars,81,thousands,3,v8720,10.4,118438,,,t,0
1939,Alberta,2016A000248,Operating expenses and depreciation charges,Dollars,81,thousands,3,v8723,10.7,81631,,,t,0
1939,British Columbia,2016A000259,Income-in-kind,Dollars,81,thousands,3,v8734,11.5,4454,,,,0
1939,British Columbia,2016A000259,Realized net income,Dollars,81,thousands,3,v8737,11.8,17041,,,,0
1939,British Columbia,2016A000259,"Gross income, total",Dollars,81,thousands,3,v8730,11.1,35070,,,t,0
1939,British Columbia,2016A000259,Value of inventory change,Dollars,81,thousands,3,v8731,11.2,378,,,,0
1939,British Columbia,2016A000259,"Net income, total",Dollars,81,thousands,3,v8738,11.9,17419,,,,0
1939,British Columbia,2016A000259,Realized gross income,Dollars,81,thousands,3,v8732,11.3,34692,,,t,0
1939,British Columbia,2016A000259,Cash receipts from farm products,Dollars,81,thousands,3,v8733,11.4,30238,,,t,0
1939,British Columbia,2016A000259,Operating expenses and depreciation charges,Dollars,81,thousands,3,v8736,11.7,17651,,,t,0
1940,Canada,2016A000011124,Income-in-kind,Dollars,81,thousands,3,v8617,1.5,116182,,,,0
1940,Canada,2016A000011124,Realized net income,Dollars,81,thousands,3,v8620,1.8,359891,,,,0
1940,Canada,2016A000011124,"Gross income, total",Dollars,81,thousands,3,v8613,1.1,934646,,,t,0
1940,Canada,2016A000011124,Value of inventory change,Dollars,81,thousands,3,v8614,1.2,77653,,,,0
1940,Canada,2016A000011124,"Net income, total",Dollars,81,thousands,3,v8621,1.9,437544,,,,0
1940,Canada,2016A000011124,Realized gross income,Dollars,81,thousands,3,v8615,1.3,856993,,,t,0
1940,Canada,2016A000011124,Cash receipts from farm products,Dollars,81,thousands,3,v8616,1.4,731120,,,t,0
1940,Canada,2016A000011124,Supplementary payments,Dollars,81,thousands,3,v8618,1.6,9691,,,t,0
1940,Canada,2016A000011124,Operating expenses and depreciation charges,Dollars,81,thousands,3,v8619,1.7,497102,,,t,0
1940,Prince Edward Island,2016A000211,Income-in-kind,Dollars,81,thousands,3,v8630,3.5,1788,,,,0
1940,Prince Edward Island,2016A000211,Realized net income,Dollars,81,thousands,3,v8633,3.8,4125,,,,0
1940,Prince Edward Island,2016A000211,"Gross income, total",Dollars,81,thousands,3,v8626,3.1,8812,,,t,0
1940,Prince Edward Island,2016A000211,Value of inventory change,Dollars,81,thousands,3,v8627,3.2,-131,,,,0
1940,Prince Edward Island,2016A000211,"Net income, total",Dollars,81,thousands,3,v8634,3.9,3994,,,,0
1940,Prince Edward Island,2016A000211,Realized gross income,Dollars,81,thousands,3,v8628,3.3,8943,,,t,0
1940,Prince Edward Island,2016A000211,Cash receipts from farm products,Dollars,81,thousands,3,v8629,3.4,7155,,,t,0
1940,Prince Edward Island,2016A000211,Operating expenses and depreciation charges,Dollars,81,thousands,3,v8632,3.7,4818,,,t,0
1940,Nova Scotia,2016A000212,Income-in-kind,Dollars,81,thousands,3,v8643,4.5,5789,,,,0
1940,Nova Scotia,2016A000212,Realized net income,Dollars,81,thousands,3,v8646,4.8,9754,,,,0
1940,Nova Scotia,2016A000212,"Gross income, total",Dollars,81,thousands,3,v8639,4.1,20565,,,t,0
1940,Nova Scotia,2016A000212,Value of inventory change,Dollars,81,thousands,3,v8640,4.2,15,,,,0
1940,Nova Scotia,2016A000212,"Net income, total",Dollars,81,thousands,3,v8647,4.9,9769,,,,0
1940,Nova Scotia,2016A000212,Realized gross income,Dollars,81,thousands,3,v8641,4.3,20550,,,t,0
1940,Nova Scotia,2016A000212,Cash receipts from farm products,Dollars,81,thousands,3,v8642,4.4,14761,,,t,0
1940,Nova Scotia,2016A000212,Supplementary payments,Dollars,81,thousands,3,v8644,4.6,0,,,t,0
1940,Nova Scotia,2016A000212,Operating expenses and depreciation charges,Dollars,81,thousands,3,v8645,4.7,10796,,,t,0
1940,New Brunswick,2016A000213,Income-in-kind,Dollars,81,thousands,3,v8656,5.5,5924,,,,0
1940,New Brunswick,2016A000213,Realized net income,Dollars,81,thousands,3,v8659,5.8,11570,,,,0
1940,New Brunswick,2016A000213,"Gross income, total",Dollars,81,thousands,3,v8652,5.1,21780,,,t,0
1940,New Brunswick,2016A000213,Value of inventory change,Dollars,81,thousands,3,v8653,5.2,-160,,,,0
1940,New Brunswick,2016A000213,"Net income, total",Dollars,81,thousands,3,v8660,5.9,11410,,,,0
1940,New Brunswick,2016A000213,Realized gross income,Dollars,81,thousands,3,v8654,5.3,21940,,,t,0
1940,New Brunswick,2016A000213,Cash receipts from farm products,Dollars,81,thousands,3,v8655,5.4,16016,,,t,0
1940,New Brunswick,2016A000213,Operating expenses and depreciation charges,Dollars,81,thousands,3,v8658,5.7,10370,,,t,0
1940,Quebec,2016A000224,Income-in-kind,Dollars,81,thousands,3,v8669,6.5,29667,,,,0
1940,Quebec,2016A000224,Realized net income,Dollars,81,thousands,3,v8672,6.8,77484,,,,0
1940,Quebec,2016A000224,"Gross income, total",Dollars,81,thousands,3,v8665,6.1,142005,,,t,0
1940,Quebec,2016A000224,Value of inventory change,Dollars,81,thousands,3,v8666,6.2,2173,,,,0
1940,Quebec,2016A000224,"Net income, total",Dollars,81,thousands,3,v8673,6.9,79657,,,,0
1940,Quebec,2016A000224,Realized gross income,Dollars,81,thousands,3,v8667,6.3,139832,,,t,0
1940,Quebec,2016A000224,Cash receipts from farm products,Dollars,81,thousands,3,v8668,6.4,110165,,,t,0
1940,Quebec,2016A000224,Operating expenses and depreciation charges,Dollars,81,thousands,3,v8671,6.7,62348,,,t,0
1940,Ontario,2016A000235,Income-in-kind,Dollars,81,thousands,3,v8682,7.5,27412,,,,0
1940,Ontario,2016A000235,Realized net income,Dollars,81,thousands,3,v8685,7.8,98325,,,,0
1940,Ontario,2016A000235,"Gross income, total",Dollars,81,thousands,3,v8678,7.1,247398,,,t,0
1940,Ontario,2016A000235,Value of inventory change,Dollars,81,thousands,3,v8679,7.2,4212,,,,0
1940,Ontario,2016A000235,"Net income, total",Dollars,81,thousands,3,v8686,7.9,102537,,,,0
1940,Ontario,2016A000235,Realized gross income,Dollars,81,thousands,3,v8680,7.3,243186,,,t,0
1940,Ontario,2016A000235,Cash receipts from farm products,Dollars,81,thousands,3,v8681,7.4,215774,,,t,0
1940,Ontario,2016A000235,Operating expenses and depreciation charges,Dollars,81,thousands,3,v8684,7.7,144861,,,t,0
1940,Manitoba,2016A000246,Income-in-kind,Dollars,81,thousands,3,v8695,8.5,9283,,,,0
1940,Manitoba,2016A000246,Realized net income,Dollars,81,thousands,3,v8698,8.8,29378,,,,0
1940,Manitoba,2016A000246,"Gross income, total",Dollars,81,thousands,3,v8691,8.1,82046,,,t,0
1940,Manitoba,2016A000246,Value of inventory change,Dollars,81,thousands,3,v8692,8.2,8847,,,,0
1940,Manitoba,2016A000246,"Net income, total",Dollars,81,thousands,3,v8699,8.9,38225,,,,0
1940,Manitoba,2016A000246,Realized gross income,Dollars,81,thousands,3,v8693,8.3,73199,,,t,0
1940,Manitoba,2016A000246,Cash receipts from farm products,Dollars,81,thousands,3,v8694,8.4,62807,,,t,0
1940,Manitoba,2016A000246,Supplementary payments,Dollars,81,thousands,3,v8696,8.6,1109,,,t,0
1940,Manitoba,2016A000246,Operating expenses and depreciation charges,Dollars,81,thousands,3,v8697,8.7,43821,,,t,0
1940,Saskatchewan,2016A000247,Income-in-kind,Dollars,81,thousands,3,v8708,9.5,18175,,,,0
1940,Saskatchewan,2016A000247,Realized net income,Dollars,81,thousands,3,v8711,9.8,59623,,,,0
1940,Saskatchewan,2016A000247,"Gross income, total",Dollars,81,thousands,3,v8704,9.1,204520,,,t,0
1940,Saskatchewan,2016A000247,Value of inventory change,Dollars,81,thousands,3,v8705,9.2,29652,,,,0
1940,Saskatchewan,2016A000247,"Net income, total",Dollars,81,thousands,3,v8712,9.9,89275,,,,0
1940,Saskatchewan,2016A000247,Realized gross income,Dollars,81,thousands,3,v8706,9.3,174868,,,t,0
1940,Saskatchewan,2016A000247,Cash receipts from farm products,Dollars,81,thousands,3,v8707,9.4,149624,,,t,0
1940,Saskatchewan,2016A000247,Supplementary payments,Dollars,81,thousands,3,v8709,9.6,7069,,,t,0
1940,Saskatchewan,2016A000247,Operating expenses and depreciation charges,Dollars,81,thousands,3,v8710,9.7,115245,,,t,0
1940,Alberta,2016A000248,Income-in-kind,Dollars,81,thousands,3,v8721,10.5,13527,,,,0
1940,Alberta,2016A000248,Realized net income,Dollars,81,thousands,3,v8724,10.8,52318,,,,0
1940,Alberta,2016A000248,"Gross income, total",Dollars,81,thousands,3,v8717,10.1,170890,,,t,0
1940,Alberta,2016A000248,Value of inventory change,Dollars,81,thousands,3,v8718,10.2,31789,,,,0
1940,Alberta,2016A000248,"Net income, total",Dollars,81,thousands,3,v8725,10.9,84107,,,,0
1940,Alberta,2016A000248,Realized gross income,Dollars,81,thousands,3,v8719,10.3,139101,,,t,0
1940,Alberta,2016A000248,Cash receipts from farm products,Dollars,81,thousands,3,v8720,10.4,124061,,,t,0
1940,Alberta,2016A000248,Supplementary payments,Dollars,81,thousands,3,v8722,10.6,1513,,,t,0
1940,Alberta,2016A000248,Operating expenses and depreciation charges,Dollars,81,thousands,3,v8723,10.7,86783,,,t,0
1940,British Columbia,2016A000259,Income-in-kind,Dollars,81,thousands,3,v8734,11.5,4617,,,,0
1940,British Columbia,2016A000259,Realized net income,Dollars,81,thousands,3,v8737,11.8,17314,,,,0
1940,British Columbia,2016A000259,"Gross income, total",Dollars,81,thousands,3,v8730,11.1,36630,,,t,0
1940,British Columbia,2016A000259,Value of inventory change,Dollars,81,thousands,3,v8731,11.2,1256,,,,0
1940,British Columbia,2016A000259,"Net income, total",Dollars,81,thousands,3,v8738,11.9,18570,,,,0
1940,British Columbia,2016A000259,Realized gross income,Dollars,81,thousands,3,v8732,11.3,35374,,,t,0
1940,British Columbia,2016A000259,Cash receipts from farm products,Dollars,81,thousands,3,v8733,11.4,30757,,,t,0
1940,British Columbia,2016A000259,Operating expenses and depreciation charges,Dollars,81,thousands,3,v8736,11.7,18060,,,t,0
1941,Canada,2016A000011124,Income-in-kind,Dollars,81,thousands,3,v8617,1.5,131856,,,,0
1941,Canada,2016A000011124,Realized net income,Dollars,81,thousands,3,v8620,1.8,503649,,,,0
1941,Canada,2016A000011124,"Gross income, total",Dollars,81,thousands,3,v8613,1.1,984525,,,t,0
1941,Canada,2016A000011124,Value of inventory change,Dollars,81,thousands,3,v8614,1.2,-52589,,,,0
1941,Canada,2016A000011124,"Net income, total",Dollars,81,thousands,3,v8621,1.9,451060,,,,0
1941,Canada,2016A000011124,Realized gross income,Dollars,81,thousands,3,v8615,1.3,1037114,,,t,0
1941,Canada,2016A000011124,Cash receipts from farm products,Dollars,81,thousands,3,v8616,1.4,875781,,,t,0
1941,Canada,2016A000011124,Supplementary payments,Dollars,81,thousands,3,v8618,1.6,29477,,,t,0
1941,Canada,2016A000011124,Operating expenses and depreciation charges,Dollars,81,thousands,3,v8619,1.7,533465,,,t,0
1941,Prince Edward Island,2016A000211,Income-in-kind,Dollars,81,thousands,3,v8630,3.5,1968,,,,0
1941,Prince Edward Island,2016A000211,Realized net income,Dollars,81,thousands,3,v8633,3.8,4167,,,,0
1941,Prince Edward Island,2016A000211,"Gross income, total",Dollars,81,thousands,3,v8626,3.1,9570,,,t,0
1941,Prince Edward Island,2016A000211,Value of inventory change,Dollars,81,thousands,3,v8627,3.2,-17,,,,0
1941,Prince Edward Island,2016A000211,"Net income, total",Dollars,81,thousands,3,v8634,3.9,4150,,,,0
1941,Prince Edward Island,2016A000211,Realized gross income,Dollars,81,thousands,3,v8628,3.3,9587,,,t,0
1941,Prince Edward Island,2016A000211,Cash receipts from farm products,Dollars,81,thousands,3,v8629,3.4,7619,,,t,0
1941,Prince Edward Island,2016A000211,Operating expenses and depreciation charges,Dollars,81,thousands,3,v8632,3.7,5420,,,t,0
1941,Nova Scotia,2016A000212,Income-in-kind,Dollars,81,thousands,3,v8643,4.5,6337,,,,0
1941,Nova Scotia,2016A000212,Realized net income,Dollars,81,thousands,3,v8646,4.8,10389,,,,0
1941,Nova Scotia,2016A000212,"Gross income, total",Dollars,81,thousands,3,v8639,4.1,23131,,,t,0
1941,Nova Scotia,2016A000212,Value of inventory change,Dollars,81,thousands,3,v8640,4.2,-439,,,,0
1941,Nova Scotia,2016A000212,"Net income, total",Dollars,81,thousands,3,v8647,4.9,9950,,,,0
1941,Nova Scotia,2016A000212,Realized gross income,Dollars,81,thousands,3,v8641,4.3,23570,,,t,0
1941,Nova Scotia,2016A000212,Cash receipts from farm products,Dollars,81,thousands,3,v8642,4.4,17233,,,t,0
1941,Nova Scotia,2016A000212,Supplementary payments,Dollars,81,thousands,3,v8644,4.6,0,,,t,0
1941,Nova Scotia,2016A000212,Operating expenses and depreciation charges,Dollars,81,thousands,3,v8645,4.7,13181,,,t,0
1941,New Brunswick,2016A000213,Income-in-kind,Dollars,81,thousands,3,v8656,5.5,6603,,,,0
1941,New Brunswick,2016A000213,Realized net income,Dollars,81,thousands,3,v8659,5.8,13444,,,,0
1941,New Brunswick,2016A000213,"Gross income, total",Dollars,81,thousands,3,v8652,5.1,24739,,,t,0
1941,New Brunswick,2016A000213,Value of inventory change,Dollars,81,thousands,3,v8653,5.2,-280,,,,0
1941,New Brunswick,2016A000213,"Net income, total",Dollars,81,thousands,3,v8660,5.9,13164,,,,0
1941,New Brunswick,2016A000213,Realized gross income,Dollars,81,thousands,3,v8654,5.3,25019,,,t,0
1941,New Brunswick,2016A000213,Cash receipts from farm products,Dollars,81,thousands,3,v8655,5.4,18416,,,t,0
1941,New Brunswick,2016A000213,Operating expenses and depreciation charges,Dollars,81,thousands,3,v8658,5.7,11575,,,t,0
1941,Quebec,2016A000224,Income-in-kind,Dollars,81,thousands,3,v8669,6.5,32426,,,,0
1941,Quebec,2016A000224,Realized net income,Dollars,81,thousands,3,v8672,6.8,93370,,,,0
1941,Quebec,2016A000224,"Gross income, total",Dollars,81,thousands,3,v8665,6.1,164211,,,t,0
1941,Quebec,2016A000224,Value of inventory change,Dollars,81,thousands,3,v8666,6.2,-1436,,,,0
1941,Quebec,2016A000224,"Net income, total",Dollars,81,thousands,3,v8673,6.9,91934,,,,0
1941,Quebec,2016A000224,Realized gross income,Dollars,81,thousands,3,v8667,6.3,165647,,,t,0
1941,Quebec,2016A000224,Cash receipts from farm products,Dollars,81,thousands,3,v8668,6.4,133221,,,t,0
1941,Quebec,2016A000224,Operating expenses and depreciation charges,Dollars,81,thousands,3,v8671,6.7,72277,,,t,0
1941,Ontario,2016A000235,Income-in-kind,Dollars,81,thousands,3,v8682,7.5,32389,,,,0
1941,Ontario,2016A000235,Realized net income,Dollars,81,thousands,3,v8685,7.8,148023,,,,0
1941,Ontario,2016A000235,"Gross income, total",Dollars,81,thousands,3,v8678,7.1,293362,,,t,0
1941,Ontario,2016A000235,Value of inventory change,Dollars,81,thousands,3,v8679,7.2,-13530,,,,0
1941,Ontario,2016A000235,"Net income, total",Dollars,81,thousands,3,v8686,7.9,134493,,,,0
1941,Ontario,2016A000235,Realized gross income,Dollars,81,thousands,3,v8680,7.3,306892,,,t,0
1941,Ontario,2016A000235,Cash receipts from farm products,Dollars,81,thousands,3,v8681,7.4,274503,,,t,0
1941,Ontario,2016A000235,Operating expenses and depreciation charges,Dollars,81,thousands,3,v8684,7.7,158869,,,t,0
1941,Manitoba,2016A000246,Income-in-kind,Dollars,81,thousands,3,v8695,8.5,10784,,,,0
1941,Manitoba,2016A000246,Realized net income,Dollars,81,thousands,3,v8698,8.8,46618,,,,0
1941,Manitoba,2016A000246,"Gross income, total",Dollars,81,thousands,3,v8691,8.1,99153,,,t,0
1941,Manitoba,2016A000246,Value of inventory change,Dollars,81,thousands,3,v8692,8.2,3743,,,,0
1941,Manitoba,2016A000246,"Net income, total",Dollars,81,thousands,3,v8699,8.9,50361,,,,0
1941,Manitoba,2016A000246,Realized gross income,Dollars,81,thousands,3,v8693,8.3,95410,,,t,0
1941,Manitoba,2016A000246,Cash receipts from farm products,Dollars,81,thousands,3,v8694,8.4,81286,,,t,0
1941,Manitoba,2016A000246,Supplementary payments,Dollars,81,thousands,3,v8696,8.6,3340,,,t,0
1941,Manitoba,2016A000246,Operating expenses and depreciation charges,Dollars,81,thousands,3,v8697,8.7,48792,,,t,0
1941,Saskatchewan,2016A000247,Income-in-kind,Dollars,81,thousands,3,v8708,9.5,21129,,,,0
1941,Saskatchewan,2016A000247,Realized net income,Dollars,81,thousands,3,v8711,9.8,84117,,,,0
1941,Saskatchewan,2016A000247,"Gross income, total",Dollars,81,thousands,3,v8704,9.1,177739,,,t,0
1941,Saskatchewan,2016A000247,Value of inventory change,Dollars,81,thousands,3,v8705,9.2,-21809,,,,0
1941,Saskatchewan,2016A000247,"Net income, total",Dollars,81,thousands,3,v8712,9.9,62308,,,,0
1941,Saskatchewan,2016A000247,Realized gross income,Dollars,81,thousands,3,v8706,9.3,199548,,,t,0
1941,Saskatchewan,2016A000247,Cash receipts from farm products,Dollars,81,thousands,3,v8707,9.4,159991,,,t,0
1941,Saskatchewan,2016A000247,Supplementary payments,Dollars,81,thousands,3,v8709,9.6,18428,,,t,0
1941,Saskatchewan,2016A000247,Operating expenses and depreciation charges,Dollars,81,thousands,3,v8710,9.7,115431,,,t,0
1941,Alberta,2016A000248,Income-in-kind,Dollars,81,thousands,3,v8721,10.5,15689,,,,0
1941,Alberta,2016A000248,Realized net income,Dollars,81,thousands,3,v8724,10.8,82168,,,,0
1941,Alberta,2016A000248,"Gross income, total",Dollars,81,thousands,3,v8717,10.1,151369,,,t,0
1941,Alberta,2016A000248,Value of inventory change,Dollars,81,thousands,3,v8718,10.2,-19642,,,,0
1941,Alberta,2016A000248,"Net income, total",Dollars,81,thousands,3,v8725,10.9,62526,,,,0
1941,Alberta,2016A000248,Realized gross income,Dollars,81,thousands,3,v8719,10.3,171011,,,t,0
1941,Alberta,2016A000248,Cash receipts from farm products,Dollars,81,thousands,3,v8720,10.4,147613,,,t,0
1941,Alberta,2016A000248,Supplementary payments,Dollars,81,thousands,3,v8722,10.6,7709,,,t,0
1941,Alberta,2016A000248,Operating expenses and depreciation charges,Dollars,81,thousands,3,v8723,10.7,88843,,,t,0
1941,British Columbia,2016A000259,Income-in-kind,Dollars,81,thousands,3,v8734,11.5,4531,,,,0
1941,British Columbia,2016A000259,Realized net income,Dollars,81,thousands,3,v8737,11.8,21353,,,,0
1941,British Columbia,2016A000259,"Gross income, total",Dollars,81,thousands,3,v8730,11.1,41251,,,t,0
1941,British Columbia,2016A000259,Value of inventory change,Dollars,81,thousands,3,v8731,11.2,821,,,,0
1941,British Columbia,2016A000259,"Net income, total",Dollars,81,thousands,3,v8738,11.9,22174,,,,0
1941,British Columbia,2016A000259,Realized gross income,Dollars,81,thousands,3,v8732,11.3,40430,,,t,0
1941,British Columbia,2016A000259,Cash receipts from farm products,Dollars,81,thousands,3,v8733,11.4,35899,,,t,0
1941,British Columbia,2016A000259,Operating expenses and depreciation charges,Dollars,81,thousands,3,v8736,11.7,19077,,,t,0
1942,Canada,2016A000011124,Income-in-kind,Dollars,81,thousands,3,v8617,1.5,159206,,,,0
1942,Canada,2016A000011124,Realized net income,Dollars,81,thousands,3,v8620,1.8,659649,,,,0
1942,Canada,2016A000011124,"Gross income, total",Dollars,81,thousands,3,v8613,1.1,1642891,,,t,0
1942,Canada,2016A000011124,Value of inventory change,Dollars,81,thousands,3,v8614,1.2,327253,,,,0
1942,Canada,2016A000011124,"Net income, total",Dollars,81,thousands,3,v8621,1.9,986902,,,,0
1942,Canada,2016A000011124,Realized gross income,Dollars,81,thousands,3,v8615,1.3,1315638,,,t,0
1942,Canada,2016A000011124,Cash receipts from farm products,Dollars,81,thousands,3,v8616,1.4,1101070,,,t,0
1942,Canada,2016A000011124,Supplementary payments,Dollars,81,thousands,3,v8618,1.6,55362,,,t,0
1942,Canada,2016A000011124,Operating expenses and depreciation charges,Dollars,81,thousands,3,v8619,1.7,655989,,,t,0
1942,Prince Edward Island,2016A000211,Income-in-kind,Dollars,81,thousands,3,v8630,3.5,2378,,,,0
1942,Prince Edward Island,2016A000211,Realized net income,Dollars,81,thousands,3,v8633,3.8,7767,,,,0
1942,Prince Edward Island,2016A000211,"Gross income, total",Dollars,81,thousands,3,v8626,3.1,13892,,,t,0
1942,Prince Edward Island,2016A000211,Value of inventory change,Dollars,81,thousands,3,v8627,3.2,142,,,,0
1942,Prince Edward Island,2016A000211,"Net income, total",Dollars,81,thousands,3,v8634,3.9,7909,,,,0
1942,Prince Edward Island,2016A000211,Realized gross income,Dollars,81,thousands,3,v8628,3.3,13750,,,t,0
1942,Prince Edward Island,2016A000211,Cash receipts from farm products,Dollars,81,thousands,3,v8629,3.4,11372,,,t,0
1942,Prince Edward Island,2016A000211,Operating expenses and depreciation charges,Dollars,81,thousands,3,v8632,3.7,5983,,,t,0
1942,Nova Scotia,2016A000212,Income-in-kind,Dollars,81,thousands,3,v8643,4.5,7287,,,,0
1942,Nova Scotia,2016A000212,Realized net income,Dollars,81,thousands,3,v8646,4.8,14622,,,,0
1942,Nova Scotia,2016A000212,"Gross income, total",Dollars,81,thousands,3,v8639,4.1,29489,,,t,0
1942,Nova Scotia,2016A000212,Value of inventory change,Dollars,81,thousands,3,v8640,4.2,-48,,,,0
1942,Nova Scotia,2016A000212,"Net income, total",Dollars,81,thousands,3,v8647,4.9,14574,,,,0
1942,Nova Scotia,2016A000212,Realized gross income,Dollars,81,thousands,3,v8641,4.3,29537,,,t,0
1942,Nova Scotia,2016A000212,Cash receipts from farm products,Dollars,81,thousands,3,v8642,4.4,22250,,,t,0
1942,Nova Scotia,2016A000212,Supplementary payments,Dollars,81,thousands,3,v8644,4.6,0,,,t,0
1942,Nova Scotia,2016A000212,Operating expenses and depreciation charges,Dollars,81,thousands,3,v8645,4.7,14915,,,t,0
1942,New Brunswick,2016A000213,Income-in-kind,Dollars,81,thousands,3,v8656,5.5,8059,,,,0
1942,New Brunswick,2016A000213,Realized net income,Dollars,81,thousands,3,v8659,5.8,18300,,,,0
1942,New Brunswick,2016A000213,"Gross income, total",Dollars,81,thousands,3,v8652,5.1,31834,,,t,0
1942,New Brunswick,2016A000213,Value of inventory change,Dollars,81,thousands,3,v8653,5.2,187,,,,0
1942,New Brunswick,2016A000213,"Net income, total",Dollars,81,thousands,3,v8660,5.9,18487,,,,0
1942,New Brunswick,2016A000213,Realized gross income,Dollars,81,thousands,3,v8654,5.3,31647,,,t,0
1942,New Brunswick,2016A000213,Cash receipts from farm products,Dollars,81,thousands,3,v8655,5.4,23588,,,t,0
1942,New Brunswick,2016A000213,Operating expenses and depreciation charges,Dollars,81,thousands,3,v8658,5.7,13347,,,t,0
1942,Quebec,2016A000224,Income-in-kind,Dollars,81,thousands,3,v8669,6.5,40514,,,,0
1942,Quebec,2016A000224,Realized net income,Dollars,81,thousands,3,v8672,6.8,118823,,,,0
1942,Quebec,2016A000224,"Gross income, total",Dollars,81,thousands,3,v8665,6.1,204527,,,t,0
1942,Quebec,2016A000224,Value of inventory change,Dollars,81,thousands,3,v8666,6.2,-1770,,,,0
1942,Quebec,2016A000224,"Net income, total",Dollars,81,thousands,3,v8673,6.9,117053,,,,0
1942,Quebec,2016A000224,Realized gross income,Dollars,81,thousands,3,v8667,6.3,206297,,,t,0
1942,Quebec,2016A000224,Cash receipts from farm products,Dollars,81,thousands,3,v8668,6.4,165783,,,t,0
1942,Quebec,2016A000224,Operating expenses and depreciation charges,Dollars,81,thousands,3,v8671,6.7,87474,,,t,0
1942,Ontario,2016A000235,Income-in-kind,Dollars,81,thousands,3,v8682,7.5,40742,,,,0
1942,Ontario,2016A000235,Realized net income,Dollars,81,thousands,3,v8685,7.8,202493,,,,0
1942,Ontario,2016A000235,"Gross income, total",Dollars,81,thousands,3,v8678,7.1,410996,,,t,0
1942,Ontario,2016A000235,Value of inventory change,Dollars,81,thousands,3,v8679,7.2,12406,,,,0
1942,Ontario,2016A000235,"Net income, total",Dollars,81,thousands,3,v8686,7.9,214899,,,,0
1942,Ontario,2016A000235,Realized gross income,Dollars,81,thousands,3,v8680,7.3,398590,,,t,0
1942,Ontario,2016A000235,Cash receipts from farm products,Dollars,81,thousands,3,v8681,7.4,357848,,,t,0
1942,Ontario,2016A000235,Operating expenses and depreciation charges,Dollars,81,thousands,3,v8684,7.7,196097,,,t,0
1942,Manitoba,2016A000246,Income-in-kind,Dollars,81,thousands,3,v8695,8.5,11909,,,,0
1942,Manitoba,2016A000246,Realized net income,Dollars,81,thousands,3,v8698,8.8,65140,,,,0
1942,Manitoba,2016A000246,"Gross income, total",Dollars,81,thousands,3,v8691,8.1,152205,,,t,0
1942,Manitoba,2016A000246,Value of inventory change,Dollars,81,thousands,3,v8692,8.2,29063,,,,0
1942,Manitoba,2016A000246,"Net income, total",Dollars,81,thousands,3,v8699,8.9,94203,,,,0
1942,Manitoba,2016A000246,Realized gross income,Dollars,81,thousands,3,v8693,8.3,123142,,,t,0
1942,Manitoba,2016A000246,Cash receipts from farm products,Dollars,81,thousands,3,v8694,8.4,104580,,,t,0
1942,Manitoba,2016A000246,Supplementary payments,Dollars,81,thousands,3,v8696,8.6,6653,,,t,0
1942,Manitoba,2016A000246,Operating expenses and depreciation charges,Dollars,81,thousands,3,v8697,8.7,58002,,,t,0
1942,Saskatchewan,2016A000247,Income-in-kind,Dollars,81,thousands,3,v8708,9.5,23809,,,,0
1942,Saskatchewan,2016A000247,Realized net income,Dollars,81,thousands,3,v8711,9.8,105403,,,,0
1942,Saskatchewan,2016A000247,"Gross income, total",Dollars,81,thousands,3,v8704,9.1,438831,,,t,0
1942,Saskatchewan,2016A000247,Value of inventory change,Dollars,81,thousands,3,v8705,9.2,184260,,,,0
1942,Saskatchewan,2016A000247,"Net income, total",Dollars,81,thousands,3,v8712,9.9,289663,,,,0
1942,Saskatchewan,2016A000247,Realized gross income,Dollars,81,thousands,3,v8706,9.3,254571,,,t,0
1942,Saskatchewan,2016A000247,Cash receipts from farm products,Dollars,81,thousands,3,v8707,9.4,197523,,,t,0
1942,Saskatchewan,2016A000247,Supplementary payments,Dollars,81,thousands,3,v8709,9.6,33239,,,t,0
1942,Saskatchewan,2016A000247,Operating expenses and depreciation charges,Dollars,81,thousands,3,v8710,9.7,149168,,,t,0
1942,Alberta,2016A000248,Income-in-kind,Dollars,81,thousands,3,v8721,10.5,18909,,,,0
1942,Alberta,2016A000248,Realized net income,Dollars,81,thousands,3,v8724,10.8,99313,,,,0
1942,Alberta,2016A000248,"Gross income, total",Dollars,81,thousands,3,v8717,10.1,310396,,,t,0
1942,Alberta,2016A000248,Value of inventory change,Dollars,81,thousands,3,v8718,10.2,102917,,,,0
1942,Alberta,2016A000248,"Net income, total",Dollars,81,thousands,3,v8725,10.9,202230,,,,0
1942,Alberta,2016A000248,Realized gross income,Dollars,81,thousands,3,v8719,10.3,207479,,,t,0
1942,Alberta,2016A000248,Cash receipts from farm products,Dollars,81,thousands,3,v8720,10.4,173100,,,t,0
1942,Alberta,2016A000248,Supplementary payments,Dollars,81,thousands,3,v8722,10.6,15470,,,t,0
1942,Alberta,2016A000248,Operating expenses and depreciation charges,Dollars,81,thousands,3,v8723,10.7,108166,,,t,0
1942,British Columbia,2016A000259,Income-in-kind,Dollars,81,thousands,3,v8734,11.5,5599,,,,0
1942,British Columbia,2016A000259,Realized net income,Dollars,81,thousands,3,v8737,11.8,27788,,,,0
1942,British Columbia,2016A000259,"Gross income, total",Dollars,81,thousands,3,v8730,11.1,50721,,,t,0
1942,British Columbia,2016A000259,Value of inventory change,Dollars,81,thousands,3,v8731,11.2,96,,,,0
1942,British Columbia,2016A000259,"Net income, total",Dollars,81,thousands,3,v8738,11.9,27884,,,,0
1942,British Columbia,2016A000259,Realized gross income,Dollars,81,thousands,3,v8732,11.3,50625,,,t,0
1942,British Columbia,2016A000259,Cash receipts from farm products,Dollars,81,thousands,3,v8733,11.4,45026,,,t,0
1942,British Columbia,2016A000259,Operating expenses and depreciation charges,Dollars,81,thousands,3,v8736,11.7,22837,,,t,0
1943,Canada,2016A000011124,Income-in-kind,Dollars,81,thousands,3,v8617,1.5,173666,,,,0
1943,Canada,2016A000011124,Realized net income,Dollars,81,thousands,3,v8620,1.8,863815,,,,0
1943,Canada,2016A000011124,"Gross income, total",Dollars,81,thousands,3,v8613,1.1,1481080,,,t,0
1943,Canada,2016A000011124,Value of inventory change,Dollars,81,thousands,3,v8614,1.2,-116780,,,,0
1943,Canada,2016A000011124,"Net income, total",Dollars,81,thousands,3,v8621,1.9,747035,,,,0
1943,Canada,2016A000011124,Realized gross income,Dollars,81,thousands,3,v8615,1.3,1597860,,,t,0
1943,Canada,2016A000011124,Cash receipts from farm products,Dollars,81,thousands,3,v8616,1.4,1392780,,,t,0
1943,Canada,2016A000011124,Supplementary payments,Dollars,81,thousands,3,v8618,1.6,31414,,,t,0
1943,Canada,2016A000011124,Operating expenses and depreciation charges,Dollars,81,thousands,3,v8619,1.7,734045,,,t,0
1943,Prince Edward Island,2016A000211,Income-in-kind,Dollars,81,thousands,3,v8630,3.5,2576,,,,0
1943,Prince Edward Island,2016A000211,Realized net income,Dollars,81,thousands,3,v8633,3.8,8443,,,,0
1943,Prince Edward Island,2016A000211,"Gross income, total",Dollars,81,thousands,3,v8626,3.1,16948,,,t,0
1943,Prince Edward Island,2016A000211,Value of inventory change,Dollars,81,thousands,3,v8627,3.2,413,,,,0
1943,Prince Edward Island,2016A000211,"Net income, total",Dollars,81,thousands,3,v8634,3.9,8856,,,,0
1943,Prince Edward Island,2016A000211,Realized gross income,Dollars,81,thousands,3,v8628,3.3,16535,,,t,0
1943,Prince Edward Island,2016A000211,Cash receipts from farm products,Dollars,81,thousands,3,v8629,3.4,13959,,,t,0
1943,Prince Edward Island,2016A000211,Operating expenses and depreciation charges,Dollars,81,thousands,3,v8632,3.7,8092,,,t,0
1943,Nova Scotia,2016A000212,Income-in-kind,Dollars,81,thousands,3,v8643,4.5,7915,,,,0
1943,Nova Scotia,2016A000212,Realized net income,Dollars,81,thousands,3,v8646,4.8,17213,,,,0
1943,Nova Scotia,2016A000212,"Gross income, total",Dollars,81,thousands,3,v8639,4.1,35094,,,t,0
1943,Nova Scotia,2016A000212,Value of inventory change,Dollars,81,thousands,3,v8640,4.2,935,,,,0
1943,Nova Scotia,2016A000212,"Net income, total",Dollars,81,thousands,3,v8647,4.9,18148,,,,0
1943,Nova Scotia,2016A000212,Realized gross income,Dollars,81,thousands,3,v8641,4.3,34159,,,t,0
1943,Nova Scotia,2016A000212,Cash receipts from farm products,Dollars,81,thousands,3,v8642,4.4,26244,,,t,0
1943,Nova Scotia,2016A000212,Supplementary payments,Dollars,81,thousands,3,v8644,4.6,0,,,t,0
1943,Nova Scotia,2016A000212,Operating expenses and depreciation charges,Dollars,81,thousands,3,v8645,4.7,16946,,,t,0
1943,New Brunswick,2016A000213,Income-in-kind,Dollars,81,thousands,3,v8656,5.5,8634,,,,0
1943,New Brunswick,2016A000213,Realized net income,Dollars,81,thousands,3,v8659,5.8,21979,,,,0
1943,New Brunswick,2016A000213,"Gross income, total",Dollars,81,thousands,3,v8652,5.1,38800,,,t,0
1943,New Brunswick,2016A000213,Value of inventory change,Dollars,81,thousands,3,v8653,5.2,452,,,,0
1943,New Brunswick,2016A000213,"Net income, total",Dollars,81,thousands,3,v8660,5.9,22431,,,,0
1943,New Brunswick,2016A000213,Realized gross income,Dollars,81,thousands,3,v8654,5.3,38348,,,t,0
1943,New Brunswick,2016A000213,Cash receipts from farm products,Dollars,81,thousands,3,v8655,5.4,29714,,,t,0
1943,New Brunswick,2016A000213,Operating expenses and depreciation charges,Dollars,81,thousands,3,v8658,5.7,16369,,,t,0
1943,Quebec,2016A000224,Income-in-kind,Dollars,81,thousands,3,v8669,6.5,44566,,,,0
1943,Quebec,2016A000224,Realized net income,Dollars,81,thousands,3,v8672,6.8,117866,,,,0
1943,Quebec,2016A000224,"Gross income, total",Dollars,81,thousands,3,v8665,6.1,237728,,,t,0
1943,Quebec,2016A000224,Value of inventory change,Dollars,81,thousands,3,v8666,6.2,8304,,,,0
1943,Quebec,2016A000224,"Net income, total",Dollars,81,thousands,3,v8673,6.9,126170,,,,0
1943,Quebec,2016A000224,Realized gross income,Dollars,81,thousands,3,v8667,6.3,229424,,,t,0
1943,Quebec,2016A000224,Cash receipts from farm products,Dollars,81,thousands,3,v8668,6.4,184858,,,t,0
1943,Quebec,2016A000224,Operating expenses and depreciation charges,Dollars,81,thousands,3,v8671,6.7,111558,,,t,0
1943,Ontario,2016A000235,Income-in-kind,Dollars,81,thousands,3,v8682,7.5,42639,,,,0
1943,Ontario,2016A000235,Realized net income,Dollars,81,thousands,3,v8685,7.8,204786,,,,0
1943,Ontario,2016A000235,"Gross income, total",Dollars,81,thousands,3,v8678,7.1,413665,,,t,0
1943,Ontario,2016A000235,Value of inventory change,Dollars,81,thousands,3,v8679,7.2,-18057,,,,0
1943,Ontario,2016A000235,"Net income, total",Dollars,81,thousands,3,v8686,7.9,186729,,,,0
1943,Ontario,2016A000235,Realized gross income,Dollars,81,thousands,3,v8680,7.3,431722,,,t,0
1943,Ontario,2016A000235,Cash receipts from farm products,Dollars,81,thousands,3,v8681,7.4,389083,,,t,0
1943,Ontario,2016A000235,Operating expenses and depreciation charges,Dollars,81,thousands,3,v8684,7.7,226936,,,t,0
1943,Manitoba,2016A000246,Income-in-kind,Dollars,81,thousands,3,v8695,8.5,13163,,,,0
1943,Manitoba,2016A000246,Realized net income,Dollars,81,thousands,3,v8698,8.8,99355,,,,0
1943,Manitoba,2016A000246,"Gross income, total",Dollars,81,thousands,3,v8691,8.1,157011,,,t,0
1943,Manitoba,2016A000246,Value of inventory change,Dollars,81,thousands,3,v8692,8.2,-5396,,,,0
1943,Manitoba,2016A000246,"Net income, total",Dollars,81,thousands,3,v8699,8.9,93959,,,,0
1943,Manitoba,2016A000246,Realized gross income,Dollars,81,thousands,3,v8693,8.3,162407,,,t,0
1943,Manitoba,2016A000246,Cash receipts from farm products,Dollars,81,thousands,3,v8694,8.4,144188,,,t,0
1943,Manitoba,2016A000246,Supplementary payments,Dollars,81,thousands,3,v8696,8.6,5056,,,t,0
1943,Manitoba,2016A000246,Operating expenses and depreciation charges,Dollars,81,thousands,3,v8697,8.7,63052,,,t,0
1943,Saskatchewan,2016A000247,Income-in-kind,Dollars,81,thousands,3,v8708,9.5,26866,,,,0
1943,Saskatchewan,2016A000247,Realized net income,Dollars,81,thousands,3,v8711,9.8,215897,,,,0
1943,Saskatchewan,2016A000247,"Gross income, total",Dollars,81,thousands,3,v8704,9.1,299954,,,t,0
1943,Saskatchewan,2016A000247,Value of inventory change,Dollars,81,thousands,3,v8705,9.2,-66397,,,,0
1943,Saskatchewan,2016A000247,"Net income, total",Dollars,81,thousands,3,v8712,9.9,149500,,,,0
1943,Saskatchewan,2016A000247,Realized gross income,Dollars,81,thousands,3,v8706,9.3,366351,,,t,0
1943,Saskatchewan,2016A000247,Cash receipts from farm products,Dollars,81,thousands,3,v8707,9.4,322216,,,t,0
1943,Saskatchewan,2016A000247,Supplementary payments,Dollars,81,thousands,3,v8709,9.6,17269,,,t,0
1943,Saskatchewan,2016A000247,Operating expenses and depreciation charges,Dollars,81,thousands,3,v8710,9.7,150454,,,t,0
1943,Alberta,2016A000248,Income-in-kind,Dollars,81,thousands,3,v8721,10.5,20822,,,,0
1943,Alberta,2016A000248,Realized net income,Dollars,81,thousands,3,v8724,10.8,142735,,,,0
1943,Alberta,2016A000248,"Gross income, total",Dollars,81,thousands,3,v8717,10.1,217086,,,t,0
1943,Alberta,2016A000248,Value of inventory change,Dollars,81,thousands,3,v8718,10.2,-38151,,,,0
1943,Alberta,2016A000248,"Net income, total",Dollars,81,thousands,3,v8725,10.9,104584,,,,0
1943,Alberta,2016A000248,Realized gross income,Dollars,81,thousands,3,v8719,10.3,255237,,,t,0
1943,Alberta,2016A000248,Cash receipts from farm products,Dollars,81,thousands,3,v8720,10.4,225326,,,t,0
1943,Alberta,2016A000248,Supplementary payments,Dollars,81,thousands,3,v8722,10.6,9089,,,t,0
1943,Alberta,2016A000248,Operating expenses and depreciation charges,Dollars,81,thousands,3,v8723,10.7,112502,,,t,0
1943,British Columbia,2016A000259,Income-in-kind,Dollars,81,thousands,3,v8734,11.5,6485,,,,0
1943,British Columbia,2016A000259,Realized net income,Dollars,81,thousands,3,v8737,11.8,35541,,,,0
1943,British Columbia,2016A000259,"Gross income, total",Dollars,81,thousands,3,v8730,11.1,64794,,,t,0
1943,British Columbia,2016A000259,Value of inventory change,Dollars,81,thousands,3,v8731,11.2,1117,,,,0
1943,British Columbia,2016A000259,"Net income, total",Dollars,81,thousands,3,v8738,11.9,36658,,,,0
1943,British Columbia,2016A000259,Realized gross income,Dollars,81,thousands,3,v8732,11.3,63677,,,t,0
1943,British Columbia,2016A000259,Cash receipts from farm products,Dollars,81,thousands,3,v8733,11.4,57192,,,t,0
1943,British Columbia,2016A000259,Operating expenses and depreciation charges,Dollars,81,thousands,3,v8736,11.7,28136,,,t,0
1944,Canada,2016A000011124,Income-in-kind,Dollars,81,thousands,3,v8617,1.5,174343,,,,0
1944,Canada,2016A000011124,Realized net income,Dollars,81,thousands,3,v8620,1.8,1223341,,,,0
1944,Canada,2016A000011124,"Gross income, total",Dollars,81,thousands,3,v8613,1.1,1869670,,,t,0
1944,Canada,2016A000011124,Value of inventory change,Dollars,81,thousands,3,v8614,1.2,-128383,,,,0
1944,Canada,2016A000011124,"Net income, total",Dollars,81,thousands,3,v8621,1.9,1094958,,,,0
1944,Canada,2016A000011124,Realized gross income,Dollars,81,thousands,3,v8615,1.3,1998053,,,t,0
1944,Canada,2016A000011124,Cash receipts from farm products,Dollars,81,thousands,3,v8616,1.4,1805838,,,t,0
1944,Canada,2016A000011124,Supplementary payments,Dollars,81,thousands,3,v8618,1.6,17872,,,t,0
1944,Canada,2016A000011124,Operating expenses and depreciation charges,Dollars,81,thousands,3,v8619,1.7,774712,,,t,0
1944,Prince Edward Island,2016A000211,Income-in-kind,Dollars,81,thousands,3,v8630,3.5,2550,,,,0
1944,Prince Edward Island,2016A000211,Realized net income,Dollars,81,thousands,3,v8633,3.8,7955,,,,0
1944,Prince Edward Island,2016A000211,"Gross income, total",Dollars,81,thousands,3,v8626,3.1,16415,,,t,0
1944,Prince Edward Island,2016A000211,Value of inventory change,Dollars,81,thousands,3,v8627,3.2,171,,,,0
1944,Prince Edward Island,2016A000211,"Net income, total",Dollars,81,thousands,3,v8634,3.9,8126,,,,0
1944,Prince Edward Island,2016A000211,Realized gross income,Dollars,81,thousands,3,v8628,3.3,16244,,,t,0
1944,Prince Edward Island,2016A000211,Cash receipts from farm products,Dollars,81,thousands,3,v8629,3.4,13694,,,t,0
1944,Prince Edward Island,2016A000211,Operating expenses and depreciation charges,Dollars,81,thousands,3,v8632,3.7,8289,,,t,0
1944,Nova Scotia,2016A000212,Income-in-kind,Dollars,81,thousands,3,v8643,4.5,7820,,,,0
1944,Nova Scotia,2016A000212,Realized net income,Dollars,81,thousands,3,v8646,4.8,18787,,,,0
1944,Nova Scotia,2016A000212,"Gross income, total",Dollars,81,thousands,3,v8639,4.1,36622,,,t,0
1944,Nova Scotia,2016A000212,Value of inventory change,Dollars,81,thousands,3,v8640,4.2,198,,,,0
1944,Nova Scotia,2016A000212,"Net income, total",Dollars,81,thousands,3,v8647,4.9,18985,,,,0
1944,Nova Scotia,2016A000212,Realized gross income,Dollars,81,thousands,3,v8641,4.3,36424,,,t,0
1944,Nova Scotia,2016A000212,Cash receipts from farm products,Dollars,81,thousands,3,v8642,4.4,28604,,,t,0
1944,Nova Scotia,2016A000212,Supplementary payments,Dollars,81,thousands,3,v8644,4.6,0,,,t,0
1944,Nova Scotia,2016A000212,Operating expenses and depreciation charges,Dollars,81,thousands,3,v8645,4.7,17637,,,t,0
1944,New Brunswick,2016A000213,Income-in-kind,Dollars,81,thousands,3,v8656,5.5,8189,,,,0
1944,New Brunswick,2016A000213,Realized net income,Dollars,81,thousands,3,v8659,5.8,23362,,,,0
1944,New Brunswick,2016A000213,"Gross income, total",Dollars,81,thousands,3,v8652,5.1,39772,,,t,0
1944,New Brunswick,2016A000213,Value of inventory change,Dollars,81,thousands,3,v8653,5.2,-523,,,,0
1944,New Brunswick,2016A000213,"Net income, total",Dollars,81,thousands,3,v8660,5.9,22839,,,,0
1944,New Brunswick,2016A000213,Realized gross income,Dollars,81,thousands,3,v8654,5.3,40295,,,t,0
1944,New Brunswick,2016A000213,Cash receipts from farm products,Dollars,81,thousands,3,v8655,5.4,32106,,,t,0
1944,New Brunswick,2016A000213,Operating expenses and depreciation charges,Dollars,81,thousands,3,v8658,5.7,16933,,,t,0
1944,Quebec,2016A000224,Income-in-kind,Dollars,81,thousands,3,v8669,6.5,44773,,,,0
1944,Quebec,2016A000224,Realized net income,Dollars,81,thousands,3,v8672,6.8,138128,,,,0
1944,Quebec,2016A000224,"Gross income, total",Dollars,81,thousands,3,v8665,6.1,258797,,,t,0
1944,Quebec,2016A000224,Value of inventory change,Dollars,81,thousands,3,v8666,6.2,8870,,,,0
1944,Quebec,2016A000224,"Net income, total",Dollars,81,thousands,3,v8673,6.9,146998,,,,0
1944,Quebec,2016A000224,Realized gross income,Dollars,81,thousands,3,v8667,6.3,249927,,,t,0
1944,Quebec,2016A000224,Cash receipts from farm products,Dollars,81,thousands,3,v8668,6.4,205154,,,t,0
1944,Quebec,2016A000224,Operating expenses and depreciation charges,Dollars,81,thousands,3,v8671,6.7,111799,,,t,0
1944,Ontario,2016A000235,Income-in-kind,Dollars,81,thousands,3,v8682,7.5,43256,,,,0
1944,Ontario,2016A000235,Realized net income,Dollars,81,thousands,3,v8685,7.8,226038,,,,0
1944,Ontario,2016A000235,"Gross income, total",Dollars,81,thousands,3,v8678,7.1,466850,,,t,0
1944,Ontario,2016A000235,Value of inventory change,Dollars,81,thousands,3,v8679,7.2,12884,,,,0
1944,Ontario,2016A000235,"Net income, total",Dollars,81,thousands,3,v8686,7.9,238922,,,,0
1944,Ontario,2016A000235,Realized gross income,Dollars,81,thousands,3,v8680,7.3,453966,,,t,0
1944,Ontario,2016A000235,Cash receipts from farm products,Dollars,81,thousands,3,v8681,7.4,410710,,,t,0
1944,Ontario,2016A000235,Operating expenses and depreciation charges,Dollars,81,thousands,3,v8684,7.7,227928,,,t,0
1944,Manitoba,2016A000246,Income-in-kind,Dollars,81,thousands,3,v8695,8.5,13091,,,,0
1944,Manitoba,2016A000246,Realized net income,Dollars,81,thousands,3,v8698,8.8,118524,,,,0
1944,Manitoba,2016A000246,"Gross income, total",Dollars,81,thousands,3,v8691,8.1,165860,,,t,0
1944,Manitoba,2016A000246,Value of inventory change,Dollars,81,thousands,3,v8692,8.2,-20763,,,,0
1944,Manitoba,2016A000246,"Net income, total",Dollars,81,thousands,3,v8699,8.9,97761,,,,0
1944,Manitoba,2016A000246,Realized gross income,Dollars,81,thousands,3,v8693,8.3,186623,,,t,0
1944,Manitoba,2016A000246,Cash receipts from farm products,Dollars,81,thousands,3,v8694,8.4,172752,,,t,0
1944,Manitoba,2016A000246,Supplementary payments,Dollars,81,thousands,3,v8696,8.6,780,,,t,0
1944,Manitoba,2016A000246,Operating expenses and depreciation charges,Dollars,81,thousands,3,v8697,8.7,68099,,,t,0
1944,Saskatchewan,2016A000247,Income-in-kind,Dollars,81,thousands,3,v8708,9.5,26878,,,,0
1944,Saskatchewan,2016A000247,Realized net income,Dollars,81,thousands,3,v8711,9.8,401143,,,,0
1944,Saskatchewan,2016A000247,"Gross income, total",Dollars,81,thousands,3,v8704,9.1,498667,,,t,0
1944,Saskatchewan,2016A000247,Value of inventory change,Dollars,81,thousands,3,v8705,9.2,-73770,,,,0
1944,Saskatchewan,2016A000247,"Net income, total",Dollars,81,thousands,3,v8712,9.9,327373,,,,0
1944,Saskatchewan,2016A000247,Realized gross income,Dollars,81,thousands,3,v8706,9.3,572437,,,t,0
1944,Saskatchewan,2016A000247,Cash receipts from farm products,Dollars,81,thousands,3,v8707,9.4,533960,,,t,0
1944,Saskatchewan,2016A000247,Supplementary payments,Dollars,81,thousands,3,v8709,9.6,11599,,,t,0
1944,Saskatchewan,2016A000247,Operating expenses and depreciation charges,Dollars,81,thousands,3,v8710,9.7,171294,,,t,0
1944,Alberta,2016A000248,Income-in-kind,Dollars,81,thousands,3,v8721,10.5,21100,,,,0
1944,Alberta,2016A000248,Realized net income,Dollars,81,thousands,3,v8724,10.8,246957,,,,0
1944,Alberta,2016A000248,"Gross income, total",Dollars,81,thousands,3,v8717,10.1,311734,,,t,0
1944,Alberta,2016A000248,Value of inventory change,Dollars,81,thousands,3,v8718,10.2,-56129,,,,0
1944,Alberta,2016A000248,"Net income, total",Dollars,81,thousands,3,v8725,10.9,190828,,,,0
1944,Alberta,2016A000248,Realized gross income,Dollars,81,thousands,3,v8719,10.3,367863,,,t,0
1944,Alberta,2016A000248,Cash receipts from farm products,Dollars,81,thousands,3,v8720,10.4,341270,,,t,0
1944,Alberta,2016A000248,Supplementary payments,Dollars,81,thousands,3,v8722,10.6,5493,,,t,0
1944,Alberta,2016A000248,Operating expenses and depreciation charges,Dollars,81,thousands,3,v8723,10.7,120906,,,t,0
1944,British Columbia,2016A000259,Income-in-kind,Dollars,81,thousands,3,v8734,11.5,6686,,,,0
1944,British Columbia,2016A000259,Realized net income,Dollars,81,thousands,3,v8737,11.8,42447,,,,0
1944,British Columbia,2016A000259,"Gross income, total",Dollars,81,thousands,3,v8730,11.1,74953,,,t,0
1944,British Columbia,2016A000259,Value of inventory change,Dollars,81,thousands,3,v8731,11.2,679,,,,0
1944,British Columbia,2016A000259,"Net income, total",Dollars,81,thousands,3,v8738,11.9,43126,,,,0
1944,British Columbia,2016A000259,Realized gross income,Dollars,81,thousands,3,v8732,11.3,74274,,,t,0
1944,British Columbia,2016A000259,Cash receipts from farm products,Dollars,81,thousands,3,v8733,11.4,67588,,,t,0
1944,British Columbia,2016A000259,Operating expenses and depreciation charges,Dollars,81,thousands,3,v8736,11.7,31827,,,t,0
1945,Canada,2016A000011124,Income-in-kind,Dollars,81,thousands,3,v8617,1.5,184923,,,,0
1945,Canada,2016A000011124,Realized net income,Dollars,81,thousands,3,v8620,1.8,1059158,,,,0
1945,Canada,2016A000011124,"Gross income, total",Dollars,81,thousands,3,v8613,1.1,1607802,,,t,0
1945,Canada,2016A000011124,Value of inventory change,Dollars,81,thousands,3,v8614,1.2,-239291,,,,0
1945,Canada,2016A000011124,"Net income, total",Dollars,81,thousands,3,v8621,1.9,819867,,,,0
1945,Canada,2016A000011124,Realized gross income,Dollars,81,thousands,3,v8615,1.3,1847093,,,t,0
1945,Canada,2016A000011124,Cash receipts from farm products,Dollars,81,thousands,3,v8616,1.4,1655730,,,t,0
1945,Canada,2016A000011124,Supplementary payments,Dollars,81,thousands,3,v8618,1.6,6440,,,t,0
1945,Canada,2016A000011124,Operating expenses and depreciation charges,Dollars,81,thousands,3,v8619,1.7,787935,,,t,0
1945,Prince Edward Island,2016A000211,Income-in-kind,Dollars,81,thousands,3,v8630,3.5,2726,,,,0
1945,Prince Edward Island,2016A000211,Realized net income,Dollars,81,thousands,3,v8633,3.8,9809,,,,0
1945,Prince Edward Island,2016A000211,"Gross income, total",Dollars,81,thousands,3,v8626,3.1,18349,,,t,0
1945,Prince Edward Island,2016A000211,Value of inventory change,Dollars,81,thousands,3,v8627,3.2,-477,,,,0
1945,Prince Edward Island,2016A000211,"Net income, total",Dollars,81,thousands,3,v8634,3.9,9332,,,,0
1945,Prince Edward Island,2016A000211,Realized gross income,Dollars,81,thousands,3,v8628,3.3,18826,,,t,0
1945,Prince Edward Island,2016A000211,Cash receipts from farm products,Dollars,81,thousands,3,v8629,3.4,16100,,,t,0
1945,Prince Edward Island,2016A000211,Operating expenses and depreciation charges,Dollars,81,thousands,3,v8632,3.7,9017,,,t,0
1945,Nova Scotia,2016A000212,Income-in-kind,Dollars,81,thousands,3,v8643,4.5,7684,,,,0
1945,Nova Scotia,2016A000212,Realized net income,Dollars,81,thousands,3,v8646,4.8,16460,,,,0
1945,Nova Scotia,2016A000212,"Gross income, total",Dollars,81,thousands,3,v8639,4.1,33307,,,t,0
1945,Nova Scotia,2016A000212,Value of inventory change,Dollars,81,thousands,3,v8640,4.2,-1250,,,,0
1945,Nova Scotia,2016A000212,"Net income, total",Dollars,81,thousands,3,v8647,4.9,15210,,,,0
1945,Nova Scotia,2016A000212,Realized gross income,Dollars,81,thousands,3,v8641,4.3,34557,,,t,0
1945,Nova Scotia,2016A000212,Cash receipts from farm products,Dollars,81,thousands,3,v8642,4.4,26873,,,t,0
1945,Nova Scotia,2016A000212,Supplementary payments,Dollars,81,thousands,3,v8644,4.6,0,,,t,0
1945,Nova Scotia,2016A000212,Operating expenses and depreciation charges,Dollars,81,thousands,3,v8645,4.7,18097,,,t,0
1945,New Brunswick,2016A000213,Income-in-kind,Dollars,81,thousands,3,v8656,5.5,8693,,,,0
1945,New Brunswick,2016A000213,Realized net income,Dollars,81,thousands,3,v8659,5.8,23916,,,,0
1945,New Brunswick,2016A000213,"Gross income, total",Dollars,81,thousands,3,v8652,5.1,40336,,,t,0
1945,New Brunswick,2016A000213,Value of inventory change,Dollars,81,thousands,3,v8653,5.2,-1774,,,,0
1945,New Brunswick,2016A000213,"Net income, total",Dollars,81,thousands,3,v8660,5.9,22142,,,,0
1945,New Brunswick,2016A000213,Realized gross income,Dollars,81,thousands,3,v8654,5.3,42110,,,t,0
1945,New Brunswick,2016A000213,Cash receipts from farm products,Dollars,81,thousands,3,v8655,5.4,33417,,,t,0
1945,New Brunswick,2016A000213,Operating expenses and depreciation charges,Dollars,81,thousands,3,v8658,5.7,18194,,,t,0
1945,Quebec,2016A000224,Income-in-kind,Dollars,81,thousands,3,v8669,6.5,50184,,,,0
1945,Quebec,2016A000224,Realized net income,Dollars,81,thousands,3,v8672,6.8,148170,,,,0
1945,Quebec,2016A000224,"Gross income, total",Dollars,81,thousands,3,v8665,6.1,246165,,,t,0
1945,Quebec,2016A000224,Value of inventory change,Dollars,81,thousands,3,v8666,6.2,-20610,,,,0
1945,Quebec,2016A000224,"Net income, total",Dollars,81,thousands,3,v8673,6.9,127560,,,,0
1945,Quebec,2016A000224,Realized gross income,Dollars,81,thousands,3,v8667,6.3,266775,,,t,0
1945,Quebec,2016A000224,Cash receipts from farm products,Dollars,81,thousands,3,v8668,6.4,216591,,,t,0
1945,Quebec,2016A000224,Operating expenses and depreciation charges,Dollars,81,thousands,3,v8671,6.7,118605,,,t,0
1945,Ontario,2016A000235,Income-in-kind,Dollars,81,thousands,3,v8682,7.5,45023,,,,0
1945,Ontario,2016A000235,Realized net income,Dollars,81,thousands,3,v8685,7.8,250870,,,,0
1945,Ontario,2016A000235,"Gross income, total",Dollars,81,thousands,3,v8678,7.1,473913,,,t,0
1945,Ontario,2016A000235,Value of inventory change,Dollars,81,thousands,3,v8679,7.2,-13735,,,,0
1945,Ontario,2016A000235,"Net income, total",Dollars,81,thousands,3,v8686,7.9,237135,,,,0
1945,Ontario,2016A000235,Realized gross income,Dollars,81,thousands,3,v8680,7.3,487648,,,t,0
1945,Ontario,2016A000235,Cash receipts from farm products,Dollars,81,thousands,3,v8681,7.4,442625,,,t,0
1945,Ontario,2016A000235,Operating expenses and depreciation charges,Dollars,81,thousands,3,v8684,7.7,236778,,,t,0
1945,Manitoba,2016A000246,Income-in-kind,Dollars,81,thousands,3,v8695,8.5,13576,,,,0
1945,Manitoba,2016A000246,Realized net income,Dollars,81,thousands,3,v8698,8.8,93444,,,,0
1945,Manitoba,2016A000246,"Gross income, total",Dollars,81,thousands,3,v8691,8.1,139886,,,t,0
1945,Manitoba,2016A000246,Value of inventory change,Dollars,81,thousands,3,v8692,8.2,-25173,,,,0
1945,Manitoba,2016A000246,"Net income, total",Dollars,81,thousands,3,v8699,8.9,68271,,,,0
1945,Manitoba,2016A000246,Realized gross income,Dollars,81,thousands,3,v8693,8.3,165059,,,t,0
1945,Manitoba,2016A000246,Cash receipts from farm products,Dollars,81,thousands,3,v8694,8.4,151186,,,t,0
1945,Manitoba,2016A000246,Supplementary payments,Dollars,81,thousands,3,v8696,8.6,297,,,t,0
1945,Manitoba,2016A000246,Operating expenses and depreciation charges,Dollars,81,thousands,3,v8697,8.7,71615,,,t,0
1945,Saskatchewan,2016A000247,Income-in-kind,Dollars,81,thousands,3,v8708,9.5,28785,,,,0
1945,Saskatchewan,2016A000247,Realized net income,Dollars,81,thousands,3,v8711,9.8,275688,,,,0
1945,Saskatchewan,2016A000247,"Gross income, total",Dollars,81,thousands,3,v8704,9.1,331921,,,t,0
1945,Saskatchewan,2016A000247,Value of inventory change,Dollars,81,thousands,3,v8705,9.2,-105668,,,,0
1945,Saskatchewan,2016A000247,"Net income, total",Dollars,81,thousands,3,v8712,9.9,170020,,,,0
1945,Saskatchewan,2016A000247,Realized gross income,Dollars,81,thousands,3,v8706,9.3,437589,,,t,0
1945,Saskatchewan,2016A000247,Cash receipts from farm products,Dollars,81,thousands,3,v8707,9.4,405903,,,t,0
1945,Saskatchewan,2016A000247,Supplementary payments,Dollars,81,thousands,3,v8709,9.6,2901,,,t,0
1945,Saskatchewan,2016A000247,Operating expenses and depreciation charges,Dollars,81,thousands,3,v8710,9.7,161901,,,t,0
1945,Alberta,2016A000248,Income-in-kind,Dollars,81,thousands,3,v8721,10.5,21085,,,,0
1945,Alberta,2016A000248,Realized net income,Dollars,81,thousands,3,v8724,10.8,194821,,,,0
1945,Alberta,2016A000248,"Gross income, total",Dollars,81,thousands,3,v8717,10.1,245289,,,t,0
1945,Alberta,2016A000248,Value of inventory change,Dollars,81,thousands,3,v8718,10.2,-69604,,,,0
1945,Alberta,2016A000248,"Net income, total",Dollars,81,thousands,3,v8725,10.9,125217,,,,0
1945,Alberta,2016A000248,Realized gross income,Dollars,81,thousands,3,v8719,10.3,314893,,,t,0
1945,Alberta,2016A000248,Cash receipts from farm products,Dollars,81,thousands,3,v8720,10.4,290566,,,t,0
1945,Alberta,2016A000248,Supplementary payments,Dollars,81,thousands,3,v8722,10.6,3242,,,t,0
1945,Alberta,2016A000248,Operating expenses and depreciation charges,Dollars,81,thousands,3,v8723,10.7,120072,,,t,0
1945,British Columbia,2016A000259,Income-in-kind,Dollars,81,thousands,3,v8734,11.5,7167,,,,0
1945,British Columbia,2016A000259,Realized net income,Dollars,81,thousands,3,v8737,11.8,45980,,,,0
1945,British Columbia,2016A000259,"Gross income, total",Dollars,81,thousands,3,v8730,11.1,78636,,,t,0
1945,British Columbia,2016A000259,Value of inventory change,Dollars,81,thousands,3,v8731,11.2,-1000,,,,0
1945,British Columbia,2016A000259,"Net income, total",Dollars,81,thousands,3,v8738,11.9,44980,,,,0
1945,British Columbia,2016A000259,Realized gross income,Dollars,81,thousands,3,v8732,11.3,79636,,,t,0
1945,British Columbia,2016A000259,Cash receipts from farm products,Dollars,81,thousands,3,v8733,11.4,72469,,,t,0
1945,British Columbia,2016A000259,Operating expenses and depreciation charges,Dollars,81,thousands,3,v8736,11.7,33656,,,t,0
1946,Canada,2016A000011124,Income-in-kind,Dollars,81,thousands,3,v8617,1.5,192227,,,,0
1946,Canada,2016A000011124,Realized net income,Dollars,81,thousands,3,v8620,1.8,1013806,,,,0
1946,Canada,2016A000011124,"Gross income, total",Dollars,81,thousands,3,v8613,1.1,1904530,,,t,0
1946,Canada,2016A000011124,Value of inventory change,Dollars,81,thousands,3,v8614,1.2,13502,,,,0
1946,Canada,2016A000011124,"Net income, total",Dollars,81,thousands,3,v8621,1.9,1027308,,,,0
1946,Canada,2016A000011124,Realized gross income,Dollars,81,thousands,3,v8615,1.3,1891028,,,t,0
1946,Canada,2016A000011124,Cash receipts from farm products,Dollars,81,thousands,3,v8616,1.4,1681851,,,t,0
1946,Canada,2016A000011124,Supplementary payments,Dollars,81,thousands,3,v8618,1.6,16950,,,t,0
1946,Canada,2016A000011124,Operating expenses and depreciation charges,Dollars,81,thousands,3,v8619,1.7,877222,,,t,0
1946,Prince Edward Island,2016A000211,Income-in-kind,Dollars,81,thousands,3,v8630,3.5,2752,,,,0
1946,Prince Edward Island,2016A000211,Realized net income,Dollars,81,thousands,3,v8633,3.8,8705,,,,0
1946,Prince Edward Island,2016A000211,"Gross income, total",Dollars,81,thousands,3,v8626,3.1,17750,,,t,0
1946,Prince Edward Island,2016A000211,Value of inventory change,Dollars,81,thousands,3,v8627,3.2,-805,,,,0
1946,Prince Edward Island,2016A000211,"Net income, total",Dollars,81,thousands,3,v8634,3.9,7900,,,,0
1946,Prince Edward Island,2016A000211,Realized gross income,Dollars,81,thousands,3,v8628,3.3,18555,,,t,0
1946,Prince Edward Island,2016A000211,Cash receipts from farm products,Dollars,81,thousands,3,v8629,3.4,15803,,,t,0
1946,Prince Edward Island,2016A000211,Operating expenses and depreciation charges,Dollars,81,thousands,3,v8632,3.7,9850,,,t,0
1946,Nova Scotia,2016A000212,Income-in-kind,Dollars,81,thousands,3,v8643,4.5,8145,,,,0
1946,Nova Scotia,2016A000212,Realized net income,Dollars,81,thousands,3,v8646,4.8,22166,,,,0
1946,Nova Scotia,2016A000212,"Gross income, total",Dollars,81,thousands,3,v8639,4.1,41064,,,t,0
1946,Nova Scotia,2016A000212,Value of inventory change,Dollars,81,thousands,3,v8640,4.2,-588,,,,0
1946,Nova Scotia,2016A000212,"Net income, total",Dollars,81,thousands,3,v8647,4.9,21578,,,,0
1946,Nova Scotia,2016A000212,Realized gross income,Dollars,81,thousands,3,v8641,4.3,41652,,,t,0
1946,Nova Scotia,2016A000212,Cash receipts from farm products,Dollars,81,thousands,3,v8642,4.4,33507,,,t,0
1946,Nova Scotia,2016A000212,Supplementary payments,Dollars,81,thousands,3,v8644,4.6,0,,,t,0
1946,Nova Scotia,2016A000212,Operating expenses and depreciation charges,Dollars,81,thousands,3,v8645,4.7,19486,,,t,0
1946,New Brunswick,2016A000213,Income-in-kind,Dollars,81,thousands,3,v8656,5.5,9246,,,,0
1946,New Brunswick,2016A000213,Realized net income,Dollars,81,thousands,3,v8659,5.8,23795,,,,0
1946,New Brunswick,2016A000213,"Gross income, total",Dollars,81,thousands,3,v8652,5.1,42517,,,t,0
1946,New Brunswick,2016A000213,Value of inventory change,Dollars,81,thousands,3,v8653,5.2,-697,,,,0
1946,New Brunswick,2016A000213,"Net income, total",Dollars,81,thousands,3,v8660,5.9,23098,,,,0
1946,New Brunswick,2016A000213,Realized gross income,Dollars,81,thousands,3,v8654,5.3,43214,,,t,0
1946,New Brunswick,2016A000213,Cash receipts from farm products,Dollars,81,thousands,3,v8655,5.4,33968,,,t,0
1946,New Brunswick,2016A000213,Operating expenses and depreciation charges,Dollars,81,thousands,3,v8658,5.7,19419,,,t,0
1946,Quebec,2016A000224,Income-in-kind,Dollars,81,thousands,3,v8669,6.5,51572,,,,0
1946,Quebec,2016A000224,Realized net income,Dollars,81,thousands,3,v8672,6.8,140942,,,,0
1946,Quebec,2016A000224,"Gross income, total",Dollars,81,thousands,3,v8665,6.1,277652,,,t,0
1946,Quebec,2016A000224,Value of inventory change,Dollars,81,thousands,3,v8666,6.2,3149,,,,0
1946,Quebec,2016A000224,"Net income, total",Dollars,81,thousands,3,v8673,6.9,144091,,,,0
1946,Quebec,2016A000224,Realized gross income,Dollars,81,thousands,3,v8667,6.3,274503,,,t,0
1946,Quebec,2016A000224,Cash receipts from farm products,Dollars,81,thousands,3,v8668,6.4,222931,,,t,0
1946,Quebec,2016A000224,Operating expenses and depreciation charges,Dollars,81,thousands,3,v8671,6.7,133561,,,t,0
1946,Ontario,2016A000235,Income-in-kind,Dollars,81,thousands,3,v8682,7.5,46732,,,,0
1946,Ontario,2016A000235,Realized net income,Dollars,81,thousands,3,v8685,7.8,240117,,,,0
1946,Ontario,2016A000235,"Gross income, total",Dollars,81,thousands,3,v8678,7.1,511046,,,t,0
1946,Ontario,2016A000235,Value of inventory change,Dollars,81,thousands,3,v8679,7.2,2581,,,,0
1946,Ontario,2016A000235,"Net income, total",Dollars,81,thousands,3,v8686,7.9,242698,,,,0
1946,Ontario,2016A000235,Realized gross income,Dollars,81,thousands,3,v8680,7.3,508465,,,t,0
1946,Ontario,2016A000235,Cash receipts from farm products,Dollars,81,thousands,3,v8681,7.4,461733,,,t,0
1946,Ontario,2016A000235,Operating expenses and depreciation charges,Dollars,81,thousands,3,v8684,7.7,268348,,,t,0
1946,Manitoba,2016A000246,Income-in-kind,Dollars,81,thousands,3,v8695,8.5,14710,,,,0
1946,Manitoba,2016A000246,Realized net income,Dollars,81,thousands,3,v8698,8.8,103601,,,,0
1946,Manitoba,2016A000246,"Gross income, total",Dollars,81,thousands,3,v8691,8.1,180068,,,t,0
1946,Manitoba,2016A000246,Value of inventory change,Dollars,81,thousands,3,v8692,8.2,-1138,,,,0
1946,Manitoba,2016A000246,"Net income, total",Dollars,81,thousands,3,v8699,8.9,102463,,,,0
1946,Manitoba,2016A000246,Realized gross income,Dollars,81,thousands,3,v8693,8.3,181206,,,t,0
1946,Manitoba,2016A000246,Cash receipts from farm products,Dollars,81,thousands,3,v8694,8.4,166465,,,t,0
1946,Manitoba,2016A000246,Supplementary payments,Dollars,81,thousands,3,v8696,8.6,31,,,t,0
1946,Manitoba,2016A000246,Operating expenses and depreciation charges,Dollars,81,thousands,3,v8697,8.7,77605,,,t,0
1946,Saskatchewan,2016A000247,Income-in-kind,Dollars,81,thousands,3,v8708,9.5,29919,,,,0
1946,Saskatchewan,2016A000247,Realized net income,Dollars,81,thousands,3,v8711,9.8,255250,,,,0
1946,Saskatchewan,2016A000247,"Gross income, total",Dollars,81,thousands,3,v8704,9.1,426746,,,t,0
1946,Saskatchewan,2016A000247,Value of inventory change,Dollars,81,thousands,3,v8705,9.2,-4543,,,,0
1946,Saskatchewan,2016A000247,"Net income, total",Dollars,81,thousands,3,v8712,9.9,250707,,,,0
1946,Saskatchewan,2016A000247,Realized gross income,Dollars,81,thousands,3,v8706,9.3,431289,,,t,0
1946,Saskatchewan,2016A000247,Cash receipts from farm products,Dollars,81,thousands,3,v8707,9.4,388909,,,t,0
1946,Saskatchewan,2016A000247,Supplementary payments,Dollars,81,thousands,3,v8709,9.6,12461,,,t,0
1946,Saskatchewan,2016A000247,Operating expenses and depreciation charges,Dollars,81,thousands,3,v8710,9.7,176039,,,t,0
1946,Alberta,2016A000248,Income-in-kind,Dollars,81,thousands,3,v8721,10.5,21916,,,,0
1946,Alberta,2016A000248,Realized net income,Dollars,81,thousands,3,v8724,10.8,175136,,,,0
1946,Alberta,2016A000248,"Gross income, total",Dollars,81,thousands,3,v8717,10.1,325436,,,t,0
1946,Alberta,2016A000248,Value of inventory change,Dollars,81,thousands,3,v8718,10.2,15792,,,,0
1946,Alberta,2016A000248,"Net income, total",Dollars,81,thousands,3,v8725,10.9,190928,,,,0
1946,Alberta,2016A000248,Realized gross income,Dollars,81,thousands,3,v8719,10.3,309644,,,t,0
1946,Alberta,2016A000248,Cash receipts from farm products,Dollars,81,thousands,3,v8720,10.4,283270,,,t,0
1946,Alberta,2016A000248,Supplementary payments,Dollars,81,thousands,3,v8722,10.6,4458,,,t,0
1946,Alberta,2016A000248,Operating expenses and depreciation charges,Dollars,81,thousands,3,v8723,10.7,134508,,,t,0
1946,British Columbia,2016A000259,Income-in-kind,Dollars,81,thousands,3,v8734,11.5,7235,,,,0
1946,British Columbia,2016A000259,Realized net income,Dollars,81,thousands,3,v8737,11.8,44094,,,,0
1946,British Columbia,2016A000259,"Gross income, total",Dollars,81,thousands,3,v8730,11.1,82251,,,t,0
1946,British Columbia,2016A000259,Value of inventory change,Dollars,81,thousands,3,v8731,11.2,-249,,,,0
1946,British Columbia,2016A000259,"Net income, total",Dollars,81,thousands,3,v8738,11.9,43845,,,,0
1946,British Columbia,2016A000259,Realized gross income,Dollars,81,thousands,3,v8732,11.3,82500,,,t,0
1946,British Columbia,2016A000259,Cash receipts from farm products,Dollars,81,thousands,3,v8733,11.4,75265,,,t,0
1946,British Columbia,2016A000259,Operating expenses and depreciation charges,Dollars,81,thousands,3,v8736,11.7,38406,,,t,0
1947,Canada,2016A000011124,Income-in-kind,Dollars,81,thousands,3,v8617,1.5,200945,,,,0
1947,Canada,2016A000011124,Realized net income,Dollars,81,thousands,3,v8620,1.8,1127376,,,,0
1947,Canada,2016A000011124,"Gross income, total",Dollars,81,thousands,3,v8613,1.1,2085977,,,t,0
1947,Canada,2016A000011124,Value of inventory change,Dollars,81,thousands,3,v8614,1.2,-50777,,,,0
1947,Canada,2016A000011124,"Net income, total",Dollars,81,thousands,3,v8621,1.9,1076599,,,,0
1947,Canada,2016A000011124,Realized gross income,Dollars,81,thousands,3,v8615,1.3,2136754,,,t,0
1947,Canada,2016A000011124,Cash receipts from farm products,Dollars,81,thousands,3,v8616,1.4,1924232,,,t,0
1947,Canada,2016A000011124,Supplementary payments,Dollars,81,thousands,3,v8618,1.6,11577,,,t,0
1947,Canada,2016A000011124,Operating expenses and depreciation charges,Dollars,81,thousands,3,v8619,1.7,1009378,,,t,0
1947,Prince Edward Island,2016A000211,Income-in-kind,Dollars,81,thousands,3,v8630,3.5,2938,,,,0
1947,Prince Edward Island,2016A000211,Realized net income,Dollars,81,thousands,3,v8633,3.8,9050,,,,0
1947,Prince Edward Island,2016A000211,"Gross income, total",Dollars,81,thousands,3,v8626,3.1,20070,,,t,0
1947,Prince Edward Island,2016A000211,Value of inventory change,Dollars,81,thousands,3,v8627,3.2,-35,,,,0
1947,Prince Edward Island,2016A000211,"Net income, total",Dollars,81,thousands,3,v8634,3.9,9015,,,,0
1947,Prince Edward Island,2016A000211,Realized gross income,Dollars,81,thousands,3,v8628,3.3,20105,,,t,0
1947,Prince Edward Island,2016A000211,Cash receipts from farm products,Dollars,81,thousands,3,v8629,3.4,17167,,,t,0
1947,Prince Edward Island,2016A000211,Operating expenses and depreciation charges,Dollars,81,thousands,3,v8632,3.7,11055,,,t,0
1947,Nova Scotia,2016A000212,Income-in-kind,Dollars,81,thousands,3,v8643,4.5,8130,,,,0
1947,Nova Scotia,2016A000212,Realized net income,Dollars,81,thousands,3,v8646,4.8,18295,,,,0
1947,Nova Scotia,2016A000212,"Gross income, total",Dollars,81,thousands,3,v8639,4.1,38861,,,t,0
1947,Nova Scotia,2016A000212,Value of inventory change,Dollars,81,thousands,3,v8640,4.2,-1546,,,,0
1947,Nova Scotia,2016A000212,"Net income, total",Dollars,81,thousands,3,v8647,4.9,16749,,,,0
1947,Nova Scotia,2016A000212,Realized gross income,Dollars,81,thousands,3,v8641,4.3,40407,,,t,0
1947,Nova Scotia,2016A000212,Cash receipts from farm products,Dollars,81,thousands,3,v8642,4.4,32277,,,t,0
1947,Nova Scotia,2016A000212,Supplementary payments,Dollars,81,thousands,3,v8644,4.6,0,,,t,0
1947,Nova Scotia,2016A000212,Operating expenses and depreciation charges,Dollars,81,thousands,3,v8645,4.7,22112,,,t,0
1947,New Brunswick,2016A000213,Income-in-kind,Dollars,81,thousands,3,v8656,5.5,9812,,,,0
1947,New Brunswick,2016A000213,Realized net income,Dollars,81,thousands,3,v8659,5.8,23949,,,,0
1947,New Brunswick,2016A000213,"Gross income, total",Dollars,81,thousands,3,v8652,5.1,45471,,,t,0
1947,New Brunswick,2016A000213,Value of inventory change,Dollars,81,thousands,3,v8653,5.2,-301,,,,0
1947,New Brunswick,2016A000213,"Net income, total",Dollars,81,thousands,3,v8660,5.9,23648,,,,0
1947,New Brunswick,2016A000213,Realized gross income,Dollars,81,thousands,3,v8654,5.3,45772,,,t,0
1947,New Brunswick,2016A000213,Cash receipts from farm products,Dollars,81,thousands,3,v8655,5.4,35960,,,t,0
1947,New Brunswick,2016A000213,Operating expenses and depreciation charges,Dollars,81,thousands,3,v8658,5.7,21823,,,t,0
1947,Quebec,2016A000224,Income-in-kind,Dollars,81,thousands,3,v8669,6.5,51994,,,,0
1947,Quebec,2016A000224,Realized net income,Dollars,81,thousands,3,v8672,6.8,154268,,,,0
1947,Quebec,2016A000224,"Gross income, total",Dollars,81,thousands,3,v8665,6.1,309296,,,t,0
1947,Quebec,2016A000224,Value of inventory change,Dollars,81,thousands,3,v8666,6.2,-2902,,,,0
1947,Quebec,2016A000224,"Net income, total",Dollars,81,thousands,3,v8673,6.9,151366,,,,0
1947,Quebec,2016A000224,Realized gross income,Dollars,81,thousands,3,v8667,6.3,312198,,,t,0
1947,Quebec,2016A000224,Cash receipts from farm products,Dollars,81,thousands,3,v8668,6.4,260204,,,t,0
1947,Quebec,2016A000224,Operating expenses and depreciation charges,Dollars,81,thousands,3,v8671,6.7,157930,,,t,0
1947,Ontario,2016A000235,Income-in-kind,Dollars,81,thousands,3,v8682,7.5,47714,,,,0
1947,Ontario,2016A000235,Realized net income,Dollars,81,thousands,3,v8685,7.8,271155,,,,0
1947,Ontario,2016A000235,"Gross income, total",Dollars,81,thousands,3,v8678,7.1,574737,,,t,0
1947,Ontario,2016A000235,Value of inventory change,Dollars,81,thousands,3,v8679,7.2,-8171,,,,0
1947,Ontario,2016A000235,"Net income, total",Dollars,81,thousands,3,v8686,7.9,262984,,,,0
1947,Ontario,2016A000235,Realized gross income,Dollars,81,thousands,3,v8680,7.3,582908,,,t,0
1947,Ontario,2016A000235,Cash receipts from farm products,Dollars,81,thousands,3,v8681,7.4,535194,,,t,0
1947,Ontario,2016A000235,Operating expenses and depreciation charges,Dollars,81,thousands,3,v8684,7.7,311753,,,t,0
1947,Manitoba,2016A000246,Income-in-kind,Dollars,81,thousands,3,v8695,8.5,15275,,,,0
1947,Manitoba,2016A000246,Realized net income,Dollars,81,thousands,3,v8698,8.8,108828,,,,0
1947,Manitoba,2016A000246,"Gross income, total",Dollars,81,thousands,3,v8691,8.1,199022,,,t,0
1947,Manitoba,2016A000246,Value of inventory change,Dollars,81,thousands,3,v8692,8.2,1954,,,,0
1947,Manitoba,2016A000246,"Net income, total",Dollars,81,thousands,3,v8699,8.9,110782,,,,0
1947,Manitoba,2016A000246,Realized gross income,Dollars,81,thousands,3,v8693,8.3,197068,,,t,0
1947,Manitoba,2016A000246,Cash receipts from farm products,Dollars,81,thousands,3,v8694,8.4,181787,,,t,0
1947,Manitoba,2016A000246,Supplementary payments,Dollars,81,thousands,3,v8696,8.6,6,,,t,0
1947,Manitoba,2016A000246,Operating expenses and depreciation charges,Dollars,81,thousands,3,v8697,8.7,88240,,,t,0
1947,Saskatchewan,2016A000247,Income-in-kind,Dollars,81,thousands,3,v8708,9.5,33146,,,,0
1947,Saskatchewan,2016A000247,Realized net income,Dollars,81,thousands,3,v8711,9.8,278312,,,,0
1947,Saskatchewan,2016A000247,"Gross income, total",Dollars,81,thousands,3,v8704,9.1,438439,,,t,0
1947,Saskatchewan,2016A000247,Value of inventory change,Dollars,81,thousands,3,v8705,9.2,-35159,,,,0
1947,Saskatchewan,2016A000247,"Net income, total",Dollars,81,thousands,3,v8712,9.9,243153,,,,0
1947,Saskatchewan,2016A000247,Realized gross income,Dollars,81,thousands,3,v8706,9.3,473598,,,t,0
1947,Saskatchewan,2016A000247,Cash receipts from farm products,Dollars,81,thousands,3,v8707,9.4,430613,,,t,0
1947,Saskatchewan,2016A000247,Supplementary payments,Dollars,81,thousands,3,v8709,9.6,9839,,,t,0
1947,Saskatchewan,2016A000247,Operating expenses and depreciation charges,Dollars,81,thousands,3,v8710,9.7,195286,,,t,0
1947,Alberta,2016A000248,Income-in-kind,Dollars,81,thousands,3,v8721,10.5,24146,,,,0
1947,Alberta,2016A000248,Realized net income,Dollars,81,thousands,3,v8724,10.8,215882,,,,0
1947,Alberta,2016A000248,"Gross income, total",Dollars,81,thousands,3,v8717,10.1,369683,,,t,0
1947,Alberta,2016A000248,Value of inventory change,Dollars,81,thousands,3,v8718,10.2,-2401,,,,0
1947,Alberta,2016A000248,"Net income, total",Dollars,81,thousands,3,v8725,10.9,213481,,,,0
1947,Alberta,2016A000248,Realized gross income,Dollars,81,thousands,3,v8719,10.3,372084,,,t,0
1947,Alberta,2016A000248,Cash receipts from farm products,Dollars,81,thousands,3,v8720,10.4,346206,,,t,0
1947,Alberta,2016A000248,Supplementary payments,Dollars,81,thousands,3,v8722,10.6,1732,,,t,0
1947,Alberta,2016A000248,Operating expenses and depreciation charges,Dollars,81,thousands,3,v8723,10.7,156202,,,t,0
1947,British Columbia,2016A000259,Income-in-kind,Dollars,81,thousands,3,v8734,11.5,7790,,,,0
1947,British Columbia,2016A000259,Realized net income,Dollars,81,thousands,3,v8737,11.8,47637,,,,0
1947,British Columbia,2016A000259,"Gross income, total",Dollars,81,thousands,3,v8730,11.1,90398,,,t,0
1947,British Columbia,2016A000259,Value of inventory change,Dollars,81,thousands,3,v8731,11.2,-2216,,,,0
1947,British Columbia,2016A000259,"Net income, total",Dollars,81,thousands,3,v8738,11.9,45421,,,,0
1947,British Columbia,2016A000259,Realized gross income,Dollars,81,thousands,3,v8732,11.3,92614,,,t,0
1947,British Columbia,2016A000259,Cash receipts from farm products,Dollars,81,thousands,3,v8733,11.4,84824,,,t,0
1947,British Columbia,2016A000259,Operating expenses and depreciation charges,Dollars,81,thousands,3,v8736,11.7,44977,,,t,0
1948,Canada,2016A000011124,Income-in-kind,Dollars,81,thousands,3,v8617,1.5,222448,,,,0
1948,Canada,2016A000011124,Realized net income,Dollars,81,thousands,3,v8620,1.8,1510560,,,,0
1948,Canada,2016A000011124,"Gross income, total",Dollars,81,thousands,3,v8613,1.1,2611905,,,t,0
1948,Canada,2016A000011124,Value of inventory change,Dollars,81,thousands,3,v8614,1.2,-12618,,,,0
1948,Canada,2016A000011124,"Net income, total",Dollars,81,thousands,3,v8621,1.9,1497942,,,,0
1948,Canada,2016A000011124,Realized gross income,Dollars,81,thousands,3,v8615,1.3,2624523,,,t,0
1948,Canada,2016A000011124,Cash receipts from farm products,Dollars,81,thousands,3,v8616,1.4,2381327,,,t,0
1948,Canada,2016A000011124,Supplementary payments,Dollars,81,thousands,3,v8618,1.6,20748,,,t,0
1948,Canada,2016A000011124,Operating expenses and depreciation charges,Dollars,81,thousands,3,v8619,1.7,1113963,,,t,0
1948,Prince Edward Island,2016A000211,Income-in-kind,Dollars,81,thousands,3,v8630,3.5,3418,,,,0
1948,Prince Edward Island,2016A000211,Realized net income,Dollars,81,thousands,3,v8633,3.8,12298,,,,0
1948,Prince Edward Island,2016A000211,"Gross income, total",Dollars,81,thousands,3,v8626,3.1,24574,,,t,0
1948,Prince Edward Island,2016A000211,Value of inventory change,Dollars,81,thousands,3,v8627,3.2,-195,,,,0
1948,Prince Edward Island,2016A000211,"Net income, total",Dollars,81,thousands,3,v8634,3.9,12103,,,,0
1948,Prince Edward Island,2016A000211,Realized gross income,Dollars,81,thousands,3,v8628,3.3,24769,,,t,0
1948,Prince Edward Island,2016A000211,Cash receipts from farm products,Dollars,81,thousands,3,v8629,3.4,21351,,,t,0
1948,Prince Edward Island,2016A000211,Operating expenses and depreciation charges,Dollars,81,thousands,3,v8632,3.7,12471,,,t,0
1948,Nova Scotia,2016A000212,Income-in-kind,Dollars,81,thousands,3,v8643,4.5,8865,,,,0
1948,Nova Scotia,2016A000212,Realized net income,Dollars,81,thousands,3,v8646,4.8,20030,,,,0
1948,Nova Scotia,2016A000212,"Gross income, total",Dollars,81,thousands,3,v8639,4.1,41880,,,t,0
1948,Nova Scotia,2016A000212,Value of inventory change,Dollars,81,thousands,3,v8640,4.2,-1038,,,,0
1948,Nova Scotia,2016A000212,"Net income, total",Dollars,81,thousands,3,v8647,4.9,18992,,,,0
1948,Nova Scotia,2016A000212,Realized gross income,Dollars,81,thousands,3,v8641,4.3,42918,,,t,0
1948,Nova Scotia,2016A000212,Cash receipts from farm products,Dollars,81,thousands,3,v8642,4.4,34053,,,t,0
1948,Nova Scotia,2016A000212,Supplementary payments,Dollars,81,thousands,3,v8644,4.6,0,,,t,0
1948,Nova Scotia,2016A000212,Operating expenses and depreciation charges,Dollars,81,thousands,3,v8645,4.7,22888,,,t,0
1948,New Brunswick,2016A000213,Income-in-kind,Dollars,81,thousands,3,v8656,5.5,10478,,,,0
1948,New Brunswick,2016A000213,Realized net income,Dollars,81,thousands,3,v8659,5.8,29442,,,,0
1948,New Brunswick,2016A000213,"Gross income, total",Dollars,81,thousands,3,v8652,5.1,51414,,,t,0
1948,New Brunswick,2016A000213,Value of inventory change,Dollars,81,thousands,3,v8653,5.2,-1416,,,,0
1948,New Brunswick,2016A000213,"Net income, total",Dollars,81,thousands,3,v8660,5.9,28026,,,,0
1948,New Brunswick,2016A000213,Realized gross income,Dollars,81,thousands,3,v8654,5.3,52830,,,t,0
1948,New Brunswick,2016A000213,Cash receipts from farm products,Dollars,81,thousands,3,v8655,5.4,42352,,,t,0
1948,New Brunswick,2016A000213,Operating expenses and depreciation charges,Dollars,81,thousands,3,v8658,5.7,23388,,,t,0
1948,Quebec,2016A000224,Income-in-kind,Dollars,81,thousands,3,v8669,6.5,53865,,,,0
1948,Quebec,2016A000224,Realized net income,Dollars,81,thousands,3,v8672,6.8,210598,,,,0
1948,Quebec,2016A000224,"Gross income, total",Dollars,81,thousands,3,v8665,6.1,369954,,,t,0
1948,Quebec,2016A000224,Value of inventory change,Dollars,81,thousands,3,v8666,6.2,-3278,,,,0
1948,Quebec,2016A000224,"Net income, total",Dollars,81,thousands,3,v8673,6.9,207320,,,,0
1948,Quebec,2016A000224,Realized gross income,Dollars,81,thousands,3,v8667,6.3,373232,,,t,0
1948,Quebec,2016A000224,Cash receipts from farm products,Dollars,81,thousands,3,v8668,6.4,319367,,,t,0
1948,Quebec,2016A000224,Operating expenses and depreciation charges,Dollars,81,thousands,3,v8671,6.7,162634,,,t,0
1948,Ontario,2016A000235,Income-in-kind,Dollars,81,thousands,3,v8682,7.5,54777,,,,0
1948,Ontario,2016A000235,Realized net income,Dollars,81,thousands,3,v8685,7.8,355280,,,,0
1948,Ontario,2016A000235,"Gross income, total",Dollars,81,thousands,3,v8678,7.1,701424,,,t,0
1948,Ontario,2016A000235,Value of inventory change,Dollars,81,thousands,3,v8679,7.2,-3609,,,,0
1948,Ontario,2016A000235,"Net income, total",Dollars,81,thousands,3,v8686,7.9,351671,,,,0
1948,Ontario,2016A000235,Realized gross income,Dollars,81,thousands,3,v8680,7.3,705033,,,t,0
1948,Ontario,2016A000235,Cash receipts from farm products,Dollars,81,thousands,3,v8681,7.4,650256,,,t,0
1948,Ontario,2016A000235,Operating expenses and depreciation charges,Dollars,81,thousands,3,v8684,7.7,349753,,,t,0
1948,Manitoba,2016A000246,Income-in-kind,Dollars,81,thousands,3,v8695,8.5,17368,,,,0
1948,Manitoba,2016A000246,Realized net income,Dollars,81,thousands,3,v8698,8.8,162150,,,,0
1948,Manitoba,2016A000246,"Gross income, total",Dollars,81,thousands,3,v8691,8.1,274099,,,t,0
1948,Manitoba,2016A000246,Value of inventory change,Dollars,81,thousands,3,v8692,8.2,10454,,,,0
1948,Manitoba,2016A000246,"Net income, total",Dollars,81,thousands,3,v8699,8.9,172604,,,,0
1948,Manitoba,2016A000246,Realized gross income,Dollars,81,thousands,3,v8693,8.3,263645,,,t,0
1948,Manitoba,2016A000246,Cash receipts from farm products,Dollars,81,thousands,3,v8694,8.4,245771,,,t,0
1948,Manitoba,2016A000246,Supplementary payments,Dollars,81,thousands,3,v8696,8.6,506,,,t,0
1948,Manitoba,2016A000246,Operating expenses and depreciation charges,Dollars,81,thousands,3,v8697,8.7,101495,,,t,0
1948,Saskatchewan,2016A000247,Income-in-kind,Dollars,81,thousands,3,v8708,9.5,37963,,,,0
1948,Saskatchewan,2016A000247,Realized net income,Dollars,81,thousands,3,v8711,9.8,371602,,,,0
1948,Saskatchewan,2016A000247,"Gross income, total",Dollars,81,thousands,3,v8704,9.1,585243,,,t,0
1948,Saskatchewan,2016A000247,Value of inventory change,Dollars,81,thousands,3,v8705,9.2,-3331,,,,0
1948,Saskatchewan,2016A000247,"Net income, total",Dollars,81,thousands,3,v8712,9.9,368271,,,,0
1948,Saskatchewan,2016A000247,Realized gross income,Dollars,81,thousands,3,v8706,9.3,588574,,,t,0
1948,Saskatchewan,2016A000247,Cash receipts from farm products,Dollars,81,thousands,3,v8707,9.4,533906,,,t,0
1948,Saskatchewan,2016A000247,Supplementary payments,Dollars,81,thousands,3,v8709,9.6,16705,,,t,0
1948,Saskatchewan,2016A000247,Operating expenses and depreciation charges,Dollars,81,thousands,3,v8710,9.7,216972,,,t,0
1948,Alberta,2016A000248,Income-in-kind,Dollars,81,thousands,3,v8721,10.5,26964,,,,0
1948,Alberta,2016A000248,Realized net income,Dollars,81,thousands,3,v8724,10.8,296002,,,,0
1948,Alberta,2016A000248,"Gross income, total",Dollars,81,thousands,3,v8717,10.1,464357,,,t,0
1948,Alberta,2016A000248,Value of inventory change,Dollars,81,thousands,3,v8718,10.2,-6674,,,,0
1948,Alberta,2016A000248,"Net income, total",Dollars,81,thousands,3,v8725,10.9,289328,,,,0
1948,Alberta,2016A000248,Realized gross income,Dollars,81,thousands,3,v8719,10.3,471031,,,t,0
1948,Alberta,2016A000248,Cash receipts from farm products,Dollars,81,thousands,3,v8720,10.4,440534,,,t,0
1948,Alberta,2016A000248,Supplementary payments,Dollars,81,thousands,3,v8722,10.6,3533,,,t,0
1948,Alberta,2016A000248,Operating expenses and depreciation charges,Dollars,81,thousands,3,v8723,10.7,175029,,,t,0
1948,British Columbia,2016A000259,Income-in-kind,Dollars,81,thousands,3,v8734,11.5,8750,,,,0
1948,British Columbia,2016A000259,Realized net income,Dollars,81,thousands,3,v8737,11.8,53158,,,,0
1948,British Columbia,2016A000259,"Gross income, total",Dollars,81,thousands,3,v8730,11.1,98960,,,t,0
1948,British Columbia,2016A000259,Value of inventory change,Dollars,81,thousands,3,v8731,11.2,-3531,,,,0
1948,British Columbia,2016A000259,"Net income, total",Dollars,81,thousands,3,v8738,11.9,49627,,,,0
1948,British Columbia,2016A000259,Realized gross income,Dollars,81,thousands,3,v8732,11.3,102491,,,t,0
1948,British Columbia,2016A000259,Cash receipts from farm products,Dollars,81,thousands,3,v8733,11.4,93737,,,t,0
1948,British Columbia,2016A000259,Supplementary payments,Dollars,81,thousands,3,v8735,11.6,4,,,t,0
1948,British Columbia,2016A000259,Operating expenses and depreciation charges,Dollars,81,thousands,3,v8736,11.7,49333,,,t,0
1949,Canada,2016A000011124,Income-in-kind,Dollars,81,thousands,3,v8617,1.5,203538,,,,0
1949,Canada,2016A000011124,Realized net income,Dollars,81,thousands,3,v8620,1.8,1455155,,,,0
1949,Canada,2016A000011124,"Gross income, total",Dollars,81,thousands,3,v8613,1.1,2520659,,,t,0
1949,Canada,2016A000011124,Value of inventory change,Dollars,81,thousands,3,v8614,1.2,-98073,,,,0
1949,Canada,2016A000011124,"Net income, total",Dollars,81,thousands,3,v8621,1.9,1357082,,,,0
1949,Canada,2016A000011124,Realized gross income,Dollars,81,thousands,3,v8615,1.3,2618732,,,t,0
1949,Canada,2016A000011124,Cash receipts from farm products,Dollars,81,thousands,3,v8616,1.4,2397566,,,t,0
1949,Canada,2016A000011124,Supplementary payments,Dollars,81,thousands,3,v8618,1.6,17628,,,t,0
1949,Canada,2016A000011124,Operating expenses and depreciation charges,Dollars,81,thousands,3,v8619,1.7,1163577,,,t,0
1949,Prince Edward Island,2016A000211,Income-in-kind,Dollars,81,thousands,3,v8630,3.5,3208,,,,0
1949,Prince Edward Island,2016A000211,Realized net income,Dollars,81,thousands,3,v8633,3.8,10954,,,,0
1949,Prince Edward Island,2016A000211,"Gross income, total",Dollars,81,thousands,3,v8626,3.1,24786,,,t,0
1949,Prince Edward Island,2016A000211,Value of inventory change,Dollars,81,thousands,3,v8627,3.2,1129,,,,0
1949,Prince Edward Island,2016A000211,"Net income, total",Dollars,81,thousands,3,v8634,3.9,12083,,,,0
1949,Prince Edward Island,2016A000211,Realized gross income,Dollars,81,thousands,3,v8628,3.3,23657,,,t,0
1949,Prince Edward Island,2016A000211,Cash receipts from farm products,Dollars,81,thousands,3,v8629,3.4,20449,,,t,0
1949,Prince Edward Island,2016A000211,Operating expenses and depreciation charges,Dollars,81,thousands,3,v8632,3.7,12703,,,t,0
1949,Nova Scotia,2016A000212,Income-in-kind,Dollars,81,thousands,3,v8643,4.5,8033,,,,0
1949,Nova Scotia,2016A000212,Realized net income,Dollars,81,thousands,3,v8646,4.8,17891,,,,0
1949,Nova Scotia,2016A000212,"Gross income, total",Dollars,81,thousands,3,v8639,4.1,40846,,,t,0
1949,Nova Scotia,2016A000212,Value of inventory change,Dollars,81,thousands,3,v8640,4.2,206,,,,0
1949,Nova Scotia,2016A000212,"Net income, total",Dollars,81,thousands,3,v8647,4.9,18097,,,,0
1949,Nova Scotia,2016A000212,Realized gross income,Dollars,81,thousands,3,v8641,4.3,40640,,,t,0
1949,Nova Scotia,2016A000212,Cash receipts from farm products,Dollars,81,thousands,3,v8642,4.4,32607,,,t,0
1949,Nova Scotia,2016A000212,Supplementary payments,Dollars,81,thousands,3,v8644,4.6,0,,,t,0
1949,Nova Scotia,2016A000212,Operating expenses and depreciation charges,Dollars,81,thousands,3,v8645,4.7,22749,,,t,0
1949,New Brunswick,2016A000213,Income-in-kind,Dollars,81,thousands,3,v8656,5.5,9262,,,,0
1949,New Brunswick,2016A000213,Realized net income,Dollars,81,thousands,3,v8659,5.8,26150,,,,0
1949,New Brunswick,2016A000213,"Gross income, total",Dollars,81,thousands,3,v8652,5.1,49761,,,t,0
1949,New Brunswick,2016A000213,Value of inventory change,Dollars,81,thousands,3,v8653,5.2,112,,,,0
1949,New Brunswick,2016A000213,"Net income, total",Dollars,81,thousands,3,v8660,5.9,26262,,,,0
1949,New Brunswick,2016A000213,Realized gross income,Dollars,81,thousands,3,v8654,5.3,49649,,,t,0
1949,New Brunswick,2016A000213,Cash receipts from farm products,Dollars,81,thousands,3,v8655,5.4,40387,,,t,0
1949,New Brunswick,2016A000213,Operating expenses and depreciation charges,Dollars,81,thousands,3,v8658,5.7,23499,,,t,0
1949,Quebec,2016A000224,Income-in-kind,Dollars,81,thousands,3,v8669,6.5,47411,,,,0
1949,Quebec,2016A000224,Realized net income,Dollars,81,thousands,3,v8672,6.8,187332,,,,0
1949,Quebec,2016A000224,"Gross income, total",Dollars,81,thousands,3,v8665,6.1,352378,,,t,0
1949,Quebec,2016A000224,Value of inventory change,Dollars,81,thousands,3,v8666,6.2,-2370,,,,0
1949,Quebec,2016A000224,"Net income, total",Dollars,81,thousands,3,v8673,6.9,184962,,,,0
1949,Quebec,2016A000224,Realized gross income,Dollars,81,thousands,3,v8667,6.3,354748,,,t,0
1949,Quebec,2016A000224,Cash receipts from farm products,Dollars,81,thousands,3,v8668,6.4,307337,,,t,0
1949,Quebec,2016A000224,Operating expenses and depreciation charges,Dollars,81,thousands,3,v8671,6.7,167416,,,t,0
1949,Ontario,2016A000235,Income-in-kind,Dollars,81,thousands,3,v8682,7.5,50955,,,,0
1949,Ontario,2016A000235,Realized net income,Dollars,81,thousands,3,v8685,7.8,340230,,,,0
1949,Ontario,2016A000235,"Gross income, total",Dollars,81,thousands,3,v8678,7.1,697222,,,t,0
1949,Ontario,2016A000235,Value of inventory change,Dollars,81,thousands,3,v8679,7.2,-4286,,,,0
1949,Ontario,2016A000235,"Net income, total",Dollars,81,thousands,3,v8686,7.9,335944,,,,0
1949,Ontario,2016A000235,Realized gross income,Dollars,81,thousands,3,v8680,7.3,701508,,,t,0
1949,Ontario,2016A000235,Cash receipts from farm products,Dollars,81,thousands,3,v8681,7.4,650553,,,t,0
1949,Ontario,2016A000235,Operating expenses and depreciation charges,Dollars,81,thousands,3,v8684,7.7,361278,,,t,0
1949,Manitoba,2016A000246,Income-in-kind,Dollars,81,thousands,3,v8695,8.5,16603,,,,0
1949,Manitoba,2016A000246,Realized net income,Dollars,81,thousands,3,v8698,8.8,154192,,,,0
1949,Manitoba,2016A000246,"Gross income, total",Dollars,81,thousands,3,v8691,8.1,243113,,,t,0
1949,Manitoba,2016A000246,Value of inventory change,Dollars,81,thousands,3,v8692,8.2,-20524,,,,0
1949,Manitoba,2016A000246,"Net income, total",Dollars,81,thousands,3,v8699,8.9,133668,,,,0
1949,Manitoba,2016A000246,Realized gross income,Dollars,81,thousands,3,v8693,8.3,263637,,,t,0
1949,Manitoba,2016A000246,Cash receipts from farm products,Dollars,81,thousands,3,v8694,8.4,246976,,,t,0
1949,Manitoba,2016A000246,Supplementary payments,Dollars,81,thousands,3,v8696,8.6,58,,,t,0
1949,Manitoba,2016A000246,Operating expenses and depreciation charges,Dollars,81,thousands,3,v8697,8.7,109445,,,t,0
1949,Saskatchewan,2016A000247,Income-in-kind,Dollars,81,thousands,3,v8708,9.5,34041,,,,0
1949,Saskatchewan,2016A000247,Realized net income,Dollars,81,thousands,3,v8711,9.8,378969,,,,0
1949,Saskatchewan,2016A000247,"Gross income, total",Dollars,81,thousands,3,v8704,9.1,589099,,,t,0
1949,Saskatchewan,2016A000247,Value of inventory change,Dollars,81,thousands,3,v8705,9.2,-23995,,,,0
1949,Saskatchewan,2016A000247,"Net income, total",Dollars,81,thousands,3,v8712,9.9,354974,,,,0
1949,Saskatchewan,2016A000247,Realized gross income,Dollars,81,thousands,3,v8706,9.3,613094,,,t,0
1949,Saskatchewan,2016A000247,Cash receipts from farm products,Dollars,81,thousands,3,v8707,9.4,564843,,,t,0
1949,Saskatchewan,2016A000247,Supplementary payments,Dollars,81,thousands,3,v8709,9.6,14210,,,t,0
1949,Saskatchewan,2016A000247,Operating expenses and depreciation charges,Dollars,81,thousands,3,v8710,9.7,234125,,,t,0
1949,Alberta,2016A000248,Income-in-kind,Dollars,81,thousands,3,v8721,10.5,25791,,,,0
1949,Alberta,2016A000248,Realized net income,Dollars,81,thousands,3,v8724,10.8,290764,,,,0
1949,Alberta,2016A000248,"Gross income, total",Dollars,81,thousands,3,v8717,10.1,421410,,,t,0
1949,Alberta,2016A000248,Value of inventory change,Dollars,81,thousands,3,v8718,10.2,-52113,,,,0
1949,Alberta,2016A000248,"Net income, total",Dollars,81,thousands,3,v8725,10.9,238651,,,,0
1949,Alberta,2016A000248,Realized gross income,Dollars,81,thousands,3,v8719,10.3,473523,,,t,0
1949,Alberta,2016A000248,Cash receipts from farm products,Dollars,81,thousands,3,v8720,10.4,444372,,,t,0
1949,Alberta,2016A000248,Supplementary payments,Dollars,81,thousands,3,v8722,10.6,3360,,,t,0
1949,Alberta,2016A000248,Operating expenses and depreciation charges,Dollars,81,thousands,3,v8723,10.7,182759,,,t,0
1949,British Columbia,2016A000259,Income-in-kind,Dollars,81,thousands,3,v8734,11.5,8234,,,,0
1949,British Columbia,2016A000259,Realized net income,Dollars,81,thousands,3,v8737,11.8,48673,,,,0
1949,British Columbia,2016A000259,"Gross income, total",Dollars,81,thousands,3,v8730,11.1,102044,,,t,0
1949,British Columbia,2016A000259,Value of inventory change,Dollars,81,thousands,3,v8731,11.2,3768,,,,0
1949,British Columbia,2016A000259,"Net income, total",Dollars,81,thousands,3,v8738,11.9,52441,,,,0
1949,British Columbia,2016A000259,Realized gross income,Dollars,81,thousands,3,v8732,11.3,98276,,,t,0
1949,British Columbia,2016A000259,Cash receipts from farm products,Dollars,81,thousands,3,v8733,11.4,90042,,,t,0
1949,British Columbia,2016A000259,Supplementary payments,Dollars,81,thousands,3,v8735,11.6,0,,,t,0
1949,British Columbia,2016A000259,Operating expenses and depreciation charges,Dollars,81,thousands,3,v8736,11.7,49603,,,t,0
1950,Canada,2016A000011124,Income-in-kind,Dollars,81,thousands,3,v8617,1.5,195244,,,,0
1950,Canada,2016A000011124,Realized net income,Dollars,81,thousands,3,v8620,1.8,1089619,,,,0
1950,Canada,2016A000011124,"Gross income, total",Dollars,81,thousands,3,v8613,1.1,2462870,,,t,0
1950,Canada,2016A000011124,Value of inventory change,Dollars,81,thousands,3,v8614,1.2,131842,,,,0
1950,Canada,2016A000011124,"Net income, total",Dollars,81,thousands,3,v8621,1.9,1221461,,,,0
1950,Canada,2016A000011124,Realized gross income,Dollars,81,thousands,3,v8615,1.3,2331028,,,t,0
1950,Canada,2016A000011124,Cash receipts from farm products,Dollars,81,thousands,3,v8616,1.4,2121978,,,t,0
1950,Canada,2016A000011124,Supplementary payments,Dollars,81,thousands,3,v8618,1.6,13806,,,t,0
1950,Canada,2016A000011124,Operating expenses and depreciation charges,Dollars,81,thousands,3,v8619,1.7,1241409,,,t,0
1950,Prince Edward Island,2016A000211,Income-in-kind,Dollars,81,thousands,3,v8630,3.5,2865,,,,0
1950,Prince Edward Island,2016A000211,Realized net income,Dollars,81,thousands,3,v8633,3.8,11379,,,,0
1950,Prince Edward Island,2016A000211,"Gross income, total",Dollars,81,thousands,3,v8626,3.1,23754,,,t,0
1950,Prince Edward Island,2016A000211,Value of inventory change,Dollars,81,thousands,3,v8627,3.2,-526,,,,0
1950,Prince Edward Island,2016A000211,"Net income, total",Dollars,81,thousands,3,v8634,3.9,10853,,,,0
1950,Prince Edward Island,2016A000211,Realized gross income,Dollars,81,thousands,3,v8628,3.3,24280,,,t,0
1950,Prince Edward Island,2016A000211,Cash receipts from farm products,Dollars,81,thousands,3,v8629,3.4,21415,,,t,0
1950,Prince Edward Island,2016A000211,Operating expenses and depreciation charges,Dollars,81,thousands,3,v8632,3.7,12901,,,t,0
1950,Nova Scotia,2016A000212,Income-in-kind,Dollars,81,thousands,3,v8643,4.5,7269,,,,0
1950,Nova Scotia,2016A000212,Realized net income,Dollars,81,thousands,3,v8646,4.8,20577,,,,0
1950,Nova Scotia,2016A000212,"Gross income, total",Dollars,81,thousands,3,v8639,4.1,42348,,,t,0
1950,Nova Scotia,2016A000212,Value of inventory change,Dollars,81,thousands,3,v8640,4.2,-235,,,,0
1950,Nova Scotia,2016A000212,"Net income, total",Dollars,81,thousands,3,v8647,4.9,20342,,,,0
1950,Nova Scotia,2016A000212,Realized gross income,Dollars,81,thousands,3,v8641,4.3,42583,,,t,0
1950,Nova Scotia,2016A000212,Cash receipts from farm products,Dollars,81,thousands,3,v8642,4.4,35314,,,t,0
1950,Nova Scotia,2016A000212,Supplementary payments,Dollars,81,thousands,3,v8644,4.6,0,,,t,0
1950,Nova Scotia,2016A000212,Operating expenses and depreciation charges,Dollars,81,thousands,3,v8645,4.7,22006,,,t,0
1950,New Brunswick,2016A000213,Income-in-kind,Dollars,81,thousands,3,v8656,5.5,9005,,,,0
1950,New Brunswick,2016A000213,Realized net income,Dollars,81,thousands,3,v8659,5.8,26837,,,,0
1950,New Brunswick,2016A000213,"Gross income, total",Dollars,81,thousands,3,v8652,5.1,49115,,,t,0
1950,New Brunswick,2016A000213,Value of inventory change,Dollars,81,thousands,3,v8653,5.2,-1238,,,,0
1950,New Brunswick,2016A000213,"Net income, total",Dollars,81,thousands,3,v8660,5.9,25599,,,,0
1950,New Brunswick,2016A000213,Realized gross income,Dollars,81,thousands,3,v8654,5.3,50353,,,t,0
1950,New Brunswick,2016A000213,Cash receipts from farm products,Dollars,81,thousands,3,v8655,5.4,41348,,,t,0
1950,New Brunswick,2016A000213,Operating expenses and depreciation charges,Dollars,81,thousands,3,v8658,5.7,23516,,,t,0
1950,Quebec,2016A000224,Income-in-kind,Dollars,81,thousands,3,v8669,6.5,46545,,,,0
1950,Quebec,2016A000224,Realized net income,Dollars,81,thousands,3,v8672,6.8,191471,,,,0
1950,Quebec,2016A000224,"Gross income, total",Dollars,81,thousands,3,v8665,6.1,369762,,,t,0
1950,Quebec,2016A000224,Value of inventory change,Dollars,81,thousands,3,v8666,6.2,2057,,,,0
1950,Quebec,2016A000224,"Net income, total",Dollars,81,thousands,3,v8673,6.9,193528,,,,0
1950,Quebec,2016A000224,Realized gross income,Dollars,81,thousands,3,v8667,6.3,367705,,,t,0
1950,Quebec,2016A000224,Cash receipts from farm products,Dollars,81,thousands,3,v8668,6.4,321160,,,t,0
1950,Quebec,2016A000224,Operating expenses and depreciation charges,Dollars,81,thousands,3,v8671,6.7,176234,,,t,0
1950,Ontario,2016A000235,Income-in-kind,Dollars,81,thousands,3,v8682,7.5,48251,,,,0
1950,Ontario,2016A000235,Realized net income,Dollars,81,thousands,3,v8685,7.8,312808,,,,0
1950,Ontario,2016A000235,"Gross income, total",Dollars,81,thousands,3,v8678,7.1,746147,,,t,0
1950,Ontario,2016A000235,Value of inventory change,Dollars,81,thousands,3,v8679,7.2,47936,,,,0
1950,Ontario,2016A000235,"Net income, total",Dollars,81,thousands,3,v8686,7.9,360744,,,,0
1950,Ontario,2016A000235,Realized gross income,Dollars,81,thousands,3,v8680,7.3,698211,,,t,0
1950,Ontario,2016A000235,Cash receipts from farm products,Dollars,81,thousands,3,v8681,7.4,649960,,,t,0
1950,Ontario,2016A000235,Operating expenses and depreciation charges,Dollars,81,thousands,3,v8684,7.7,385403,,,t,0
1950,Manitoba,2016A000246,Income-in-kind,Dollars,81,thousands,3,v8695,8.5,16045,,,,0
1950,Manitoba,2016A000246,Realized net income,Dollars,81,thousands,3,v8698,8.8,99465,,,,0
1950,Manitoba,2016A000246,"Gross income, total",Dollars,81,thousands,3,v8691,8.1,230342,,,t,0
1950,Manitoba,2016A000246,Value of inventory change,Dollars,81,thousands,3,v8692,8.2,15330,,,,0
1950,Manitoba,2016A000246,"Net income, total",Dollars,81,thousands,3,v8699,8.9,114795,,,,0
1950,Manitoba,2016A000246,Realized gross income,Dollars,81,thousands,3,v8693,8.3,215012,,,t,0
1950,Manitoba,2016A000246,Cash receipts from farm products,Dollars,81,thousands,3,v8694,8.4,198644,,,t,0
1950,Manitoba,2016A000246,Supplementary payments,Dollars,81,thousands,3,v8696,8.6,323,,,t,0
1950,Manitoba,2016A000246,Operating expenses and depreciation charges,Dollars,81,thousands,3,v8697,8.7,115547,,,t,0
1950,Saskatchewan,2016A000247,Income-in-kind,Dollars,81,thousands,3,v8708,9.5,32859,,,,0
1950,Saskatchewan,2016A000247,Realized net income,Dollars,81,thousands,3,v8711,9.8,198844,,,,0
1950,Saskatchewan,2016A000247,"Gross income, total",Dollars,81,thousands,3,v8704,9.1,515192,,,t,0
1950,Saskatchewan,2016A000247,Value of inventory change,Dollars,81,thousands,3,v8705,9.2,64063,,,,0
1950,Saskatchewan,2016A000247,"Net income, total",Dollars,81,thousands,3,v8712,9.9,262907,,,,0
1950,Saskatchewan,2016A000247,Realized gross income,Dollars,81,thousands,3,v8706,9.3,451129,,,t,0
1950,Saskatchewan,2016A000247,Cash receipts from farm products,Dollars,81,thousands,3,v8707,9.4,410043,,,t,0
1950,Saskatchewan,2016A000247,Supplementary payments,Dollars,81,thousands,3,v8709,9.6,8227,,,t,0
1950,Saskatchewan,2016A000247,Operating expenses and depreciation charges,Dollars,81,thousands,3,v8710,9.7,252285,,,t,0
1950,Alberta,2016A000248,Income-in-kind,Dollars,81,thousands,3,v8721,10.5,24653,,,,0
1950,Alberta,2016A000248,Realized net income,Dollars,81,thousands,3,v8724,10.8,181570,,,,0
1950,Alberta,2016A000248,"Gross income, total",Dollars,81,thousands,3,v8717,10.1,391404,,,t,0
1950,Alberta,2016A000248,Value of inventory change,Dollars,81,thousands,3,v8718,10.2,7462,,,,0
1950,Alberta,2016A000248,"Net income, total",Dollars,81,thousands,3,v8725,10.9,189032,,,,0
1950,Alberta,2016A000248,Realized gross income,Dollars,81,thousands,3,v8719,10.3,383942,,,t,0
1950,Alberta,2016A000248,Cash receipts from farm products,Dollars,81,thousands,3,v8720,10.4,354033,,,t,0
1950,Alberta,2016A000248,Supplementary payments,Dollars,81,thousands,3,v8722,10.6,5256,,,t,0
1950,Alberta,2016A000248,Operating expenses and depreciation charges,Dollars,81,thousands,3,v8723,10.7,202372,,,t,0
1950,British Columbia,2016A000259,Income-in-kind,Dollars,81,thousands,3,v8734,11.5,7752,,,,0
1950,British Columbia,2016A000259,Realized net income,Dollars,81,thousands,3,v8737,11.8,46668,,,,0
1950,British Columbia,2016A000259,"Gross income, total",Dollars,81,thousands,3,v8730,11.1,94806,,,t,0
1950,British Columbia,2016A000259,Value of inventory change,Dollars,81,thousands,3,v8731,11.2,-3007,,,,0
1950,British Columbia,2016A000259,"Net income, total",Dollars,81,thousands,3,v8738,11.9,43661,,,,0
1950,British Columbia,2016A000259,Realized gross income,Dollars,81,thousands,3,v8732,11.3,97813,,,t,0
1950,British Columbia,2016A000259,Cash receipts from farm products,Dollars,81,thousands,3,v8733,11.4,90061,,,t,0
1950,British Columbia,2016A000259,Supplementary payments,Dollars,81,thousands,3,v8735,11.6,0,,,t,0
1950,British Columbia,2016A000259,Operating expenses and depreciation charges,Dollars,81,thousands,3,v8736,11.7,51145,,,t,0
1951,Canada,2016A000011124,Income-in-kind,Dollars,81,thousands,3,v8617,1.5,220467,,,,0
1951,Canada,2016A000011124,Realized net income,Dollars,81,thousands,3,v8620,1.8,1577200,,,,0
1951,Canada,2016A000011124,"Gross income, total",Dollars,81,thousands,3,v8613,1.1,3283438,,,t,0
1951,Canada,2016A000011124,Value of inventory change,Dollars,81,thousands,3,v8614,1.2,327433,,,,0
1951,Canada,2016A000011124,"Net income, total",Dollars,81,thousands,3,v8621,1.9,1904633,,,,0
1951,Canada,2016A000011124,Realized gross income,Dollars,81,thousands,3,v8615,1.3,2956005,,,t,0
1951,Canada,2016A000011124,Cash receipts from farm products,Dollars,81,thousands,3,v8616,1.4,2725182,,,t,0
1951,Canada,2016A000011124,Supplementary payments,Dollars,81,thousands,3,v8618,1.6,10356,,,t,0
1951,Canada,2016A000011124,Operating expenses and depreciation charges,Dollars,81,thousands,3,v8619,1.7,1378805,,,t,0
1951,Prince Edward Island,2016A000211,Income-in-kind,Dollars,81,thousands,3,v8630,3.5,3440,,,,0
1951,Prince Edward Island,2016A000211,Realized net income,Dollars,81,thousands,3,v8633,3.8,14842,,,,0
1951,Prince Edward Island,2016A000211,"Gross income, total",Dollars,81,thousands,3,v8626,3.1,28796,,,t,0
1951,Prince Edward Island,2016A000211,Value of inventory change,Dollars,81,thousands,3,v8627,3.2,571,,,,0
1951,Prince Edward Island,2016A000211,"Net income, total",Dollars,81,thousands,3,v8634,3.9,15413,,,,0
1951,Prince Edward Island,2016A000211,Realized gross income,Dollars,81,thousands,3,v8628,3.3,28225,,,t,0
1951,Prince Edward Island,2016A000211,Cash receipts from farm products,Dollars,81,thousands,3,v8629,3.4,24785,,,t,0
1951,Prince Edward Island,2016A000211,Operating expenses and depreciation charges,Dollars,81,thousands,3,v8632,3.7,13383,,,t,0
1951,Nova Scotia,2016A000212,Income-in-kind,Dollars,81,thousands,3,v8643,4.5,8078,,,,0
1951,Nova Scotia,2016A000212,Realized net income,Dollars,81,thousands,3,v8646,4.8,24800,,,,0
1951,Nova Scotia,2016A000212,"Gross income, total",Dollars,81,thousands,3,v8639,4.1,49616,,,t,0
1951,Nova Scotia,2016A000212,Value of inventory change,Dollars,81,thousands,3,v8640,4.2,-53,,,,0
1951,Nova Scotia,2016A000212,"Net income, total",Dollars,81,thousands,3,v8647,4.9,24747,,,,0
1951,Nova Scotia,2016A000212,Realized gross income,Dollars,81,thousands,3,v8641,4.3,49669,,,t,0
1951,Nova Scotia,2016A000212,Cash receipts from farm products,Dollars,81,thousands,3,v8642,4.4,41591,,,t,0
1951,Nova Scotia,2016A000212,Supplementary payments,Dollars,81,thousands,3,v8644,4.6,0,,,t,0
1951,Nova Scotia,2016A000212,Operating expenses and depreciation charges,Dollars,81,thousands,3,v8645,4.7,24869,,,t,0
1951,New Brunswick,2016A000213,Income-in-kind,Dollars,81,thousands,3,v8656,5.5,9689,,,,0
1951,New Brunswick,2016A000213,Realized net income,Dollars,81,thousands,3,v8659,5.8,27111,,,,0
1951,New Brunswick,2016A000213,"Gross income, total",Dollars,81,thousands,3,v8652,5.1,53400,,,t,0
1951,New Brunswick,2016A000213,Value of inventory change,Dollars,81,thousands,3,v8653,5.2,5,,,,0
1951,New Brunswick,2016A000213,"Net income, total",Dollars,81,thousands,3,v8660,5.9,27116,,,,0
1951,New Brunswick,2016A000213,Realized gross income,Dollars,81,thousands,3,v8654,5.3,53395,,,t,0
1951,New Brunswick,2016A000213,Cash receipts from farm products,Dollars,81,thousands,3,v8655,5.4,43706,,,t,0
1951,New Brunswick,2016A000213,Operating expenses and depreciation charges,Dollars,81,thousands,3,v8658,5.7,26284,,,t,0
1951,Quebec,2016A000224,Income-in-kind,Dollars,81,thousands,3,v8669,6.5,54867,,,,0
1951,Quebec,2016A000224,Realized net income,Dollars,81,thousands,3,v8672,6.8,232961,,,,0
1951,Quebec,2016A000224,"Gross income, total",Dollars,81,thousands,3,v8665,6.1,443761,,,t,0
1951,Quebec,2016A000224,Value of inventory change,Dollars,81,thousands,3,v8666,6.2,12689,,,,0
1951,Quebec,2016A000224,"Net income, total",Dollars,81,thousands,3,v8673,6.9,245650,,,,0
1951,Quebec,2016A000224,Realized gross income,Dollars,81,thousands,3,v8667,6.3,431072,,,t,0
1951,Quebec,2016A000224,Cash receipts from farm products,Dollars,81,thousands,3,v8668,6.4,376205,,,t,0
1951,Quebec,2016A000224,Operating expenses and depreciation charges,Dollars,81,thousands,3,v8671,6.7,198111,,,t,0
1951,Ontario,2016A000235,Income-in-kind,Dollars,81,thousands,3,v8682,7.5,53888,,,,0
1951,Ontario,2016A000235,Realized net income,Dollars,81,thousands,3,v8685,7.8,404786,,,,0
1951,Ontario,2016A000235,"Gross income, total",Dollars,81,thousands,3,v8678,7.1,872167,,,t,0
1951,Ontario,2016A000235,Value of inventory change,Dollars,81,thousands,3,v8679,7.2,34206,,,,0
1951,Ontario,2016A000235,"Net income, total",Dollars,81,thousands,3,v8686,7.9,438992,,,,0
1951,Ontario,2016A000235,Realized gross income,Dollars,81,thousands,3,v8680,7.3,837961,,,t,0
1951,Ontario,2016A000235,Cash receipts from farm products,Dollars,81,thousands,3,v8681,7.4,784073,,,t,0
1951,Ontario,2016A000235,Operating expenses and depreciation charges,Dollars,81,thousands,3,v8684,7.7,433175,,,t,0
1951,Manitoba,2016A000246,Income-in-kind,Dollars,81,thousands,3,v8695,8.5,17941,,,,0
1951,Manitoba,2016A000246,Realized net income,Dollars,81,thousands,3,v8698,8.8,167579,,,,0
1951,Manitoba,2016A000246,"Gross income, total",Dollars,81,thousands,3,v8691,8.1,299288,,,t,0
1951,Manitoba,2016A000246,Value of inventory change,Dollars,81,thousands,3,v8692,8.2,9336,,,,0
1951,Manitoba,2016A000246,"Net income, total",Dollars,81,thousands,3,v8699,8.9,176915,,,,0
1951,Manitoba,2016A000246,Realized gross income,Dollars,81,thousands,3,v8693,8.3,289952,,,t,0
1951,Manitoba,2016A000246,Cash receipts from farm products,Dollars,81,thousands,3,v8694,8.4,271623,,,t,0
1951,Manitoba,2016A000246,Supplementary payments,Dollars,81,thousands,3,v8696,8.6,388,,,t,0
1951,Manitoba,2016A000246,Operating expenses and depreciation charges,Dollars,81,thousands,3,v8697,8.7,122373,,,t,0
1951,Saskatchewan,2016A000247,Income-in-kind,Dollars,81,thousands,3,v8708,9.5,34984,,,,0
1951,Saskatchewan,2016A000247,Realized net income,Dollars,81,thousands,3,v8711,9.8,389019,,,,0
1951,Saskatchewan,2016A000247,"Gross income, total",Dollars,81,thousands,3,v8704,9.1,807039,,,t,0
1951,Saskatchewan,2016A000247,Value of inventory change,Dollars,81,thousands,3,v8705,9.2,140640,,,,0
1951,Saskatchewan,2016A000247,"Net income, total",Dollars,81,thousands,3,v8712,9.9,529659,,,,0
1951,Saskatchewan,2016A000247,Realized gross income,Dollars,81,thousands,3,v8706,9.3,666399,,,t,0
1951,Saskatchewan,2016A000247,Cash receipts from farm products,Dollars,81,thousands,3,v8707,9.4,625869,,,t,0
1951,Saskatchewan,2016A000247,Supplementary payments,Dollars,81,thousands,3,v8709,9.6,5546,,,t,0
1951,Saskatchewan,2016A000247,Operating expenses and depreciation charges,Dollars,81,thousands,3,v8710,9.7,277380,,,t,0
1951,Alberta,2016A000248,Income-in-kind,Dollars,81,thousands,3,v8721,10.5,28880,,,,0
1951,Alberta,2016A000248,Realized net income,Dollars,81,thousands,3,v8724,10.8,256399,,,,0
1951,Alberta,2016A000248,"Gross income, total",Dollars,81,thousands,3,v8717,10.1,612581,,,t,0
1951,Alberta,2016A000248,Value of inventory change,Dollars,81,thousands,3,v8718,10.2,129175,,,,0
1951,Alberta,2016A000248,"Net income, total",Dollars,81,thousands,3,v8725,10.9,385574,,,,0
1951,Alberta,2016A000248,Realized gross income,Dollars,81,thousands,3,v8719,10.3,483406,,,t,0
1951,Alberta,2016A000248,Cash receipts from farm products,Dollars,81,thousands,3,v8720,10.4,450291,,,t,0
1951,Alberta,2016A000248,Supplementary payments,Dollars,81,thousands,3,v8722,10.6,4235,,,t,0
1951,Alberta,2016A000248,Operating expenses and depreciation charges,Dollars,81,thousands,3,v8723,10.7,227007,,,t,0
1951,British Columbia,2016A000259,Income-in-kind,Dollars,81,thousands,3,v8734,11.5,8700,,,,0
1951,British Columbia,2016A000259,Realized net income,Dollars,81,thousands,3,v8737,11.8,59703,,,,0
1951,British Columbia,2016A000259,"Gross income, total",Dollars,81,thousands,3,v8730,11.1,116790,,,t,0
1951,British Columbia,2016A000259,Value of inventory change,Dollars,81,thousands,3,v8731,11.2,864,,,,0
1951,British Columbia,2016A000259,"Net income, total",Dollars,81,thousands,3,v8738,11.9,60567,,,,0
1951,British Columbia,2016A000259,Realized gross income,Dollars,81,thousands,3,v8732,11.3,115926,,,t,0
1951,British Columbia,2016A000259,Cash receipts from farm products,Dollars,81,thousands,3,v8733,11.4,107039,,,t,0
1951,British Columbia,2016A000259,Supplementary payments,Dollars,81,thousands,3,v8735,11.6,187,,,t,0
1951,British Columbia,2016A000259,Operating expenses and depreciation charges,Dollars,81,thousands,3,v8736,11.7,56223,,,t,0
1952,Canada,2016A000011124,Income-in-kind,Dollars,81,thousands,3,v8617,1.5,216430,,,,0
1952,Canada,2016A000011124,Realized net income,Dollars,81,thousands,3,v8620,1.8,1567962,,,,0
1952,Canada,2016A000011124,"Gross income, total",Dollars,81,thousands,3,v8613,1.1,3302260,,,t,0
1952,Canada,2016A000011124,Value of inventory change,Dollars,81,thousands,3,v8614,1.2,282165,,,,0
1952,Canada,2016A000011124,"Net income, total",Dollars,81,thousands,3,v8621,1.9,1850127,,,,0
1952,Canada,2016A000011124,Realized gross income,Dollars,81,thousands,3,v8615,1.3,3020095,,,t,0
1952,Canada,2016A000011124,Cash receipts from farm products,Dollars,81,thousands,3,v8616,1.4,2798534,,,t,0
1952,Canada,2016A000011124,Supplementary payments,Dollars,81,thousands,3,v8618,1.6,5131,,,t,0
1952,Canada,2016A000011124,Operating expenses and depreciation charges,Dollars,81,thousands,3,v8619,1.7,1452133,,,t,0
1952,Prince Edward Island,2016A000211,Income-in-kind,Dollars,81,thousands,3,v8630,3.5,3427,,,,0
1952,Prince Edward Island,2016A000211,Realized net income,Dollars,81,thousands,3,v8633,3.8,19643,,,,0
1952,Prince Edward Island,2016A000211,"Gross income, total",Dollars,81,thousands,3,v8626,3.1,39581,,,t,0
1952,Prince Edward Island,2016A000211,Value of inventory change,Dollars,81,thousands,3,v8627,3.2,4318,,,,0
1952,Prince Edward Island,2016A000211,"Net income, total",Dollars,81,thousands,3,v8634,3.9,23961,,,,0
1952,Prince Edward Island,2016A000211,Realized gross income,Dollars,81,thousands,3,v8628,3.3,35263,,,t,0
1952,Prince Edward Island,2016A000211,Cash receipts from farm products,Dollars,81,thousands,3,v8629,3.4,31836,,,t,0
1952,Prince Edward Island,2016A000211,Operating expenses and depreciation charges,Dollars,81,thousands,3,v8632,3.7,15620,,,t,0
1952,Nova Scotia,2016A000212,Income-in-kind,Dollars,81,thousands,3,v8643,4.5,8569,,,,0
1952,Nova Scotia,2016A000212,Realized net income,Dollars,81,thousands,3,v8646,4.8,24608,,,,0
1952,Nova Scotia,2016A000212,"Gross income, total",Dollars,81,thousands,3,v8639,4.1,52098,,,t,0
1952,Nova Scotia,2016A000212,Value of inventory change,Dollars,81,thousands,3,v8640,4.2,1666,,,,0
1952,Nova Scotia,2016A000212,"Net income, total",Dollars,81,thousands,3,v8647,4.9,26274,,,,0
1952,Nova Scotia,2016A000212,Realized gross income,Dollars,81,thousands,3,v8641,4.3,50432,,,t,0
1952,Nova Scotia,2016A000212,Cash receipts from farm products,Dollars,81,thousands,3,v8642,4.4,41863,,,t,0
1952,Nova Scotia,2016A000212,Supplementary payments,Dollars,81,thousands,3,v8644,4.6,0,,,t,0
1952,Nova Scotia,2016A000212,Operating expenses and depreciation charges,Dollars,81,thousands,3,v8645,4.7,25824,,,t,0
1952,New Brunswick,2016A000213,Income-in-kind,Dollars,81,thousands,3,v8656,5.5,9889,,,,0
1952,New Brunswick,2016A000213,Realized net income,Dollars,81,thousands,3,v8659,5.8,31954,,,,0
1952,New Brunswick,2016A000213,"Gross income, total",Dollars,81,thousands,3,v8652,5.1,60642,,,t,0
1952,New Brunswick,2016A000213,Value of inventory change,Dollars,81,thousands,3,v8653,5.2,735,,,,0
1952,New Brunswick,2016A000213,"Net income, total",Dollars,81,thousands,3,v8660,5.9,32689,,,,0
1952,New Brunswick,2016A000213,Realized gross income,Dollars,81,thousands,3,v8654,5.3,59907,,,t,0
1952,New Brunswick,2016A000213,Cash receipts from farm products,Dollars,81,thousands,3,v8655,5.4,50018,,,t,0
1952,New Brunswick,2016A000213,Operating expenses and depreciation charges,Dollars,81,thousands,3,v8658,5.7,27953,,,t,0
1952,Quebec,2016A000224,Income-in-kind,Dollars,81,thousands,3,v8669,6.5,57038,,,,0
1952,Quebec,2016A000224,Realized net income,Dollars,81,thousands,3,v8672,6.8,225809,,,,0
1952,Quebec,2016A000224,"Gross income, total",Dollars,81,thousands,3,v8665,6.1,440266,,,t,0
1952,Quebec,2016A000224,Value of inventory change,Dollars,81,thousands,3,v8666,6.2,3602,,,,0
1952,Quebec,2016A000224,"Net income, total",Dollars,81,thousands,3,v8673,6.9,229411,,,,0
1952,Quebec,2016A000224,Realized gross income,Dollars,81,thousands,3,v8667,6.3,436664,,,t,0
1952,Quebec,2016A000224,Cash receipts from farm products,Dollars,81,thousands,3,v8668,6.4,379626,,,t,0
1952,Quebec,2016A000224,Operating expenses and depreciation charges,Dollars,81,thousands,3,v8671,6.7,210855,,,t,0
1952,Ontario,2016A000235,Income-in-kind,Dollars,81,thousands,3,v8682,7.5,50806,,,,0
1952,Ontario,2016A000235,Realized net income,Dollars,81,thousands,3,v8685,7.8,341404,,,,0
1952,Ontario,2016A000235,"Gross income, total",Dollars,81,thousands,3,v8678,7.1,809085,,,t,0
1952,Ontario,2016A000235,Value of inventory change,Dollars,81,thousands,3,v8679,7.2,19025,,,,0
1952,Ontario,2016A000235,"Net income, total",Dollars,81,thousands,3,v8686,7.9,360429,,,,0
1952,Ontario,2016A000235,Realized gross income,Dollars,81,thousands,3,v8680,7.3,790060,,,t,0
1952,Ontario,2016A000235,Cash receipts from farm products,Dollars,81,thousands,3,v8681,7.4,739254,,,t,0
1952,Ontario,2016A000235,Operating expenses and depreciation charges,Dollars,81,thousands,3,v8684,7.7,448656,,,t,0
1952,Manitoba,2016A000246,Income-in-kind,Dollars,81,thousands,3,v8695,8.5,17218,,,,0
1952,Manitoba,2016A000246,Realized net income,Dollars,81,thousands,3,v8698,8.8,134692,,,,0
1952,Manitoba,2016A000246,"Gross income, total",Dollars,81,thousands,3,v8691,8.1,284576,,,t,0
1952,Manitoba,2016A000246,Value of inventory change,Dollars,81,thousands,3,v8692,8.2,23473,,,,0
1952,Manitoba,2016A000246,"Net income, total",Dollars,81,thousands,3,v8699,8.9,158165,,,,0
1952,Manitoba,2016A000246,Realized gross income,Dollars,81,thousands,3,v8693,8.3,261103,,,t,0
1952,Manitoba,2016A000246,Cash receipts from farm products,Dollars,81,thousands,3,v8694,8.4,243706,,,t,0
1952,Manitoba,2016A000246,Supplementary payments,Dollars,81,thousands,3,v8696,8.6,179,,,t,0
1952,Manitoba,2016A000246,Operating expenses and depreciation charges,Dollars,81,thousands,3,v8697,8.7,126411,,,t,0
1952,Saskatchewan,2016A000247,Income-in-kind,Dollars,81,thousands,3,v8708,9.5,33164,,,,0
1952,Saskatchewan,2016A000247,Realized net income,Dollars,81,thousands,3,v8711,9.8,435641,,,,0
1952,Saskatchewan,2016A000247,"Gross income, total",Dollars,81,thousands,3,v8704,9.1,907157,,,t,0
1952,Saskatchewan,2016A000247,Value of inventory change,Dollars,81,thousands,3,v8705,9.2,169827,,,,0
1952,Saskatchewan,2016A000247,"Net income, total",Dollars,81,thousands,3,v8712,9.9,605468,,,,0
1952,Saskatchewan,2016A000247,Realized gross income,Dollars,81,thousands,3,v8706,9.3,737330,,,t,0
1952,Saskatchewan,2016A000247,Cash receipts from farm products,Dollars,81,thousands,3,v8707,9.4,701606,,,t,0
1952,Saskatchewan,2016A000247,Supplementary payments,Dollars,81,thousands,3,v8709,9.6,2560,,,t,0
1952,Saskatchewan,2016A000247,Operating expenses and depreciation charges,Dollars,81,thousands,3,v8710,9.7,301689,,,t,0
1952,Alberta,2016A000248,Income-in-kind,Dollars,81,thousands,3,v8721,10.5,27339,,,,0
1952,Alberta,2016A000248,Realized net income,Dollars,81,thousands,3,v8724,10.8,295032,,,,0
1952,Alberta,2016A000248,"Gross income, total",Dollars,81,thousands,3,v8717,10.1,588451,,,t,0
1952,Alberta,2016A000248,Value of inventory change,Dollars,81,thousands,3,v8718,10.2,55998,,,,0
1952,Alberta,2016A000248,"Net income, total",Dollars,81,thousands,3,v8725,10.9,351030,,,,0
1952,Alberta,2016A000248,Realized gross income,Dollars,81,thousands,3,v8719,10.3,532453,,,t,0
1952,Alberta,2016A000248,Cash receipts from farm products,Dollars,81,thousands,3,v8720,10.4,502765,,,t,0
1952,Alberta,2016A000248,Supplementary payments,Dollars,81,thousands,3,v8722,10.6,2349,,,t,0
1952,Alberta,2016A000248,Operating expenses and depreciation charges,Dollars,81,thousands,3,v8723,10.7,237421,,,t,0
1952,British Columbia,2016A000259,Income-in-kind,Dollars,81,thousands,3,v8734,11.5,8980,,,,0
1952,British Columbia,2016A000259,Realized net income,Dollars,81,thousands,3,v8737,11.8,59179,,,,0
1952,British Columbia,2016A000259,"Gross income, total",Dollars,81,thousands,3,v8730,11.1,120404,,,t,0
1952,British Columbia,2016A000259,Value of inventory change,Dollars,81,thousands,3,v8731,11.2,3521,,,,0
1952,British Columbia,2016A000259,"Net income, total",Dollars,81,thousands,3,v8738,11.9,62700,,,,0
1952,British Columbia,2016A000259,Realized gross income,Dollars,81,thousands,3,v8732,11.3,116883,,,t,0
1952,British Columbia,2016A000259,Cash receipts from farm products,Dollars,81,thousands,3,v8733,11.4,107860,,,t,0
1952,British Columbia,2016A000259,Supplementary payments,Dollars,81,thousands,3,v8735,11.6,43,,,t,0
1952,British Columbia,2016A000259,Operating expenses and depreciation charges,Dollars,81,thousands,3,v8736,11.7,57704,,,t,0
1953,Canada,2016A000011124,Income-in-kind,Dollars,81,thousands,3,v8617,1.5,193925,,,,0
1953,Canada,2016A000011124,Realized net income,Dollars,81,thousands,3,v8620,1.8,1450521,,,,0
1953,Canada,2016A000011124,"Gross income, total",Dollars,81,thousands,3,v8613,1.1,2978646,,,t,0
1953,Canada,2016A000011124,Value of inventory change,Dollars,81,thousands,3,v8614,1.2,74559,,,,0
1953,Canada,2016A000011124,"Net income, total",Dollars,81,thousands,3,v8621,1.9,1525080,,,,0
1953,Canada,2016A000011124,Realized gross income,Dollars,81,thousands,3,v8615,1.3,2904087,,,t,0
1953,Canada,2016A000011124,Cash receipts from farm products,Dollars,81,thousands,3,v8616,1.4,2708590,,,t,0
1953,Canada,2016A000011124,Supplementary payments,Dollars,81,thousands,3,v8618,1.6,1572,,,t,0
1953,Canada,2016A000011124,Operating expenses and depreciation charges,Dollars,81,thousands,3,v8619,1.7,1453566,,,t,0
1953,Prince Edward Island,2016A000211,Income-in-kind,Dollars,81,thousands,3,v8630,3.5,3024,,,,0
1953,Prince Edward Island,2016A000211,Realized net income,Dollars,81,thousands,3,v8633,3.8,9668,,,,0
1953,Prince Edward Island,2016A000211,"Gross income, total",Dollars,81,thousands,3,v8626,3.1,26491,,,t,0
1953,Prince Edward Island,2016A000211,Value of inventory change,Dollars,81,thousands,3,v8627,3.2,1236,,,,0
1953,Prince Edward Island,2016A000211,"Net income, total",Dollars,81,thousands,3,v8634,3.9,10904,,,,0
1953,Prince Edward Island,2016A000211,Realized gross income,Dollars,81,thousands,3,v8628,3.3,25255,,,t,0
1953,Prince Edward Island,2016A000211,Cash receipts from farm products,Dollars,81,thousands,3,v8629,3.4,22231,,,t,0
1953,Prince Edward Island,2016A000211,Operating expenses and depreciation charges,Dollars,81,thousands,3,v8632,3.7,15587,,,t,0
1953,Nova Scotia,2016A000212,Income-in-kind,Dollars,81,thousands,3,v8643,4.5,7044,,,,0
1953,Nova Scotia,2016A000212,Realized net income,Dollars,81,thousands,3,v8646,4.8,23654,,,,0
1953,Nova Scotia,2016A000212,"Gross income, total",Dollars,81,thousands,3,v8639,4.1,48810,,,t,0
1953,Nova Scotia,2016A000212,Value of inventory change,Dollars,81,thousands,3,v8640,4.2,-170,,,,0
1953,Nova Scotia,2016A000212,"Net income, total",Dollars,81,thousands,3,v8647,4.9,23484,,,,0
1953,Nova Scotia,2016A000212,Realized gross income,Dollars,81,thousands,3,v8641,4.3,48980,,,t,0
1953,Nova Scotia,2016A000212,Cash receipts from farm products,Dollars,81,thousands,3,v8642,4.4,41936,,,t,0
1953,Nova Scotia,2016A000212,Supplementary payments,Dollars,81,thousands,3,v8644,4.6,0,,,t,0
1953,Nova Scotia,2016A000212,Operating expenses and depreciation charges,Dollars,81,thousands,3,v8645,4.7,25326,,,t,0
1953,New Brunswick,2016A000213,Income-in-kind,Dollars,81,thousands,3,v8656,5.5,8148,,,,0
1953,New Brunswick,2016A000213,Realized net income,Dollars,81,thousands,3,v8659,5.8,18497,,,,0
1953,New Brunswick,2016A000213,"Gross income, total",Dollars,81,thousands,3,v8652,5.1,47936,,,t,0
1953,New Brunswick,2016A000213,Value of inventory change,Dollars,81,thousands,3,v8653,5.2,1773,,,,0
1953,New Brunswick,2016A000213,"Net income, total",Dollars,81,thousands,3,v8660,5.9,20270,,,,0
1953,New Brunswick,2016A000213,Realized gross income,Dollars,81,thousands,3,v8654,5.3,46163,,,t,0
1953,New Brunswick,2016A000213,Cash receipts from farm products,Dollars,81,thousands,3,v8655,5.4,38015,,,t,0
1953,New Brunswick,2016A000213,Operating expenses and depreciation charges,Dollars,81,thousands,3,v8658,5.7,27666,,,t,0
1953,Quebec,2016A000224,Income-in-kind,Dollars,81,thousands,3,v8669,6.5,50444,,,,0
1953,Quebec,2016A000224,Realized net income,Dollars,81,thousands,3,v8672,6.8,196018,,,,0
1953,Quebec,2016A000224,"Gross income, total",Dollars,81,thousands,3,v8665,6.1,406019,,,t,0
1953,Quebec,2016A000224,Value of inventory change,Dollars,81,thousands,3,v8666,6.2,4901,,,,0
1953,Quebec,2016A000224,"Net income, total",Dollars,81,thousands,3,v8673,6.9,200919,,,,0
1953,Quebec,2016A000224,Realized gross income,Dollars,81,thousands,3,v8667,6.3,401118,,,t,0
1953,Quebec,2016A000224,Cash receipts from farm products,Dollars,81,thousands,3,v8668,6.4,350674,,,t,0
1953,Quebec,2016A000224,Operating expenses and depreciation charges,Dollars,81,thousands,3,v8671,6.7,205100,,,t,0
1953,Ontario,2016A000235,Income-in-kind,Dollars,81,thousands,3,v8682,7.5,45874,,,,0
1953,Ontario,2016A000235,Realized net income,Dollars,81,thousands,3,v8685,7.8,306586,,,,0
1953,Ontario,2016A000235,"Gross income, total",Dollars,81,thousands,3,v8678,7.1,778209,,,t,0
1953,Ontario,2016A000235,Value of inventory change,Dollars,81,thousands,3,v8679,7.2,16383,,,,0
1953,Ontario,2016A000235,"Net income, total",Dollars,81,thousands,3,v8686,7.9,322969,,,,0
1953,Ontario,2016A000235,Realized gross income,Dollars,81,thousands,3,v8680,7.3,761826,,,t,0
1953,Ontario,2016A000235,Cash receipts from farm products,Dollars,81,thousands,3,v8681,7.4,715952,,,t,0
1953,Ontario,2016A000235,Operating expenses and depreciation charges,Dollars,81,thousands,3,v8684,7.7,455240,,,t,0
1953,Manitoba,2016A000246,Income-in-kind,Dollars,81,thousands,3,v8695,8.5,15449,,,,0
1953,Manitoba,2016A000246,Realized net income,Dollars,81,thousands,3,v8698,8.8,107070,,,,0
1953,Manitoba,2016A000246,"Gross income, total",Dollars,81,thousands,3,v8691,8.1,236572,,,t,0
1953,Manitoba,2016A000246,Value of inventory change,Dollars,81,thousands,3,v8692,8.2,1985,,,,0
1953,Manitoba,2016A000246,"Net income, total",Dollars,81,thousands,3,v8699,8.9,109055,,,,0
1953,Manitoba,2016A000246,Realized gross income,Dollars,81,thousands,3,v8693,8.3,234587,,,t,0
1953,Manitoba,2016A000246,Cash receipts from farm products,Dollars,81,thousands,3,v8694,8.4,218943,,,t,0
1953,Manitoba,2016A000246,Supplementary payments,Dollars,81,thousands,3,v8696,8.6,195,,,t,0
1953,Manitoba,2016A000246,Operating expenses and depreciation charges,Dollars,81,thousands,3,v8697,8.7,127517,,,t,0
1953,Saskatchewan,2016A000247,Income-in-kind,Dollars,81,thousands,3,v8708,9.5,30758,,,,0
1953,Saskatchewan,2016A000247,Realized net income,Dollars,81,thousands,3,v8711,9.8,465933,,,,0
1953,Saskatchewan,2016A000247,"Gross income, total",Dollars,81,thousands,3,v8704,9.1,775206,,,t,0
1953,Saskatchewan,2016A000247,Value of inventory change,Dollars,81,thousands,3,v8705,9.2,12471,,,,0
1953,Saskatchewan,2016A000247,"Net income, total",Dollars,81,thousands,3,v8712,9.9,478404,,,,0
1953,Saskatchewan,2016A000247,Realized gross income,Dollars,81,thousands,3,v8706,9.3,762735,,,t,0
1953,Saskatchewan,2016A000247,Cash receipts from farm products,Dollars,81,thousands,3,v8707,9.4,731199,,,t,0
1953,Saskatchewan,2016A000247,Supplementary payments,Dollars,81,thousands,3,v8709,9.6,778,,,t,0
1953,Saskatchewan,2016A000247,Operating expenses and depreciation charges,Dollars,81,thousands,3,v8710,9.7,296802,,,t,0
1953,Alberta,2016A000248,Income-in-kind,Dollars,81,thousands,3,v8721,10.5,25171,,,,0
1953,Alberta,2016A000248,Realized net income,Dollars,81,thousands,3,v8724,10.8,263124,,,,0
1953,Alberta,2016A000248,"Gross income, total",Dollars,81,thousands,3,v8717,10.1,536074,,,t,0
1953,Alberta,2016A000248,Value of inventory change,Dollars,81,thousands,3,v8718,10.2,31912,,,,0
1953,Alberta,2016A000248,"Net income, total",Dollars,81,thousands,3,v8725,10.9,295036,,,,0
1953,Alberta,2016A000248,Realized gross income,Dollars,81,thousands,3,v8719,10.3,504162,,,t,0
1953,Alberta,2016A000248,Cash receipts from farm products,Dollars,81,thousands,3,v8720,10.4,478432,,,t,0
1953,Alberta,2016A000248,Supplementary payments,Dollars,81,thousands,3,v8722,10.6,559,,,t,0
1953,Alberta,2016A000248,Operating expenses and depreciation charges,Dollars,81,thousands,3,v8723,10.7,241038,,,t,0
1953,British Columbia,2016A000259,Income-in-kind,Dollars,81,thousands,3,v8734,11.5,8013,,,,0
1953,British Columbia,2016A000259,Realized net income,Dollars,81,thousands,3,v8737,11.8,59971,,,,0
1953,British Columbia,2016A000259,"Gross income, total",Dollars,81,thousands,3,v8730,11.1,123329,,,t,0
1953,British Columbia,2016A000259,Value of inventory change,Dollars,81,thousands,3,v8731,11.2,4068,,,,0
1953,British Columbia,2016A000259,"Net income, total",Dollars,81,thousands,3,v8738,11.9,64039,,,,0
1953,British Columbia,2016A000259,Realized gross income,Dollars,81,thousands,3,v8732,11.3,119261,,,t,0
1953,British Columbia,2016A000259,Cash receipts from farm products,Dollars,81,thousands,3,v8733,11.4,111208,,,t,0
1953,British Columbia,2016A000259,Supplementary payments,Dollars,81,thousands,3,v8735,11.6,40,,,t,0
1953,British Columbia,2016A000259,Operating expenses and depreciation charges,Dollars,81,thousands,3,v8736,11.7,59290,,,t,0
1954,Canada,2016A000011124,Income-in-kind,Dollars,81,thousands,3,v8617,1.5,180976,,,,0
1954,Canada,2016A000011124,Realized net income,Dollars,81,thousands,3,v8620,1.8,1021173,,,,0
1954,Canada,2016A000011124,"Gross income, total",Dollars,81,thousands,3,v8613,1.1,2398960,,,t,0
1954,Canada,2016A000011124,Value of inventory change,Dollars,81,thousands,3,v8614,1.2,-77151,,,,0
1954,Canada,2016A000011124,"Net income, total",Dollars,81,thousands,3,v8621,1.9,944022,,,,0
1954,Canada,2016A000011124,Realized gross income,Dollars,81,thousands,3,v8615,1.3,2476111,,,t,0
1954,Canada,2016A000011124,Cash receipts from farm products,Dollars,81,thousands,3,v8616,1.4,2292708,,,t,0
1954,Canada,2016A000011124,Supplementary payments,Dollars,81,thousands,3,v8618,1.6,2427,,,t,0
1954,Canada,2016A000011124,Operating expenses and depreciation charges,Dollars,81,thousands,3,v8619,1.7,1454938,,,t,0
1954,Prince Edward Island,2016A000211,Income-in-kind,Dollars,81,thousands,3,v8630,3.5,2726,,,,0
1954,Prince Edward Island,2016A000211,Realized net income,Dollars,81,thousands,3,v8633,3.8,10247,,,,0
1954,Prince Edward Island,2016A000211,"Gross income, total",Dollars,81,thousands,3,v8626,3.1,25141,,,t,0
1954,Prince Edward Island,2016A000211,Value of inventory change,Dollars,81,thousands,3,v8627,3.2,-783,,,,0
1954,Prince Edward Island,2016A000211,"Net income, total",Dollars,81,thousands,3,v8634,3.9,9464,,,,0
1954,Prince Edward Island,2016A000211,Realized gross income,Dollars,81,thousands,3,v8628,3.3,25924,,,t,0
1954,Prince Edward Island,2016A000211,Cash receipts from farm products,Dollars,81,thousands,3,v8629,3.4,23198,,,t,0
1954,Prince Edward Island,2016A000211,Operating expenses and depreciation charges,Dollars,81,thousands,3,v8632,3.7,15677,,,t,0
1954,Nova Scotia,2016A000212,Income-in-kind,Dollars,81,thousands,3,v8643,4.5,6678,,,,0
1954,Nova Scotia,2016A000212,Realized net income,Dollars,81,thousands,3,v8646,4.8,24098,,,,0
1954,Nova Scotia,2016A000212,"Gross income, total",Dollars,81,thousands,3,v8639,4.1,50369,,,t,0
1954,Nova Scotia,2016A000212,Value of inventory change,Dollars,81,thousands,3,v8640,4.2,217,,,,0
1954,Nova Scotia,2016A000212,"Net income, total",Dollars,81,thousands,3,v8647,4.9,24315,,,,0
1954,Nova Scotia,2016A000212,Realized gross income,Dollars,81,thousands,3,v8641,4.3,50152,,,t,0
1954,Nova Scotia,2016A000212,Cash receipts from farm products,Dollars,81,thousands,3,v8642,4.4,43474,,,t,0
1954,Nova Scotia,2016A000212,Supplementary payments,Dollars,81,thousands,3,v8644,4.6,0,,,t,0
1954,Nova Scotia,2016A000212,Operating expenses and depreciation charges,Dollars,81,thousands,3,v8645,4.7,26054,,,t,0
1954,New Brunswick,2016A000213,Income-in-kind,Dollars,81,thousands,3,v8656,5.5,7600,,,,0
1954,New Brunswick,2016A000213,Realized net income,Dollars,81,thousands,3,v8659,5.8,20743,,,,0
1954,New Brunswick,2016A000213,"Gross income, total",Dollars,81,thousands,3,v8652,5.1,45882,,,t,0
1954,New Brunswick,2016A000213,Value of inventory change,Dollars,81,thousands,3,v8653,5.2,-2309,,,,0
1954,New Brunswick,2016A000213,"Net income, total",Dollars,81,thousands,3,v8660,5.9,18434,,,,0
1954,New Brunswick,2016A000213,Realized gross income,Dollars,81,thousands,3,v8654,5.3,48191,,,t,0
1954,New Brunswick,2016A000213,Cash receipts from farm products,Dollars,81,thousands,3,v8655,5.4,40591,,,t,0
1954,New Brunswick,2016A000213,Operating expenses and depreciation charges,Dollars,81,thousands,3,v8658,5.7,27448,,,t,0
1954,Quebec,2016A000224,Income-in-kind,Dollars,81,thousands,3,v8669,6.5,46902,,,,0
1954,Quebec,2016A000224,Realized net income,Dollars,81,thousands,3,v8672,6.8,179080,,,,0
1954,Quebec,2016A000224,"Gross income, total",Dollars,81,thousands,3,v8665,6.1,399812,,,t,0
1954,Quebec,2016A000224,Value of inventory change,Dollars,81,thousands,3,v8666,6.2,422,,,,0
1954,Quebec,2016A000224,"Net income, total",Dollars,81,thousands,3,v8673,6.9,179502,,,,0
1954,Quebec,2016A000224,Realized gross income,Dollars,81,thousands,3,v8667,6.3,399390,,,t,0
1954,Quebec,2016A000224,Cash receipts from farm products,Dollars,81,thousands,3,v8668,6.4,352488,,,t,0
1954,Quebec,2016A000224,Operating expenses and depreciation charges,Dollars,81,thousands,3,v8671,6.7,220310,,,t,0
1954,Ontario,2016A000235,Income-in-kind,Dollars,81,thousands,3,v8682,7.5,43578,,,,0
1954,Ontario,2016A000235,Realized net income,Dollars,81,thousands,3,v8685,7.8,264700,,,,0
1954,Ontario,2016A000235,"Gross income, total",Dollars,81,thousands,3,v8678,7.1,750494,,,t,0
1954,Ontario,2016A000235,Value of inventory change,Dollars,81,thousands,3,v8679,7.2,13175,,,,0
1954,Ontario,2016A000235,"Net income, total",Dollars,81,thousands,3,v8686,7.9,277875,,,,0
1954,Ontario,2016A000235,Realized gross income,Dollars,81,thousands,3,v8680,7.3,737319,,,t,0
1954,Ontario,2016A000235,Cash receipts from farm products,Dollars,81,thousands,3,v8681,7.4,693741,,,t,0
1954,Ontario,2016A000235,Operating expenses and depreciation charges,Dollars,81,thousands,3,v8684,7.7,472619,,,t,0
1954,Manitoba,2016A000246,Income-in-kind,Dollars,81,thousands,3,v8695,8.5,14090,,,,0
1954,Manitoba,2016A000246,Realized net income,Dollars,81,thousands,3,v8698,8.8,78752,,,,0
1954,Manitoba,2016A000246,"Gross income, total",Dollars,81,thousands,3,v8691,8.1,189925,,,t,0
1954,Manitoba,2016A000246,Value of inventory change,Dollars,81,thousands,3,v8692,8.2,-12480,,,,0
1954,Manitoba,2016A000246,"Net income, total",Dollars,81,thousands,3,v8699,8.9,66272,,,,0
1954,Manitoba,2016A000246,Realized gross income,Dollars,81,thousands,3,v8693,8.3,202405,,,t,0
1954,Manitoba,2016A000246,Cash receipts from farm products,Dollars,81,thousands,3,v8694,8.4,187716,,,t,0
1954,Manitoba,2016A000246,Supplementary payments,Dollars,81,thousands,3,v8696,8.6,599,,,t,0
1954,Manitoba,2016A000246,Operating expenses and depreciation charges,Dollars,81,thousands,3,v8697,8.7,123653,,,t,0
1954,Saskatchewan,2016A000247,Income-in-kind,Dollars,81,thousands,3,v8708,9.5,29380,,,,0
1954,Saskatchewan,2016A000247,Realized net income,Dollars,81,thousands,3,v8711,9.8,219545,,,,0
1954,Saskatchewan,2016A000247,"Gross income, total",Dollars,81,thousands,3,v8704,9.1,409154,,,t,0
1954,Saskatchewan,2016A000247,Value of inventory change,Dollars,81,thousands,3,v8705,9.2,-84192,,,,0
1954,Saskatchewan,2016A000247,"Net income, total",Dollars,81,thousands,3,v8712,9.9,135353,,,,0
1954,Saskatchewan,2016A000247,Realized gross income,Dollars,81,thousands,3,v8706,9.3,493346,,,t,0
1954,Saskatchewan,2016A000247,Cash receipts from farm products,Dollars,81,thousands,3,v8707,9.4,463169,,,t,0
1954,Saskatchewan,2016A000247,Supplementary payments,Dollars,81,thousands,3,v8709,9.6,797,,,t,0
1954,Saskatchewan,2016A000247,Operating expenses and depreciation charges,Dollars,81,thousands,3,v8710,9.7,273801,,,t,0
1954,Alberta,2016A000248,Income-in-kind,Dollars,81,thousands,3,v8721,10.5,22890,,,,0
1954,Alberta,2016A000248,Realized net income,Dollars,81,thousands,3,v8724,10.8,168725,,,,0
1954,Alberta,2016A000248,"Gross income, total",Dollars,81,thousands,3,v8717,10.1,407797,,,t,0
1954,Alberta,2016A000248,Value of inventory change,Dollars,81,thousands,3,v8718,10.2,5864,,,,0
1954,Alberta,2016A000248,"Net income, total",Dollars,81,thousands,3,v8725,10.9,174589,,,,0
1954,Alberta,2016A000248,Realized gross income,Dollars,81,thousands,3,v8719,10.3,401933,,,t,0
1954,Alberta,2016A000248,Cash receipts from farm products,Dollars,81,thousands,3,v8720,10.4,378012,,,t,0
1954,Alberta,2016A000248,Supplementary payments,Dollars,81,thousands,3,v8722,10.6,1031,,,t,0
1954,Alberta,2016A000248,Operating expenses and depreciation charges,Dollars,81,thousands,3,v8723,10.7,233208,,,t,0
1954,British Columbia,2016A000259,Income-in-kind,Dollars,81,thousands,3,v8734,11.5,7132,,,,0
1954,British Columbia,2016A000259,Realized net income,Dollars,81,thousands,3,v8737,11.8,55283,,,,0
1954,British Columbia,2016A000259,"Gross income, total",Dollars,81,thousands,3,v8730,11.1,120386,,,t,0
1954,British Columbia,2016A000259,Value of inventory change,Dollars,81,thousands,3,v8731,11.2,2935,,,,0
1954,British Columbia,2016A000259,"Net income, total",Dollars,81,thousands,3,v8738,11.9,58218,,,,0
1954,British Columbia,2016A000259,Realized gross income,Dollars,81,thousands,3,v8732,11.3,117451,,,t,0
1954,British Columbia,2016A000259,Cash receipts from farm products,Dollars,81,thousands,3,v8733,11.4,110319,,,t,0
1954,British Columbia,2016A000259,Supplementary payments,Dollars,81,thousands,3,v8735,11.6,0,,,t,0
1954,British Columbia,2016A000259,Operating expenses and depreciation charges,Dollars,81,thousands,3,v8736,11.7,62168,,,t,0
1955,Canada,2016A000011124,Income-in-kind,Dollars,81,thousands,3,v8617,1.5,171790,,,,0
1955,Canada,2016A000011124,Realized net income,Dollars,81,thousands,3,v8620,1.8,928347,,,,0
1955,Canada,2016A000011124,"Gross income, total",Dollars,81,thousands,3,v8613,1.1,2647020,,,t,0
1955,Canada,2016A000011124,Value of inventory change,Dollars,81,thousands,3,v8614,1.2,202834,,,,0
1955,Canada,2016A000011124,"Net income, total",Dollars,81,thousands,3,v8621,1.9,1131181,,,,0
1955,Canada,2016A000011124,Realized gross income,Dollars,81,thousands,3,v8615,1.3,2444186,,,t,0
1955,Canada,2016A000011124,Cash receipts from farm products,Dollars,81,thousands,3,v8616,1.4,2239058,,,t,0
1955,Canada,2016A000011124,Supplementary payments,Dollars,81,thousands,3,v8618,1.6,33338,,,t,0
1955,Canada,2016A000011124,Operating expenses and depreciation charges,Dollars,81,thousands,3,v8619,1.7,1515839,,,t,0
1955,Prince Edward Island,2016A000211,Income-in-kind,Dollars,81,thousands,3,v8630,3.5,2743,,,,0
1955,Prince Edward Island,2016A000211,Realized net income,Dollars,81,thousands,3,v8633,3.8,10157,,,,0
1955,Prince Edward Island,2016A000211,"Gross income, total",Dollars,81,thousands,3,v8626,3.1,27646,,,t,0
1955,Prince Edward Island,2016A000211,Value of inventory change,Dollars,81,thousands,3,v8627,3.2,605,,,,0
1955,Prince Edward Island,2016A000211,"Net income, total",Dollars,81,thousands,3,v8634,3.9,10762,,,,0
1955,Prince Edward Island,2016A000211,Realized gross income,Dollars,81,thousands,3,v8628,3.3,27041,,,t,0
1955,Prince Edward Island,2016A000211,Cash receipts from farm products,Dollars,81,thousands,3,v8629,3.4,24298,,,t,0
1955,Prince Edward Island,2016A000211,Operating expenses and depreciation charges,Dollars,81,thousands,3,v8632,3.7,16884,,,t,0
1955,Nova Scotia,2016A000212,Income-in-kind,Dollars,81,thousands,3,v8643,4.5,6224,,,,0
1955,Nova Scotia,2016A000212,Realized net income,Dollars,81,thousands,3,v8646,4.8,21236,,,,0
1955,Nova Scotia,2016A000212,"Gross income, total",Dollars,81,thousands,3,v8639,4.1,47495,,,t,0
1955,Nova Scotia,2016A000212,Value of inventory change,Dollars,81,thousands,3,v8640,4.2,-146,,,,0
1955,Nova Scotia,2016A000212,"Net income, total",Dollars,81,thousands,3,v8647,4.9,21090,,,,0
1955,Nova Scotia,2016A000212,Realized gross income,Dollars,81,thousands,3,v8641,4.3,47641,,,t,0
1955,Nova Scotia,2016A000212,Cash receipts from farm products,Dollars,81,thousands,3,v8642,4.4,41417,,,t,0
1955,Nova Scotia,2016A000212,Supplementary payments,Dollars,81,thousands,3,v8644,4.6,0,,,t,0
1955,Nova Scotia,2016A000212,Operating expenses and depreciation charges,Dollars,81,thousands,3,v8645,4.7,26405,,,t,0
1955,New Brunswick,2016A000213,Income-in-kind,Dollars,81,thousands,3,v8656,5.5,7325,,,,0
1955,New Brunswick,2016A000213,Realized net income,Dollars,81,thousands,3,v8659,5.8,16271,,,,0
1955,New Brunswick,2016A000213,"Gross income, total",Dollars,81,thousands,3,v8652,5.1,46871,,,t,0
1955,New Brunswick,2016A000213,Value of inventory change,Dollars,81,thousands,3,v8653,5.2,2481,,,,0
1955,New Brunswick,2016A000213,"Net income, total",Dollars,81,thousands,3,v8660,5.9,18752,,,,0
1955,New Brunswick,2016A000213,Realized gross income,Dollars,81,thousands,3,v8654,5.3,44390,,,t,0
1955,New Brunswick,2016A000213,Cash receipts from farm products,Dollars,81,thousands,3,v8655,5.4,37065,,,t,0
1955,New Brunswick,2016A000213,Operating expenses and depreciation charges,Dollars,81,thousands,3,v8658,5.7,28119,,,t,0
1955,Quebec,2016A000224,Income-in-kind,Dollars,81,thousands,3,v8669,6.5,46746,,,,0
1955,Quebec,2016A000224,Realized net income,Dollars,81,thousands,3,v8672,6.8,176874,,,,0
1955,Quebec,2016A000224,"Gross income, total",Dollars,81,thousands,3,v8665,6.1,409997,,,t,0
1955,Quebec,2016A000224,Value of inventory change,Dollars,81,thousands,3,v8666,6.2,3341,,,,0
1955,Quebec,2016A000224,"Net income, total",Dollars,81,thousands,3,v8673,6.9,180215,,,,0
1955,Quebec,2016A000224,Realized gross income,Dollars,81,thousands,3,v8667,6.3,406656,,,t,0
1955,Quebec,2016A000224,Cash receipts from farm products,Dollars,81,thousands,3,v8668,6.4,359910,,,t,0
1955,Quebec,2016A000224,Operating expenses and depreciation charges,Dollars,81,thousands,3,v8671,6.7,229782,,,t,0
1955,Ontario,2016A000235,Income-in-kind,Dollars,81,thousands,3,v8682,7.5,40110,,,,0
1955,Ontario,2016A000235,Realized net income,Dollars,81,thousands,3,v8685,7.8,276054,,,,0
1955,Ontario,2016A000235,"Gross income, total",Dollars,81,thousands,3,v8678,7.1,736877,,,t,0
1955,Ontario,2016A000235,Value of inventory change,Dollars,81,thousands,3,v8679,7.2,-27090,,,,0
1955,Ontario,2016A000235,"Net income, total",Dollars,81,thousands,3,v8686,7.9,248964,,,,0
1955,Ontario,2016A000235,Realized gross income,Dollars,81,thousands,3,v8680,7.3,763967,,,t,0
1955,Ontario,2016A000235,Cash receipts from farm products,Dollars,81,thousands,3,v8681,7.4,723857,,,t,0
1955,Ontario,2016A000235,Operating expenses and depreciation charges,Dollars,81,thousands,3,v8684,7.7,487913,,,t,0
1955,Manitoba,2016A000246,Income-in-kind,Dollars,81,thousands,3,v8695,8.5,13074,,,,0
1955,Manitoba,2016A000246,Realized net income,Dollars,81,thousands,3,v8698,8.8,66441,,,,0
1955,Manitoba,2016A000246,"Gross income, total",Dollars,81,thousands,3,v8691,8.1,209218,,,t,0
1955,Manitoba,2016A000246,Value of inventory change,Dollars,81,thousands,3,v8692,8.2,17775,,,,0
1955,Manitoba,2016A000246,"Net income, total",Dollars,81,thousands,3,v8699,8.9,84216,,,,0
1955,Manitoba,2016A000246,Realized gross income,Dollars,81,thousands,3,v8693,8.3,191443,,,t,0
1955,Manitoba,2016A000246,Cash receipts from farm products,Dollars,81,thousands,3,v8694,8.4,173027,,,t,0
1955,Manitoba,2016A000246,Supplementary payments,Dollars,81,thousands,3,v8696,8.6,5342,,,t,0
1955,Manitoba,2016A000246,Operating expenses and depreciation charges,Dollars,81,thousands,3,v8697,8.7,125002,,,t,0
1955,Saskatchewan,2016A000247,Income-in-kind,Dollars,81,thousands,3,v8708,9.5,27483,,,,0
1955,Saskatchewan,2016A000247,Realized net income,Dollars,81,thousands,3,v8711,9.8,172511,,,,0
1955,Saskatchewan,2016A000247,"Gross income, total",Dollars,81,thousands,3,v8704,9.1,616988,,,t,0
1955,Saskatchewan,2016A000247,Value of inventory change,Dollars,81,thousands,3,v8705,9.2,151353,,,,0
1955,Saskatchewan,2016A000247,"Net income, total",Dollars,81,thousands,3,v8712,9.9,323864,,,,0
1955,Saskatchewan,2016A000247,Realized gross income,Dollars,81,thousands,3,v8706,9.3,465635,,,t,0
1955,Saskatchewan,2016A000247,Cash receipts from farm products,Dollars,81,thousands,3,v8707,9.4,416018,,,t,0
1955,Saskatchewan,2016A000247,Supplementary payments,Dollars,81,thousands,3,v8709,9.6,22134,,,t,0
1955,Saskatchewan,2016A000247,Operating expenses and depreciation charges,Dollars,81,thousands,3,v8710,9.7,293124,,,t,0
1955,Alberta,2016A000248,Income-in-kind,Dollars,81,thousands,3,v8721,10.5,21227,,,,0
1955,Alberta,2016A000248,Realized net income,Dollars,81,thousands,3,v8724,10.8,139082,,,,0
1955,Alberta,2016A000248,"Gross income, total",Dollars,81,thousands,3,v8717,10.1,436891,,,t,0
1955,Alberta,2016A000248,Value of inventory change,Dollars,81,thousands,3,v8718,10.2,52956,,,,0
1955,Alberta,2016A000248,"Net income, total",Dollars,81,thousands,3,v8725,10.9,192038,,,,0
1955,Alberta,2016A000248,Realized gross income,Dollars,81,thousands,3,v8719,10.3,383935,,,t,0
1955,Alberta,2016A000248,Cash receipts from farm products,Dollars,81,thousands,3,v8720,10.4,356932,,,t,0
1955,Alberta,2016A000248,Supplementary payments,Dollars,81,thousands,3,v8722,10.6,5776,,,t,0
1955,Alberta,2016A000248,Operating expenses and depreciation charges,Dollars,81,thousands,3,v8723,10.7,244853,,,t,0
1955,British Columbia,2016A000259,Income-in-kind,Dollars,81,thousands,3,v8734,11.5,6858,,,,0
1955,British Columbia,2016A000259,Realized net income,Dollars,81,thousands,3,v8737,11.8,49721,,,,0
1955,British Columbia,2016A000259,"Gross income, total",Dollars,81,thousands,3,v8730,11.1,115037,,,t,0
1955,British Columbia,2016A000259,Value of inventory change,Dollars,81,thousands,3,v8731,11.2,1559,,,,0
1955,British Columbia,2016A000259,"Net income, total",Dollars,81,thousands,3,v8738,11.9,51280,,,,0
1955,British Columbia,2016A000259,Realized gross income,Dollars,81,thousands,3,v8732,11.3,113478,,,t,0
1955,British Columbia,2016A000259,Cash receipts from farm products,Dollars,81,thousands,3,v8733,11.4,106534,,,t,0
1955,British Columbia,2016A000259,Supplementary payments,Dollars,81,thousands,3,v8735,11.6,86,,,t,0
1955,British Columbia,2016A000259,Operating expenses and depreciation charges,Dollars,81,thousands,3,v8736,11.7,63757,,,t,0
1956,Canada,2016A000011124,Income-in-kind,Dollars,81,thousands,3,v8617,1.5,164216,,,,0
1956,Canada,2016A000011124,Realized net income,Dollars,81,thousands,3,v8620,1.8,1072733,,,,0
1956,Canada,2016A000011124,"Gross income, total",Dollars,81,thousands,3,v8613,1.1,2893487,,,t,0
1956,Canada,2016A000011124,Value of inventory change,Dollars,81,thousands,3,v8614,1.2,194967,,,,0
1956,Canada,2016A000011124,"Net income, total",Dollars,81,thousands,3,v8621,1.9,1267700,,,,0
1956,Canada,2016A000011124,Realized gross income,Dollars,81,thousands,3,v8615,1.3,2698520,,,t,0
1956,Canada,2016A000011124,Cash receipts from farm products,Dollars,81,thousands,3,v8616,1.4,2529300,,,t,0
1956,Canada,2016A000011124,Supplementary payments,Dollars,81,thousands,3,v8618,1.6,5004,,,t,0
1956,Canada,2016A000011124,Operating expenses and depreciation charges,Dollars,81,thousands,3,v8619,1.7,1625787,,,t,0
1956,Prince Edward Island,2016A000211,Income-in-kind,Dollars,81,thousands,3,v8630,3.5,2732,,,,0
1956,Prince Edward Island,2016A000211,Realized net income,Dollars,81,thousands,3,v8633,3.8,10869,,,,0
1956,Prince Edward Island,2016A000211,"Gross income, total",Dollars,81,thousands,3,v8626,3.1,28127,,,t,0
1956,Prince Edward Island,2016A000211,Value of inventory change,Dollars,81,thousands,3,v8627,3.2,242,,,,0
1956,Prince Edward Island,2016A000211,"Net income, total",Dollars,81,thousands,3,v8634,3.9,11111,,,,0
1956,Prince Edward Island,2016A000211,Realized gross income,Dollars,81,thousands,3,v8628,3.3,27885,,,t,0
1956,Prince Edward Island,2016A000211,Cash receipts from farm products,Dollars,81,thousands,3,v8629,3.4,25153,,,t,0
1956,Prince Edward Island,2016A000211,Operating expenses and depreciation charges,Dollars,81,thousands,3,v8632,3.7,17016,,,t,0
1956,Nova Scotia,2016A000212,Income-in-kind,Dollars,81,thousands,3,v8643,4.5,6090,,,,0
1956,Nova Scotia,2016A000212,Realized net income,Dollars,81,thousands,3,v8646,4.8,21615,,,,0
1956,Nova Scotia,2016A000212,"Gross income, total",Dollars,81,thousands,3,v8639,4.1,48603,,,t,0
1956,Nova Scotia,2016A000212,Value of inventory change,Dollars,81,thousands,3,v8640,4.2,-1246,,,,0
1956,Nova Scotia,2016A000212,"Net income, total",Dollars,81,thousands,3,v8647,4.9,20369,,,,0
1956,Nova Scotia,2016A000212,Realized gross income,Dollars,81,thousands,3,v8641,4.3,49849,,,t,0
1956,Nova Scotia,2016A000212,Cash receipts from farm products,Dollars,81,thousands,3,v8642,4.4,43759,,,t,0
1956,Nova Scotia,2016A000212,Supplementary payments,Dollars,81,thousands,3,v8644,4.6,0,,,t,0
1956,Nova Scotia,2016A000212,Operating expenses and depreciation charges,Dollars,81,thousands,3,v8645,4.7,28234,,,t,0
1956,New Brunswick,2016A000213,Income-in-kind,Dollars,81,thousands,3,v8656,5.5,6939,,,,0
1956,New Brunswick,2016A000213,Realized net income,Dollars,81,thousands,3,v8659,5.8,20670,,,,0
1956,New Brunswick,2016A000213,"Gross income, total",Dollars,81,thousands,3,v8652,5.1,50763,,,t,0
1956,New Brunswick,2016A000213,Value of inventory change,Dollars,81,thousands,3,v8653,5.2,345,,,,0
1956,New Brunswick,2016A000213,"Net income, total",Dollars,81,thousands,3,v8660,5.9,21015,,,,0
1956,New Brunswick,2016A000213,Realized gross income,Dollars,81,thousands,3,v8654,5.3,50418,,,t,0
1956,New Brunswick,2016A000213,Cash receipts from farm products,Dollars,81,thousands,3,v8655,5.4,43479,,,t,0
1956,New Brunswick,2016A000213,Operating expenses and depreciation charges,Dollars,81,thousands,3,v8658,5.7,29748,,,t,0
1956,Quebec,2016A000224,Income-in-kind,Dollars,81,thousands,3,v8669,6.5,45513,,,,0
1956,Quebec,2016A000224,Realized net income,Dollars,81,thousands,3,v8672,6.8,156913,,,,0
1956,Quebec,2016A000224,"Gross income, total",Dollars,81,thousands,3,v8665,6.1,415719,,,t,0
1956,Quebec,2016A000224,Value of inventory change,Dollars,81,thousands,3,v8666,6.2,6676,,,,0
1956,Quebec,2016A000224,"Net income, total",Dollars,81,thousands,3,v8673,6.9,163589,,,,0
1956,Quebec,2016A000224,Realized gross income,Dollars,81,thousands,3,v8667,6.3,409043,,,t,0
1956,Quebec,2016A000224,Cash receipts from farm products,Dollars,81,thousands,3,v8668,6.4,363530,,,t,0
1956,Quebec,2016A000224,Operating expenses and depreciation charges,Dollars,81,thousands,3,v8671,6.7,252130,,,t,0
1956,Ontario,2016A000235,Income-in-kind,Dollars,81,thousands,3,v8682,7.5,35730,,,,0
1956,Ontario,2016A000235,Realized net income,Dollars,81,thousands,3,v8685,7.8,216692,,,,0
1956,Ontario,2016A000235,"Gross income, total",Dollars,81,thousands,3,v8678,7.1,776557,,,t,0
1956,Ontario,2016A000235,Value of inventory change,Dollars,81,thousands,3,v8679,7.2,22173,,,,0
1956,Ontario,2016A000235,"Net income, total",Dollars,81,thousands,3,v8686,7.9,238865,,,,0
1956,Ontario,2016A000235,Realized gross income,Dollars,81,thousands,3,v8680,7.3,754384,,,t,0
1956,Ontario,2016A000235,Cash receipts from farm products,Dollars,81,thousands,3,v8681,7.4,718654,,,t,0
1956,Ontario,2016A000235,Operating expenses and depreciation charges,Dollars,81,thousands,3,v8684,7.7,537692,,,t,0
1956,Manitoba,2016A000246,Income-in-kind,Dollars,81,thousands,3,v8695,8.5,12602,,,,0
1956,Manitoba,2016A000246,Realized net income,Dollars,81,thousands,3,v8698,8.8,92570,,,,0
1956,Manitoba,2016A000246,"Gross income, total",Dollars,81,thousands,3,v8691,8.1,255322,,,t,0
1956,Manitoba,2016A000246,Value of inventory change,Dollars,81,thousands,3,v8692,8.2,31675,,,,0
1956,Manitoba,2016A000246,"Net income, total",Dollars,81,thousands,3,v8699,8.9,124245,,,,0
1956,Manitoba,2016A000246,Realized gross income,Dollars,81,thousands,3,v8693,8.3,223647,,,t,0
1956,Manitoba,2016A000246,Cash receipts from farm products,Dollars,81,thousands,3,v8694,8.4,208685,,,t,0
1956,Manitoba,2016A000246,Supplementary payments,Dollars,81,thousands,3,v8696,8.6,2360,,,t,0
1956,Manitoba,2016A000246,Operating expenses and depreciation charges,Dollars,81,thousands,3,v8697,8.7,131077,,,t,0
1956,Saskatchewan,2016A000247,Income-in-kind,Dollars,81,thousands,3,v8708,9.5,26855,,,,0
1956,Saskatchewan,2016A000247,Realized net income,Dollars,81,thousands,3,v8711,9.8,307674,,,,0
1956,Saskatchewan,2016A000247,"Gross income, total",Dollars,81,thousands,3,v8704,9.1,704524,,,t,0
1956,Saskatchewan,2016A000247,Value of inventory change,Dollars,81,thousands,3,v8705,9.2,91981,,,,0
1956,Saskatchewan,2016A000247,"Net income, total",Dollars,81,thousands,3,v8712,9.9,399655,,,,0
1956,Saskatchewan,2016A000247,Realized gross income,Dollars,81,thousands,3,v8706,9.3,612543,,,t,0
1956,Saskatchewan,2016A000247,Cash receipts from farm products,Dollars,81,thousands,3,v8707,9.4,584509,,,t,0
1956,Saskatchewan,2016A000247,Supplementary payments,Dollars,81,thousands,3,v8709,9.6,1179,,,t,0
1956,Saskatchewan,2016A000247,Operating expenses and depreciation charges,Dollars,81,thousands,3,v8710,9.7,304869,,,t,0
1956,Alberta,2016A000248,Income-in-kind,Dollars,81,thousands,3,v8721,10.5,20537,,,,0
1956,Alberta,2016A000248,Realized net income,Dollars,81,thousands,3,v8724,10.8,192347,,,,0
1956,Alberta,2016A000248,"Gross income, total",Dollars,81,thousands,3,v8717,10.1,492499,,,t,0
1956,Alberta,2016A000248,Value of inventory change,Dollars,81,thousands,3,v8718,10.2,44044,,,,0
1956,Alberta,2016A000248,"Net income, total",Dollars,81,thousands,3,v8725,10.9,236391,,,,0
1956,Alberta,2016A000248,Realized gross income,Dollars,81,thousands,3,v8719,10.3,448455,,,t,0
1956,Alberta,2016A000248,Cash receipts from farm products,Dollars,81,thousands,3,v8720,10.4,426599,,,t,0
1956,Alberta,2016A000248,Supplementary payments,Dollars,81,thousands,3,v8722,10.6,1319,,,t,0
1956,Alberta,2016A000248,Operating expenses and depreciation charges,Dollars,81,thousands,3,v8723,10.7,256108,,,t,0
1956,British Columbia,2016A000259,Income-in-kind,Dollars,81,thousands,3,v8734,11.5,7218,,,,0
1956,British Columbia,2016A000259,Realized net income,Dollars,81,thousands,3,v8737,11.8,53383,,,,0
1956,British Columbia,2016A000259,"Gross income, total",Dollars,81,thousands,3,v8730,11.1,121373,,,t,0
1956,British Columbia,2016A000259,Value of inventory change,Dollars,81,thousands,3,v8731,11.2,-923,,,,0
1956,British Columbia,2016A000259,"Net income, total",Dollars,81,thousands,3,v8738,11.9,52460,,,,0
1956,British Columbia,2016A000259,Realized gross income,Dollars,81,thousands,3,v8732,11.3,122296,,,t,0
1956,British Columbia,2016A000259,Cash receipts from farm products,Dollars,81,thousands,3,v8733,11.4,114932,,,t,0
1956,British Columbia,2016A000259,Supplementary payments,Dollars,81,thousands,3,v8735,11.6,146,,,t,0
1956,British Columbia,2016A000259,Operating expenses and depreciation charges,Dollars,81,thousands,3,v8736,11.7,68913,,,t,0
1957,Canada,2016A000011124,Income-in-kind,Dollars,81,thousands,3,v8617,1.5,160795,,,,0
1957,Canada,2016A000011124,Realized net income,Dollars,81,thousands,3,v8620,1.8,1056500,,,,0
1957,Canada,2016A000011124,"Gross income, total",Dollars,81,thousands,3,v8613,1.1,2560556,,,t,0
1957,Canada,2016A000011124,Value of inventory change,Dollars,81,thousands,3,v8614,1.2,-118143,,,,0
1957,Canada,2016A000011124,"Net income, total",Dollars,81,thousands,3,v8621,1.9,938357,,,,0
1957,Canada,2016A000011124,Realized gross income,Dollars,81,thousands,3,v8615,1.3,2678699,,,t,0
1957,Canada,2016A000011124,Cash receipts from farm products,Dollars,81,thousands,3,v8616,1.4,2515917,,,t,0
1957,Canada,2016A000011124,Supplementary payments,Dollars,81,thousands,3,v8618,1.6,1987,,,t,0
1957,Canada,2016A000011124,Operating expenses and depreciation charges,Dollars,81,thousands,3,v8619,1.7,1622199,,,t,0
1957,Prince Edward Island,2016A000211,Income-in-kind,Dollars,81,thousands,3,v8630,3.5,2555,,,,0
1957,Prince Edward Island,2016A000211,Realized net income,Dollars,81,thousands,3,v8633,3.8,9181,,,,0
1957,Prince Edward Island,2016A000211,"Gross income, total",Dollars,81,thousands,3,v8626,3.1,27355,,,t,0
1957,Prince Edward Island,2016A000211,Value of inventory change,Dollars,81,thousands,3,v8627,3.2,1142,,,,0
1957,Prince Edward Island,2016A000211,"Net income, total",Dollars,81,thousands,3,v8634,3.9,10323,,,,0
1957,Prince Edward Island,2016A000211,Realized gross income,Dollars,81,thousands,3,v8628,3.3,26213,,,t,0
1957,Prince Edward Island,2016A000211,Cash receipts from farm products,Dollars,81,thousands,3,v8629,3.4,23658,,,t,0
1957,Prince Edward Island,2016A000211,Operating expenses and depreciation charges,Dollars,81,thousands,3,v8632,3.7,17032,,,t,0
1957,Nova Scotia,2016A000212,Income-in-kind,Dollars,81,thousands,3,v8643,4.5,5588,,,,0
1957,Nova Scotia,2016A000212,Realized net income,Dollars,81,thousands,3,v8646,4.8,21587,,,,0
1957,Nova Scotia,2016A000212,"Gross income, total",Dollars,81,thousands,3,v8639,4.1,47191,,,t,0
1957,Nova Scotia,2016A000212,Value of inventory change,Dollars,81,thousands,3,v8640,4.2,-1639,,,,0
1957,Nova Scotia,2016A000212,"Net income, total",Dollars,81,thousands,3,v8647,4.9,19948,,,,0
1957,Nova Scotia,2016A000212,Realized gross income,Dollars,81,thousands,3,v8641,4.3,48830,,,t,0
1957,Nova Scotia,2016A000212,Cash receipts from farm products,Dollars,81,thousands,3,v8642,4.4,43242,,,t,0
1957,Nova Scotia,2016A000212,Supplementary payments,Dollars,81,thousands,3,v8644,4.6,0,,,t,0
1957,Nova Scotia,2016A000212,Operating expenses and depreciation charges,Dollars,81,thousands,3,v8645,4.7,27243,,,t,0
1957,New Brunswick,2016A000213,Income-in-kind,Dollars,81,thousands,3,v8656,5.5,6288,,,,0
1957,New Brunswick,2016A000213,Realized net income,Dollars,81,thousands,3,v8659,5.8,18351,,,,0
1957,New Brunswick,2016A000213,"Gross income, total",Dollars,81,thousands,3,v8652,5.1,46148,,,t,0
1957,New Brunswick,2016A000213,Value of inventory change,Dollars,81,thousands,3,v8653,5.2,-967,,,,0
1957,New Brunswick,2016A000213,"Net income, total",Dollars,81,thousands,3,v8660,5.9,17384,,,,0
1957,New Brunswick,2016A000213,Realized gross income,Dollars,81,thousands,3,v8654,5.3,47115,,,t,0
1957,New Brunswick,2016A000213,Cash receipts from farm products,Dollars,81,thousands,3,v8655,5.4,40827,,,t,0
1957,New Brunswick,2016A000213,Operating expenses and depreciation charges,Dollars,81,thousands,3,v8658,5.7,28764,,,t,0
1957,Quebec,2016A000224,Income-in-kind,Dollars,81,thousands,3,v8669,6.5,43772,,,,0
1957,Quebec,2016A000224,Realized net income,Dollars,81,thousands,3,v8672,6.8,168761,,,,0
1957,Quebec,2016A000224,"Gross income, total",Dollars,81,thousands,3,v8665,6.1,416765,,,t,0
1957,Quebec,2016A000224,Value of inventory change,Dollars,81,thousands,3,v8666,6.2,-3228,,,,0
1957,Quebec,2016A000224,"Net income, total",Dollars,81,thousands,3,v8673,6.9,165533,,,,0
1957,Quebec,2016A000224,Realized gross income,Dollars,81,thousands,3,v8667,6.3,419993,,,t,0
1957,Quebec,2016A000224,Cash receipts from farm products,Dollars,81,thousands,3,v8668,6.4,376221,,,t,0
1957,Quebec,2016A000224,Operating expenses and depreciation charges,Dollars,81,thousands,3,v8671,6.7,251232,,,t,0
1957,Ontario,2016A000235,Income-in-kind,Dollars,81,thousands,3,v8682,7.5,35063,,,,0
1957,Ontario,2016A000235,Realized net income,Dollars,81,thousands,3,v8685,7.8,257666,,,,0
1957,Ontario,2016A000235,"Gross income, total",Dollars,81,thousands,3,v8678,7.1,809650,,,t,0
1957,Ontario,2016A000235,Value of inventory change,Dollars,81,thousands,3,v8679,7.2,15633,,,,0
1957,Ontario,2016A000235,"Net income, total",Dollars,81,thousands,3,v8686,7.9,273299,,,,0
1957,Ontario,2016A000235,Realized gross income,Dollars,81,thousands,3,v8680,7.3,794017,,,t,0
1957,Ontario,2016A000235,Cash receipts from farm products,Dollars,81,thousands,3,v8681,7.4,758954,,,t,0
1957,Ontario,2016A000235,Operating expenses and depreciation charges,Dollars,81,thousands,3,v8684,7.7,536351,,,t,0
1957,Manitoba,2016A000246,Income-in-kind,Dollars,81,thousands,3,v8695,8.5,13224,,,,0
1957,Manitoba,2016A000246,Realized net income,Dollars,81,thousands,3,v8698,8.8,80584,,,,0
1957,Manitoba,2016A000246,"Gross income, total",Dollars,81,thousands,3,v8691,8.1,198910,,,t,0
1957,Manitoba,2016A000246,Value of inventory change,Dollars,81,thousands,3,v8692,8.2,-12446,,,,0
1957,Manitoba,2016A000246,"Net income, total",Dollars,81,thousands,3,v8699,8.9,68138,,,,0
1957,Manitoba,2016A000246,Realized gross income,Dollars,81,thousands,3,v8693,8.3,211356,,,t,0
1957,Manitoba,2016A000246,Cash receipts from farm products,Dollars,81,thousands,3,v8694,8.4,197631,,,t,0
1957,Manitoba,2016A000246,Supplementary payments,Dollars,81,thousands,3,v8696,8.6,501,,,t,0
1957,Manitoba,2016A000246,Operating expenses and depreciation charges,Dollars,81,thousands,3,v8697,8.7,130772,,,t,0
1957,Saskatchewan,2016A000247,Income-in-kind,Dollars,81,thousands,3,v8708,9.5,27024,,,,0
1957,Saskatchewan,2016A000247,Realized net income,Dollars,81,thousands,3,v8711,9.8,252756,,,,0
1957,Saskatchewan,2016A000247,"Gross income, total",Dollars,81,thousands,3,v8704,9.1,477133,,,t,0
1957,Saskatchewan,2016A000247,Value of inventory change,Dollars,81,thousands,3,v8705,9.2,-76282,,,,0
1957,Saskatchewan,2016A000247,"Net income, total",Dollars,81,thousands,3,v8712,9.9,176474,,,,0
1957,Saskatchewan,2016A000247,Realized gross income,Dollars,81,thousands,3,v8706,9.3,553415,,,t,0
1957,Saskatchewan,2016A000247,Cash receipts from farm products,Dollars,81,thousands,3,v8707,9.4,525817,,,t,0
1957,Saskatchewan,2016A000247,Supplementary payments,Dollars,81,thousands,3,v8709,9.6,574,,,t,0
1957,Saskatchewan,2016A000247,Operating expenses and depreciation charges,Dollars,81,thousands,3,v8710,9.7,300659,,,t,0
1957,Alberta,2016A000248,Income-in-kind,Dollars,81,thousands,3,v8721,10.5,20769,,,,0
1957,Alberta,2016A000248,Realized net income,Dollars,81,thousands,3,v8724,10.8,194295,,,,0
1957,Alberta,2016A000248,"Gross income, total",Dollars,81,thousands,3,v8717,10.1,414875,,,t,0
1957,Alberta,2016A000248,Value of inventory change,Dollars,81,thousands,3,v8718,10.2,-40350,,,,0
1957,Alberta,2016A000248,"Net income, total",Dollars,81,thousands,3,v8725,10.9,153945,,,,0
1957,Alberta,2016A000248,Realized gross income,Dollars,81,thousands,3,v8719,10.3,455225,,,t,0
1957,Alberta,2016A000248,Cash receipts from farm products,Dollars,81,thousands,3,v8720,10.4,433551,,,t,0
1957,Alberta,2016A000248,Supplementary payments,Dollars,81,thousands,3,v8722,10.6,905,,,t,0
1957,Alberta,2016A000248,Operating expenses and depreciation charges,Dollars,81,thousands,3,v8723,10.7,260930,,,t,0
1957,British Columbia,2016A000259,Income-in-kind,Dollars,81,thousands,3,v8734,11.5,6512,,,,0
1957,British Columbia,2016A000259,Realized net income,Dollars,81,thousands,3,v8737,11.8,53319,,,,0
1957,British Columbia,2016A000259,"Gross income, total",Dollars,81,thousands,3,v8730,11.1,122529,,,t,0
1957,British Columbia,2016A000259,Value of inventory change,Dollars,81,thousands,3,v8731,11.2,-6,,,,0
1957,British Columbia,2016A000259,"Net income, total",Dollars,81,thousands,3,v8738,11.9,53313,,,,0
1957,British Columbia,2016A000259,Realized gross income,Dollars,81,thousands,3,v8732,11.3,122535,,,t,0
1957,British Columbia,2016A000259,Cash receipts from farm products,Dollars,81,thousands,3,v8733,11.4,116016,,,t,0
1957,British Columbia,2016A000259,Supplementary payments,Dollars,81,thousands,3,v8735,11.6,7,,,t,0
1957,British Columbia,2016A000259,Operating expenses and depreciation charges,Dollars,81,thousands,3,v8736,11.7,69216,,,t,0
1958,Canada,2016A000011124,Income-in-kind,Dollars,81,thousands,3,v8617,1.5,161167,,,,0
1958,Canada,2016A000011124,Realized net income,Dollars,81,thousands,3,v8620,1.8,1248724,,,,0
1958,Canada,2016A000011124,"Gross income, total",Dollars,81,thousands,3,v8613,1.1,2928600,,,t,0
1958,Canada,2016A000011124,Value of inventory change,Dollars,81,thousands,3,v8614,1.2,-46924,,,,0
1958,Canada,2016A000011124,"Net income, total",Dollars,81,thousands,3,v8621,1.9,1201800,,,,0
1958,Canada,2016A000011124,Realized gross income,Dollars,81,thousands,3,v8615,1.3,2975524,,,t,0
1958,Canada,2016A000011124,Cash receipts from farm products,Dollars,81,thousands,3,v8616,1.4,2754229,,,t,0
1958,Canada,2016A000011124,Supplementary payments,Dollars,81,thousands,3,v8618,1.6,60128,,,t,0
1958,Canada,2016A000011124,Operating expenses and depreciation charges,Dollars,81,thousands,3,v8619,1.7,1726800,,,t,0
1958,Prince Edward Island,2016A000211,Income-in-kind,Dollars,81,thousands,3,v8630,3.5,2599,,,,0
1958,Prince Edward Island,2016A000211,Realized net income,Dollars,81,thousands,3,v8633,3.8,11632,,,,0
1958,Prince Edward Island,2016A000211,"Gross income, total",Dollars,81,thousands,3,v8626,3.1,28612,,,t,0
1958,Prince Edward Island,2016A000211,Value of inventory change,Dollars,81,thousands,3,v8627,3.2,-1062,,,,0
1958,Prince Edward Island,2016A000211,"Net income, total",Dollars,81,thousands,3,v8634,3.9,10570,,,,0
1958,Prince Edward Island,2016A000211,Realized gross income,Dollars,81,thousands,3,v8628,3.3,29674,,,t,0
1958,Prince Edward Island,2016A000211,Cash receipts from farm products,Dollars,81,thousands,3,v8629,3.4,27075,,,t,0
1958,Prince Edward Island,2016A000211,Operating expenses and depreciation charges,Dollars,81,thousands,3,v8632,3.7,18042,,,t,0
1958,Nova Scotia,2016A000212,Income-in-kind,Dollars,81,thousands,3,v8643,4.5,5190,,,,0
1958,Nova Scotia,2016A000212,Realized net income,Dollars,81,thousands,3,v8646,4.8,19792,,,,0
1958,Nova Scotia,2016A000212,"Gross income, total",Dollars,81,thousands,3,v8639,4.1,47376,,,t,0
1958,Nova Scotia,2016A000212,Value of inventory change,Dollars,81,thousands,3,v8640,4.2,-942,,,,0
1958,Nova Scotia,2016A000212,"Net income, total",Dollars,81,thousands,3,v8647,4.9,18850,,,,0
1958,Nova Scotia,2016A000212,Realized gross income,Dollars,81,thousands,3,v8641,4.3,48318,,,t,0
1958,Nova Scotia,2016A000212,Cash receipts from farm products,Dollars,81,thousands,3,v8642,4.4,43128,,,t,0
1958,Nova Scotia,2016A000212,Supplementary payments,Dollars,81,thousands,3,v8644,4.6,0,,,t,0
1958,Nova Scotia,2016A000212,Operating expenses and depreciation charges,Dollars,81,thousands,3,v8645,4.7,28526,,,t,0
1958,New Brunswick,2016A000213,Income-in-kind,Dollars,81,thousands,3,v8656,5.5,5817,,,,0
1958,New Brunswick,2016A000213,Realized net income,Dollars,81,thousands,3,v8659,5.8,17846,,,,0
1958,New Brunswick,2016A000213,"Gross income, total",Dollars,81,thousands,3,v8652,5.1,45522,,,t,0
1958,New Brunswick,2016A000213,Value of inventory change,Dollars,81,thousands,3,v8653,5.2,-2492,,,,0
1958,New Brunswick,2016A000213,"Net income, total",Dollars,81,thousands,3,v8660,5.9,15354,,,,0
1958,New Brunswick,2016A000213,Realized gross income,Dollars,81,thousands,3,v8654,5.3,48014,,,t,0
1958,New Brunswick,2016A000213,Cash receipts from farm products,Dollars,81,thousands,3,v8655,5.4,42197,,,t,0
1958,New Brunswick,2016A000213,Operating expenses and depreciation charges,Dollars,81,thousands,3,v8658,5.7,30168,,,t,0
1958,Quebec,2016A000224,Income-in-kind,Dollars,81,thousands,3,v8669,6.5,42608,,,,0
1958,Quebec,2016A000224,Realized net income,Dollars,81,thousands,3,v8672,6.8,178070,,,,0
1958,Quebec,2016A000224,"Gross income, total",Dollars,81,thousands,3,v8665,6.1,451140,,,t,0
1958,Quebec,2016A000224,Value of inventory change,Dollars,81,thousands,3,v8666,6.2,-5874,,,,0
1958,Quebec,2016A000224,"Net income, total",Dollars,81,thousands,3,v8673,6.9,172196,,,,0
1958,Quebec,2016A000224,Realized gross income,Dollars,81,thousands,3,v8667,6.3,457014,,,t,0
1958,Quebec,2016A000224,Cash receipts from farm products,Dollars,81,thousands,3,v8668,6.4,414406,,,t,0
1958,Quebec,2016A000224,Operating expenses and depreciation charges,Dollars,81,thousands,3,v8671,6.7,278944,,,t,0
1958,Ontario,2016A000235,Income-in-kind,Dollars,81,thousands,3,v8682,7.5,34775,,,,0
1958,Ontario,2016A000235,Realized net income,Dollars,81,thousands,3,v8685,7.8,298738,,,,0
1958,Ontario,2016A000235,"Gross income, total",Dollars,81,thousands,3,v8678,7.1,903828,,,t,0
1958,Ontario,2016A000235,Value of inventory change,Dollars,81,thousands,3,v8679,7.2,31861,,,,0
1958,Ontario,2016A000235,"Net income, total",Dollars,81,thousands,3,v8686,7.9,330599,,,,0
1958,Ontario,2016A000235,Realized gross income,Dollars,81,thousands,3,v8680,7.3,871967,,,t,0
1958,Ontario,2016A000235,Cash receipts from farm products,Dollars,81,thousands,3,v8681,7.4,837192,,,t,0
1958,Ontario,2016A000235,Operating expenses and depreciation charges,Dollars,81,thousands,3,v8684,7.7,573229,,,t,0
1958,Manitoba,2016A000246,Income-in-kind,Dollars,81,thousands,3,v8695,8.5,13876,,,,0
1958,Manitoba,2016A000246,Realized net income,Dollars,81,thousands,3,v8698,8.8,108675,,,,0
1958,Manitoba,2016A000246,"Gross income, total",Dollars,81,thousands,3,v8691,8.1,260227,,,t,0
1958,Manitoba,2016A000246,Value of inventory change,Dollars,81,thousands,3,v8692,8.2,15548,,,,0
1958,Manitoba,2016A000246,"Net income, total",Dollars,81,thousands,3,v8699,8.9,124223,,,,0
1958,Manitoba,2016A000246,Realized gross income,Dollars,81,thousands,3,v8693,8.3,244679,,,t,0
1958,Manitoba,2016A000246,Cash receipts from farm products,Dollars,81,thousands,3,v8694,8.4,222153,,,t,0
1958,Manitoba,2016A000246,Supplementary payments,Dollars,81,thousands,3,v8696,8.6,8650,,,t,0
1958,Manitoba,2016A000246,Operating expenses and depreciation charges,Dollars,81,thousands,3,v8697,8.7,136004,,,t,0
1958,Saskatchewan,2016A000247,Income-in-kind,Dollars,81,thousands,3,v8708,9.5,28097,,,,0
1958,Saskatchewan,2016A000247,Realized net income,Dollars,81,thousands,3,v8711,9.8,315406,,,,0
1958,Saskatchewan,2016A000247,"Gross income, total",Dollars,81,thousands,3,v8704,9.1,548878,,,t,0
1958,Saskatchewan,2016A000247,Value of inventory change,Dollars,81,thousands,3,v8705,9.2,-76866,,,,0
1958,Saskatchewan,2016A000247,"Net income, total",Dollars,81,thousands,3,v8712,9.9,238540,,,,0
1958,Saskatchewan,2016A000247,Realized gross income,Dollars,81,thousands,3,v8706,9.3,625744,,,t,0
1958,Saskatchewan,2016A000247,Cash receipts from farm products,Dollars,81,thousands,3,v8707,9.4,565937,,,t,0
1958,Saskatchewan,2016A000247,Supplementary payments,Dollars,81,thousands,3,v8709,9.6,31710,,,t,0
1958,Saskatchewan,2016A000247,Operating expenses and depreciation charges,Dollars,81,thousands,3,v8710,9.7,310338,,,t,0
1958,Alberta,2016A000248,Income-in-kind,Dollars,81,thousands,3,v8721,10.5,21836,,,,0
1958,Alberta,2016A000248,Realized net income,Dollars,81,thousands,3,v8724,10.8,244234,,,,0
1958,Alberta,2016A000248,"Gross income, total",Dollars,81,thousands,3,v8717,10.1,515475,,,t,0
1958,Alberta,2016A000248,Value of inventory change,Dollars,81,thousands,3,v8718,10.2,-6432,,,,0
1958,Alberta,2016A000248,"Net income, total",Dollars,81,thousands,3,v8725,10.9,237802,,,,0
1958,Alberta,2016A000248,Realized gross income,Dollars,81,thousands,3,v8719,10.3,521907,,,t,0
1958,Alberta,2016A000248,Cash receipts from farm products,Dollars,81,thousands,3,v8720,10.4,480677,,,t,0
1958,Alberta,2016A000248,Supplementary payments,Dollars,81,thousands,3,v8722,10.6,19394,,,t,0
1958,Alberta,2016A000248,Operating expenses and depreciation charges,Dollars,81,thousands,3,v8723,10.7,277673,,,t,0
1958,British Columbia,2016A000259,Income-in-kind,Dollars,81,thousands,3,v8734,11.5,6369,,,,0
1958,British Columbia,2016A000259,Realized net income,Dollars,81,thousands,3,v8737,11.8,54331,,,,0
1958,British Columbia,2016A000259,"Gross income, total",Dollars,81,thousands,3,v8730,11.1,127542,,,t,0
1958,British Columbia,2016A000259,Value of inventory change,Dollars,81,thousands,3,v8731,11.2,-665,,,,0
1958,British Columbia,2016A000259,"Net income, total",Dollars,81,thousands,3,v8738,11.9,53666,,,,0
1958,British Columbia,2016A000259,Realized gross income,Dollars,81,thousands,3,v8732,11.3,128207,,,t,0
1958,British Columbia,2016A000259,Cash receipts from farm products,Dollars,81,thousands,3,v8733,11.4,121464,,,t,0
1958,British Columbia,2016A000259,Supplementary payments,Dollars,81,thousands,3,v8735,11.6,374,,,t,0
1958,British Columbia,2016A000259,Operating expenses and depreciation charges,Dollars,81,thousands,3,v8736,11.7,73876,,,t,0
1959,Canada,2016A000011124,Income-in-kind,Dollars,81,thousands,3,v8617,1.5,150669,,,,0
1959,Canada,2016A000011124,Realized net income,Dollars,81,thousands,3,v8620,1.8,1096914,,,,0
1959,Canada,2016A000011124,"Gross income, total",Dollars,81,thousands,3,v8613,1.1,2863046,,,t,0
1959,Canada,2016A000011124,Value of inventory change,Dollars,81,thousands,3,v8614,1.2,-63583,,,,0
1959,Canada,2016A000011124,"Net income, total",Dollars,81,thousands,3,v8621,1.9,1033331,,,,0
1959,Canada,2016A000011124,Realized gross income,Dollars,81,thousands,3,v8615,1.3,2926629,,,t,0
1959,Canada,2016A000011124,Cash receipts from farm products,Dollars,81,thousands,3,v8616,1.4,2753873,,,t,0
1959,Canada,2016A000011124,Supplementary payments,Dollars,81,thousands,3,v8618,1.6,22087,,,t,0
1959,Canada,2016A000011124,Operating expenses and depreciation charges,Dollars,81,thousands,3,v8619,1.7,1829715,,,t,0
1959,Prince Edward Island,2016A000211,Income-in-kind,Dollars,81,thousands,3,v8630,3.5,2425,,,,0
1959,Prince Edward Island,2016A000211,Realized net income,Dollars,81,thousands,3,v8633,3.8,11001,,,,0
1959,Prince Edward Island,2016A000211,"Gross income, total",Dollars,81,thousands,3,v8626,3.1,27467,,,t,0
1959,Prince Edward Island,2016A000211,Value of inventory change,Dollars,81,thousands,3,v8627,3.2,-2426,,,,0
1959,Prince Edward Island,2016A000211,"Net income, total",Dollars,81,thousands,3,v8634,3.9,8575,,,,0
1959,Prince Edward Island,2016A000211,Realized gross income,Dollars,81,thousands,3,v8628,3.3,29893,,,t,0
1959,Prince Edward Island,2016A000211,Cash receipts from farm products,Dollars,81,thousands,3,v8629,3.4,27468,,,t,0
1959,Prince Edward Island,2016A000211,Operating expenses and depreciation charges,Dollars,81,thousands,3,v8632,3.7,18892,,,t,0
1959,Nova Scotia,2016A000212,Income-in-kind,Dollars,81,thousands,3,v8643,4.5,4912,,,,0
1959,Nova Scotia,2016A000212,Realized net income,Dollars,81,thousands,3,v8646,4.8,19395,,,,0
1959,Nova Scotia,2016A000212,"Gross income, total",Dollars,81,thousands,3,v8639,4.1,48504,,,t,0
1959,Nova Scotia,2016A000212,Value of inventory change,Dollars,81,thousands,3,v8640,4.2,-453,,,,0
1959,Nova Scotia,2016A000212,"Net income, total",Dollars,81,thousands,3,v8647,4.9,18942,,,,0
1959,Nova Scotia,2016A000212,Realized gross income,Dollars,81,thousands,3,v8641,4.3,48957,,,t,0
1959,Nova Scotia,2016A000212,Cash receipts from farm products,Dollars,81,thousands,3,v8642,4.4,44045,,,t,0
1959,Nova Scotia,2016A000212,Supplementary payments,Dollars,81,thousands,3,v8644,4.6,0,,,t,0
1959,Nova Scotia,2016A000212,Operating expenses and depreciation charges,Dollars,81,thousands,3,v8645,4.7,29562,,,t,0
1959,New Brunswick,2016A000213,Income-in-kind,Dollars,81,thousands,3,v8656,5.5,5017,,,,0
1959,New Brunswick,2016A000213,Realized net income,Dollars,81,thousands,3,v8659,5.8,14788,,,,0
1959,New Brunswick,2016A000213,"Gross income, total",Dollars,81,thousands,3,v8652,5.1,44173,,,t,0
1959,New Brunswick,2016A000213,Value of inventory change,Dollars,81,thousands,3,v8653,5.2,-2155,,,,0
1959,New Brunswick,2016A000213,"Net income, total",Dollars,81,thousands,3,v8660,5.9,12633,,,,0
1959,New Brunswick,2016A000213,Realized gross income,Dollars,81,thousands,3,v8654,5.3,46328,,,t,0
1959,New Brunswick,2016A000213,Cash receipts from farm products,Dollars,81,thousands,3,v8655,5.4,41311,,,t,0
1959,New Brunswick,2016A000213,Operating expenses and depreciation charges,Dollars,81,thousands,3,v8658,5.7,31540,,,t,0
1959,Quebec,2016A000224,Income-in-kind,Dollars,81,thousands,3,v8669,6.5,41752,,,,0
1959,Quebec,2016A000224,Realized net income,Dollars,81,thousands,3,v8672,6.8,157539,,,,0
1959,Quebec,2016A000224,"Gross income, total",Dollars,81,thousands,3,v8665,6.1,448942,,,t,0
1959,Quebec,2016A000224,Value of inventory change,Dollars,81,thousands,3,v8666,6.2,-3006,,,,0
1959,Quebec,2016A000224,"Net income, total",Dollars,81,thousands,3,v8673,6.9,154533,,,,0
1959,Quebec,2016A000224,Realized gross income,Dollars,81,thousands,3,v8667,6.3,451948,,,t,0
1959,Quebec,2016A000224,Cash receipts from farm products,Dollars,81,thousands,3,v8668,6.4,410196,,,t,0
1959,Quebec,2016A000224,Operating expenses and depreciation charges,Dollars,81,thousands,3,v8671,6.7,294409,,,t,0
1959,Ontario,2016A000235,Income-in-kind,Dollars,81,thousands,3,v8682,7.5,32956,,,,0
1959,Ontario,2016A000235,Realized net income,Dollars,81,thousands,3,v8685,7.8,260943,,,,0
1959,Ontario,2016A000235,"Gross income, total",Dollars,81,thousands,3,v8678,7.1,866717,,,t,0
1959,Ontario,2016A000235,Value of inventory change,Dollars,81,thousands,3,v8679,7.2,-9371,,,,0
1959,Ontario,2016A000235,"Net income, total",Dollars,81,thousands,3,v8686,7.9,251572,,,,0
1959,Ontario,2016A000235,Realized gross income,Dollars,81,thousands,3,v8680,7.3,876088,,,t,0
1959,Ontario,2016A000235,Cash receipts from farm products,Dollars,81,thousands,3,v8681,7.4,843132,,,t,0
1959,Ontario,2016A000235,Operating expenses and depreciation charges,Dollars,81,thousands,3,v8684,7.7,615145,,,t,0
1959,Manitoba,2016A000246,Income-in-kind,Dollars,81,thousands,3,v8695,8.5,12696,,,,0
1959,Manitoba,2016A000246,Realized net income,Dollars,81,thousands,3,v8698,8.8,101083,,,,0
1959,Manitoba,2016A000246,"Gross income, total",Dollars,81,thousands,3,v8691,8.1,239450,,,t,0
1959,Manitoba,2016A000246,Value of inventory change,Dollars,81,thousands,3,v8692,8.2,-3774,,,,0
1959,Manitoba,2016A000246,"Net income, total",Dollars,81,thousands,3,v8699,8.9,97309,,,,0
1959,Manitoba,2016A000246,Realized gross income,Dollars,81,thousands,3,v8693,8.3,243224,,,t,0
1959,Manitoba,2016A000246,Cash receipts from farm products,Dollars,81,thousands,3,v8694,8.4,228809,,,t,0
1959,Manitoba,2016A000246,Supplementary payments,Dollars,81,thousands,3,v8696,8.6,1719,,,t,0
1959,Manitoba,2016A000246,Operating expenses and depreciation charges,Dollars,81,thousands,3,v8697,8.7,142141,,,t,0
1959,Saskatchewan,2016A000247,Income-in-kind,Dollars,81,thousands,3,v8708,9.5,25280,,,,0
1959,Saskatchewan,2016A000247,Realized net income,Dollars,81,thousands,3,v8711,9.8,270793,,,,0
1959,Saskatchewan,2016A000247,"Gross income, total",Dollars,81,thousands,3,v8704,9.1,550128,,,t,0
1959,Saskatchewan,2016A000247,Value of inventory change,Dollars,81,thousands,3,v8705,9.2,-43512,,,,0
1959,Saskatchewan,2016A000247,"Net income, total",Dollars,81,thousands,3,v8712,9.9,227281,,,,0
1959,Saskatchewan,2016A000247,Realized gross income,Dollars,81,thousands,3,v8706,9.3,593640,,,t,0
1959,Saskatchewan,2016A000247,Cash receipts from farm products,Dollars,81,thousands,3,v8707,9.4,555256,,,t,0
1959,Saskatchewan,2016A000247,Supplementary payments,Dollars,81,thousands,3,v8709,9.6,13104,,,t,0
1959,Saskatchewan,2016A000247,Operating expenses and depreciation charges,Dollars,81,thousands,3,v8710,9.7,322847,,,t,0
1959,Alberta,2016A000248,Income-in-kind,Dollars,81,thousands,3,v8721,10.5,19792,,,,0
1959,Alberta,2016A000248,Realized net income,Dollars,81,thousands,3,v8724,10.8,210526,,,,0
1959,Alberta,2016A000248,"Gross income, total",Dollars,81,thousands,3,v8717,10.1,503822,,,t,0
1959,Alberta,2016A000248,Value of inventory change,Dollars,81,thousands,3,v8718,10.2,-1868,,,,0
1959,Alberta,2016A000248,"Net income, total",Dollars,81,thousands,3,v8725,10.9,208658,,,,0
1959,Alberta,2016A000248,Realized gross income,Dollars,81,thousands,3,v8719,10.3,505690,,,t,0
1959,Alberta,2016A000248,Cash receipts from farm products,Dollars,81,thousands,3,v8720,10.4,478770,,,t,0
1959,Alberta,2016A000248,Supplementary payments,Dollars,81,thousands,3,v8722,10.6,7128,,,t,0
1959,Alberta,2016A000248,Operating expenses and depreciation charges,Dollars,81,thousands,3,v8723,10.7,295164,,,t,0
1959,British Columbia,2016A000259,Income-in-kind,Dollars,81,thousands,3,v8734,11.5,5839,,,,0
1959,British Columbia,2016A000259,Realized net income,Dollars,81,thousands,3,v8737,11.8,50846,,,,0
1959,British Columbia,2016A000259,"Gross income, total",Dollars,81,thousands,3,v8730,11.1,133843,,,t,0
1959,British Columbia,2016A000259,Value of inventory change,Dollars,81,thousands,3,v8731,11.2,2982,,,,0
1959,British Columbia,2016A000259,"Net income, total",Dollars,81,thousands,3,v8738,11.9,53828,,,,0
1959,British Columbia,2016A000259,Realized gross income,Dollars,81,thousands,3,v8732,11.3,130861,,,t,0
1959,British Columbia,2016A000259,Cash receipts from farm products,Dollars,81,thousands,3,v8733,11.4,124886,,,t,0
1959,British Columbia,2016A000259,Supplementary payments,Dollars,81,thousands,3,v8735,11.6,136,,,t,0
1959,British Columbia,2016A000259,Operating expenses and depreciation charges,Dollars,81,thousands,3,v8736,11.7,80015,,,t,0
1960,Canada,2016A000011124,Income-in-kind,Dollars,81,thousands,3,v8617,1.5,146675,,,,0
1960,Canada,2016A000011124,Realized net income,Dollars,81,thousands,3,v8620,1.8,1058074,,,,0
1960,Canada,2016A000011124,"Gross income, total",Dollars,81,thousands,3,v8613,1.1,3026281,,,t,0
1960,Canada,2016A000011124,Value of inventory change,Dollars,81,thousands,3,v8614,1.2,67904,,,,0
1960,Canada,2016A000011124,"Net income, total",Dollars,81,thousands,3,v8621,1.9,1125978,,,,0
1960,Canada,2016A000011124,Realized gross income,Dollars,81,thousands,3,v8615,1.3,2958377,,,t,0
1960,Canada,2016A000011124,Cash receipts from farm products,Dollars,81,thousands,3,v8616,1.4,2734498,,,t,0
1960,Canada,2016A000011124,Supplementary payments,Dollars,81,thousands,3,v8618,1.6,77204,,,t,0
1960,Canada,2016A000011124,Operating expenses and depreciation charges,Dollars,81,thousands,3,v8619,1.7,1900303,,,t,0
1960,Prince Edward Island,2016A000211,Income-in-kind,Dollars,81,thousands,3,v8630,3.5,2332,,,,0
1960,Prince Edward Island,2016A000211,Realized net income,Dollars,81,thousands,3,v8633,3.8,11428,,,,0
1960,Prince Edward Island,2016A000211,"Gross income, total",Dollars,81,thousands,3,v8626,3.1,31694,,,t,0
1960,Prince Edward Island,2016A000211,Value of inventory change,Dollars,81,thousands,3,v8627,3.2,1248,,,,0
1960,Prince Edward Island,2016A000211,"Net income, total",Dollars,81,thousands,3,v8634,3.9,12676,,,,0
1960,Prince Edward Island,2016A000211,Realized gross income,Dollars,81,thousands,3,v8628,3.3,30446,,,t,0
1960,Prince Edward Island,2016A000211,Cash receipts from farm products,Dollars,81,thousands,3,v8629,3.4,28114,,,t,0
1960,Prince Edward Island,2016A000211,Operating expenses and depreciation charges,Dollars,81,thousands,3,v8632,3.7,19018,,,t,0
1960,Nova Scotia,2016A000212,Income-in-kind,Dollars,81,thousands,3,v8643,4.5,4406,,,,0
1960,Nova Scotia,2016A000212,Realized net income,Dollars,81,thousands,3,v8646,4.8,17836,,,,0
1960,Nova Scotia,2016A000212,"Gross income, total",Dollars,81,thousands,3,v8639,4.1,47877,,,t,0
1960,Nova Scotia,2016A000212,Value of inventory change,Dollars,81,thousands,3,v8640,4.2,-211,,,,0
1960,Nova Scotia,2016A000212,"Net income, total",Dollars,81,thousands,3,v8647,4.9,17625,,,,0
1960,Nova Scotia,2016A000212,Realized gross income,Dollars,81,thousands,3,v8641,4.3,48088,,,t,0
1960,Nova Scotia,2016A000212,Cash receipts from farm products,Dollars,81,thousands,3,v8642,4.4,43682,,,t,0
1960,Nova Scotia,2016A000212,Supplementary payments,Dollars,81,thousands,3,v8644,4.6,0,,,t,0
1960,Nova Scotia,2016A000212,Operating expenses and depreciation charges,Dollars,81,thousands,3,v8645,4.7,30252,,,t,0
1960,New Brunswick,2016A000213,Income-in-kind,Dollars,81,thousands,3,v8656,5.5,4582,,,,0
1960,New Brunswick,2016A000213,Realized net income,Dollars,81,thousands,3,v8659,5.8,18241,,,,0
1960,New Brunswick,2016A000213,"Gross income, total",Dollars,81,thousands,3,v8652,5.1,50457,,,t,0
1960,New Brunswick,2016A000213,Value of inventory change,Dollars,81,thousands,3,v8653,5.2,818,,,,0
1960,New Brunswick,2016A000213,"Net income, total",Dollars,81,thousands,3,v8660,5.9,19059,,,,0
1960,New Brunswick,2016A000213,Realized gross income,Dollars,81,thousands,3,v8654,5.3,49639,,,t,0
1960,New Brunswick,2016A000213,Cash receipts from farm products,Dollars,81,thousands,3,v8655,5.4,45057,,,t,0
1960,New Brunswick,2016A000213,Operating expenses and depreciation charges,Dollars,81,thousands,3,v8658,5.7,31398,,,t,0
1960,Quebec,2016A000224,Income-in-kind,Dollars,81,thousands,3,v8669,6.5,40365,,,,0
1960,Quebec,2016A000224,Realized net income,Dollars,81,thousands,3,v8672,6.8,140546,,,,0
1960,Quebec,2016A000224,"Gross income, total",Dollars,81,thousands,3,v8665,6.1,443895,,,t,0
1960,Quebec,2016A000224,Value of inventory change,Dollars,81,thousands,3,v8666,6.2,1025,,,,0
1960,Quebec,2016A000224,"Net income, total",Dollars,81,thousands,3,v8673,6.9,141571,,,,0
1960,Quebec,2016A000224,Realized gross income,Dollars,81,thousands,3,v8667,6.3,442870,,,t,0
1960,Quebec,2016A000224,Cash receipts from farm products,Dollars,81,thousands,3,v8668,6.4,402505,,,t,0
1960,Quebec,2016A000224,Operating expenses and depreciation charges,Dollars,81,thousands,3,v8671,6.7,302324,,,t,0
1960,Ontario,2016A000235,Income-in-kind,Dollars,81,thousands,3,v8682,7.5,32584,,,,0
1960,Ontario,2016A000235,Realized net income,Dollars,81,thousands,3,v8685,7.8,254494,,,,0
1960,Ontario,2016A000235,"Gross income, total",Dollars,81,thousands,3,v8678,7.1,891066,,,t,0
1960,Ontario,2016A000235,Value of inventory change,Dollars,81,thousands,3,v8679,7.2,8148,,,,0
1960,Ontario,2016A000235,"Net income, total",Dollars,81,thousands,3,v8686,7.9,262642,,,,0
1960,Ontario,2016A000235,Realized gross income,Dollars,81,thousands,3,v8680,7.3,882918,,,t,0
1960,Ontario,2016A000235,Cash receipts from farm products,Dollars,81,thousands,3,v8681,7.4,850334,,,t,0
1960,Ontario,2016A000235,Operating expenses and depreciation charges,Dollars,81,thousands,3,v8684,7.7,628424,,,t,0
1960,Manitoba,2016A000246,Income-in-kind,Dollars,81,thousands,3,v8695,8.5,11923,,,,0
1960,Manitoba,2016A000246,Realized net income,Dollars,81,thousands,3,v8698,8.8,94462,,,,0
1960,Manitoba,2016A000246,"Gross income, total",Dollars,81,thousands,3,v8691,8.1,253156,,,t,0
1960,Manitoba,2016A000246,Value of inventory change,Dollars,81,thousands,3,v8692,8.2,8396,,,,0
1960,Manitoba,2016A000246,"Net income, total",Dollars,81,thousands,3,v8699,8.9,102858,,,,0
1960,Manitoba,2016A000246,Realized gross income,Dollars,81,thousands,3,v8693,8.3,244760,,,t,0
1960,Manitoba,2016A000246,Cash receipts from farm products,Dollars,81,thousands,3,v8694,8.4,223113,,,t,0
1960,Manitoba,2016A000246,Supplementary payments,Dollars,81,thousands,3,v8696,8.6,9724,,,t,0
1960,Manitoba,2016A000246,Operating expenses and depreciation charges,Dollars,81,thousands,3,v8697,8.7,150298,,,t,0
1960,Saskatchewan,2016A000247,Income-in-kind,Dollars,81,thousands,3,v8708,9.5,24831,,,,0
1960,Saskatchewan,2016A000247,Realized net income,Dollars,81,thousands,3,v8711,9.8,260730,,,,0
1960,Saskatchewan,2016A000247,"Gross income, total",Dollars,81,thousands,3,v8704,9.1,677454,,,t,0
1960,Saskatchewan,2016A000247,Value of inventory change,Dollars,81,thousands,3,v8705,9.2,67758,,,,0
1960,Saskatchewan,2016A000247,"Net income, total",Dollars,81,thousands,3,v8712,9.9,328488,,,,0
1960,Saskatchewan,2016A000247,Realized gross income,Dollars,81,thousands,3,v8706,9.3,609696,,,t,0
1960,Saskatchewan,2016A000247,Cash receipts from farm products,Dollars,81,thousands,3,v8707,9.4,542684,,,t,0
1960,Saskatchewan,2016A000247,Supplementary payments,Dollars,81,thousands,3,v8709,9.6,42181,,,t,0
1960,Saskatchewan,2016A000247,Operating expenses and depreciation charges,Dollars,81,thousands,3,v8710,9.7,348966,,,t,0
1960,Alberta,2016A000248,Income-in-kind,Dollars,81,thousands,3,v8721,10.5,20148,,,,0
1960,Alberta,2016A000248,Realized net income,Dollars,81,thousands,3,v8724,10.8,210438,,,,0
1960,Alberta,2016A000248,"Gross income, total",Dollars,81,thousands,3,v8717,10.1,495330,,,t,0
1960,Alberta,2016A000248,Value of inventory change,Dollars,81,thousands,3,v8718,10.2,-21190,,,,0
1960,Alberta,2016A000248,"Net income, total",Dollars,81,thousands,3,v8725,10.9,189248,,,,0
1960,Alberta,2016A000248,Realized gross income,Dollars,81,thousands,3,v8719,10.3,516520,,,t,0
1960,Alberta,2016A000248,Cash receipts from farm products,Dollars,81,thousands,3,v8720,10.4,471362,,,t,0
1960,Alberta,2016A000248,Supplementary payments,Dollars,81,thousands,3,v8722,10.6,25010,,,t,0
1960,Alberta,2016A000248,Operating expenses and depreciation charges,Dollars,81,thousands,3,v8723,10.7,306082,,,t,0
1960,British Columbia,2016A000259,Income-in-kind,Dollars,81,thousands,3,v8734,11.5,5504,,,,0
1960,British Columbia,2016A000259,Realized net income,Dollars,81,thousands,3,v8737,11.8,49899,,,,0
1960,British Columbia,2016A000259,"Gross income, total",Dollars,81,thousands,3,v8730,11.1,135352,,,t,0
1960,British Columbia,2016A000259,Value of inventory change,Dollars,81,thousands,3,v8731,11.2,1912,,,,0
1960,British Columbia,2016A000259,"Net income, total",Dollars,81,thousands,3,v8738,11.9,51811,,,,0
1960,British Columbia,2016A000259,Realized gross income,Dollars,81,thousands,3,v8732,11.3,133440,,,t,0
1960,British Columbia,2016A000259,Cash receipts from farm products,Dollars,81,thousands,3,v8733,11.4,127647,,,t,0
1960,British Columbia,2016A000259,Supplementary payments,Dollars,81,thousands,3,v8735,11.6,289,,,t,0
1960,British Columbia,2016A000259,Operating expenses and depreciation charges,Dollars,81,thousands,3,v8736,11.7,83541,,,t,0
1961,Canada,2016A000011124,Income-in-kind,Dollars,81,thousands,3,v8617,1.5,139671,,,,0
1961,Canada,2016A000011124,Realized net income,Dollars,81,thousands,3,v8620,1.8,1114651,,,,0
1961,Canada,2016A000011124,"Gross income, total",Dollars,81,thousands,3,v8613,1.1,2789827,,,t,0
1961,Canada,2016A000011124,Value of inventory change,Dollars,81,thousands,3,v8614,1.2,-273526,,,,0
1961,Canada,2016A000011124,"Net income, total",Dollars,81,thousands,3,v8621,1.9,841125,,,,0
1961,Canada,2016A000011124,Realized gross income,Dollars,81,thousands,3,v8615,1.3,3063353,,,t,0
1961,Canada,2016A000011124,Cash receipts from farm products,Dollars,81,thousands,3,v8616,1.4,2887916,,,t,0
1961,Canada,2016A000011124,Supplementary payments,Dollars,81,thousands,3,v8618,1.6,35766,,,t,0
1961,Canada,2016A000011124,Operating expenses and depreciation charges,Dollars,81,thousands,3,v8619,1.7,1948702,,,t,0
1961,Prince Edward Island,2016A000211,Income-in-kind,Dollars,81,thousands,3,v8630,3.5,2215,,,,0
1961,Prince Edward Island,2016A000211,Realized net income,Dollars,81,thousands,3,v8633,3.8,5947,,,,0
1961,Prince Edward Island,2016A000211,"Gross income, total",Dollars,81,thousands,3,v8626,3.1,26436,,,t,0
1961,Prince Edward Island,2016A000211,Value of inventory change,Dollars,81,thousands,3,v8627,3.2,782,,,,0
1961,Prince Edward Island,2016A000211,"Net income, total",Dollars,81,thousands,3,v8634,3.9,6729,,,,0
1961,Prince Edward Island,2016A000211,Realized gross income,Dollars,81,thousands,3,v8628,3.3,25654,,,t,0
1961,Prince Edward Island,2016A000211,Cash receipts from farm products,Dollars,81,thousands,3,v8629,3.4,23049,,,t,0
1961,Prince Edward Island,2016A000211,Supplementary payments,Dollars,81,thousands,3,v8631,3.6,390,,,t,0
1961,Prince Edward Island,2016A000211,Operating expenses and depreciation charges,Dollars,81,thousands,3,v8632,3.7,19707,,,t,0
1961,Nova Scotia,2016A000212,Income-in-kind,Dollars,81,thousands,3,v8643,4.5,3522,,,,0
1961,Nova Scotia,2016A000212,Realized net income,Dollars,81,thousands,3,v8646,4.8,18315,,,,0
1961,Nova Scotia,2016A000212,"Gross income, total",Dollars,81,thousands,3,v8639,4.1,49695,,,t,0
1961,Nova Scotia,2016A000212,Value of inventory change,Dollars,81,thousands,3,v8640,4.2,-5,,,,0
1961,Nova Scotia,2016A000212,"Net income, total",Dollars,81,thousands,3,v8647,4.9,18310,,,,0
1961,Nova Scotia,2016A000212,Realized gross income,Dollars,81,thousands,3,v8641,4.3,49700,,,t,0
1961,Nova Scotia,2016A000212,Cash receipts from farm products,Dollars,81,thousands,3,v8642,4.4,46178,,,t,0
1961,Nova Scotia,2016A000212,Supplementary payments,Dollars,81,thousands,3,v8644,4.6,0,,,t,0
1961,Nova Scotia,2016A000212,Operating expenses and depreciation charges,Dollars,81,thousands,3,v8645,4.7,31385,,,t,0
1961,New Brunswick,2016A000213,Income-in-kind,Dollars,81,thousands,3,v8656,5.5,4037,,,,0
1961,New Brunswick,2016A000213,Realized net income,Dollars,81,thousands,3,v8659,5.8,11099,,,,0
1961,New Brunswick,2016A000213,"Gross income, total",Dollars,81,thousands,3,v8652,5.1,43960,,,t,0
1961,New Brunswick,2016A000213,Value of inventory change,Dollars,81,thousands,3,v8653,5.2,810,,,,0
1961,New Brunswick,2016A000213,"Net income, total",Dollars,81,thousands,3,v8660,5.9,11909,,,,0
1961,New Brunswick,2016A000213,Realized gross income,Dollars,81,thousands,3,v8654,5.3,43150,,,t,0
1961,New Brunswick,2016A000213,Cash receipts from farm products,Dollars,81,thousands,3,v8655,5.4,39113,,,t,0
1961,New Brunswick,2016A000213,Operating expenses and depreciation charges,Dollars,81,thousands,3,v8658,5.7,32051,,,t,0
1961,Quebec,2016A000224,Income-in-kind,Dollars,81,thousands,3,v8669,6.5,37662,,,,0
1961,Quebec,2016A000224,Realized net income,Dollars,81,thousands,3,v8672,6.8,155285,,,,0
1961,Quebec,2016A000224,"Gross income, total",Dollars,81,thousands,3,v8665,6.1,454897,,,t,0
1961,Quebec,2016A000224,Value of inventory change,Dollars,81,thousands,3,v8666,6.2,-262,,,,0
1961,Quebec,2016A000224,"Net income, total",Dollars,81,thousands,3,v8673,6.9,155023,,,,0
1961,Quebec,2016A000224,Realized gross income,Dollars,81,thousands,3,v8667,6.3,455159,,,t,0
1961,Quebec,2016A000224,Cash receipts from farm products,Dollars,81,thousands,3,v8668,6.4,417497,,,t,0
1961,Quebec,2016A000224,Operating expenses and depreciation charges,Dollars,81,thousands,3,v8671,6.7,299874,,,t,0
1961,Ontario,2016A000235,Income-in-kind,Dollars,81,thousands,3,v8682,7.5,31012,,,,0
1961,Ontario,2016A000235,Realized net income,Dollars,81,thousands,3,v8685,7.8,245249,,,,0
1961,Ontario,2016A000235,"Gross income, total",Dollars,81,thousands,3,v8678,7.1,931334,,,t,0
1961,Ontario,2016A000235,Value of inventory change,Dollars,81,thousands,3,v8679,7.2,27792,,,,0
1961,Ontario,2016A000235,"Net income, total",Dollars,81,thousands,3,v8686,7.9,273041,,,,0
1961,Ontario,2016A000235,Realized gross income,Dollars,81,thousands,3,v8680,7.3,903542,,,t,0
1961,Ontario,2016A000235,Cash receipts from farm products,Dollars,81,thousands,3,v8681,7.4,872530,,,t,0
1961,Ontario,2016A000235,Operating expenses and depreciation charges,Dollars,81,thousands,3,v8684,7.7,658293,,,t,0
1961,Manitoba,2016A000246,Income-in-kind,Dollars,81,thousands,3,v8695,8.5,12243,,,,0
1961,Manitoba,2016A000246,Realized net income,Dollars,81,thousands,3,v8698,8.8,101865,,,,0
1961,Manitoba,2016A000246,"Gross income, total",Dollars,81,thousands,3,v8691,8.1,197967,,,t,0
1961,Manitoba,2016A000246,Value of inventory change,Dollars,81,thousands,3,v8692,8.2,-57037,,,,0
1961,Manitoba,2016A000246,"Net income, total",Dollars,81,thousands,3,v8699,8.9,44828,,,,0
1961,Manitoba,2016A000246,Realized gross income,Dollars,81,thousands,3,v8693,8.3,255004,,,t,0
1961,Manitoba,2016A000246,Cash receipts from farm products,Dollars,81,thousands,3,v8694,8.4,239347,,,t,0
1961,Manitoba,2016A000246,Supplementary payments,Dollars,81,thousands,3,v8696,8.6,3414,,,t,0
1961,Manitoba,2016A000246,Operating expenses and depreciation charges,Dollars,81,thousands,3,v8697,8.7,153139,,,t,0
1961,Saskatchewan,2016A000247,Income-in-kind,Dollars,81,thousands,3,v8708,9.5,24335,,,,0
1961,Saskatchewan,2016A000247,Realized net income,Dollars,81,thousands,3,v8711,9.8,297373,,,,0
1961,Saskatchewan,2016A000247,"Gross income, total",Dollars,81,thousands,3,v8704,9.1,427798,,,t,0
1961,Saskatchewan,2016A000247,Value of inventory change,Dollars,81,thousands,3,v8705,9.2,-209135,,,,0
1961,Saskatchewan,2016A000247,"Net income, total",Dollars,81,thousands,3,v8712,9.9,88238,,,,0
1961,Saskatchewan,2016A000247,Realized gross income,Dollars,81,thousands,3,v8706,9.3,636933,,,t,0
1961,Saskatchewan,2016A000247,Cash receipts from farm products,Dollars,81,thousands,3,v8707,9.4,588971,,,t,0
1961,Saskatchewan,2016A000247,Supplementary payments,Dollars,81,thousands,3,v8709,9.6,23627,,,t,0
1961,Saskatchewan,2016A000247,Operating expenses and depreciation charges,Dollars,81,thousands,3,v8710,9.7,339560,,,t,0
1961,Alberta,2016A000248,Income-in-kind,Dollars,81,thousands,3,v8721,10.5,19337,,,,0
1961,Alberta,2016A000248,Realized net income,Dollars,81,thousands,3,v8724,10.8,230523,,,,0
1961,Alberta,2016A000248,"Gross income, total",Dollars,81,thousands,3,v8717,10.1,513612,,,t,0
1961,Alberta,2016A000248,Value of inventory change,Dollars,81,thousands,3,v8718,10.2,-40214,,,,0
1961,Alberta,2016A000248,"Net income, total",Dollars,81,thousands,3,v8725,10.9,190309,,,,0
1961,Alberta,2016A000248,Realized gross income,Dollars,81,thousands,3,v8719,10.3,553826,,,t,0
1961,Alberta,2016A000248,Cash receipts from farm products,Dollars,81,thousands,3,v8720,10.4,526256,,,t,0
1961,Alberta,2016A000248,Supplementary payments,Dollars,81,thousands,3,v8722,10.6,8233,,,t,0
1961,Alberta,2016A000248,Operating expenses and depreciation charges,Dollars,81,thousands,3,v8723,10.7,323303,,,t,0
1961,British Columbia,2016A000259,Income-in-kind,Dollars,81,thousands,3,v8734,11.5,5308,,,,0
1961,British Columbia,2016A000259,Realized net income,Dollars,81,thousands,3,v8737,11.8,48995,,,,0
1961,British Columbia,2016A000259,"Gross income, total",Dollars,81,thousands,3,v8730,11.1,144128,,,t,0
1961,British Columbia,2016A000259,Value of inventory change,Dollars,81,thousands,3,v8731,11.2,3743,,,,0
1961,British Columbia,2016A000259,"Net income, total",Dollars,81,thousands,3,v8738,11.9,52738,,,,0
1961,British Columbia,2016A000259,Realized gross income,Dollars,81,thousands,3,v8732,11.3,140385,,,t,0
1961,British Columbia,2016A000259,Cash receipts from farm products,Dollars,81,thousands,3,v8733,11.4,134975,,,t,0
1961,British Columbia,2016A000259,Supplementary payments,Dollars,81,thousands,3,v8735,11.6,102,,,t,0
1961,British Columbia,2016A000259,Operating expenses and depreciation charges,Dollars,81,thousands,3,v8736,11.7,91390,,,t,0
1962,Canada,2016A000011124,Income-in-kind,Dollars,81,thousands,3,v8617,1.5,134910,,,,0
1962,Canada,2016A000011124,Realized net income,Dollars,81,thousands,3,v8620,1.8,1254579,,,,0
1962,Canada,2016A000011124,"Gross income, total",Dollars,81,thousands,3,v8613,1.1,3511105,,,t,0
1962,Canada,2016A000011124,Value of inventory change,Dollars,81,thousands,3,v8614,1.2,193946,,,,0
1962,Canada,2016A000011124,"Net income, total",Dollars,81,thousands,3,v8621,1.9,1448525,,,,0
1962,Canada,2016A000011124,Realized gross income,Dollars,81,thousands,3,v8615,1.3,3317159,,,t,0
1962,Canada,2016A000011124,Cash receipts from farm products,Dollars,81,thousands,3,v8616,1.4,3111936,,,t,0
1962,Canada,2016A000011124,Supplementary payments,Dollars,81,thousands,3,v8618,1.6,70313,,,t,0
1962,Canada,2016A000011124,Operating expenses and depreciation charges,Dollars,81,thousands,3,v8619,1.7,2062580,,,t,0
1962,Prince Edward Island,2016A000211,Income-in-kind,Dollars,81,thousands,3,v8630,3.5,2015,,,,0
1962,Prince Edward Island,2016A000211,Realized net income,Dollars,81,thousands,3,v8633,3.8,6068,,,,0
1962,Prince Edward Island,2016A000211,"Gross income, total",Dollars,81,thousands,3,v8626,3.1,26007,,,t,0
1962,Prince Edward Island,2016A000211,Value of inventory change,Dollars,81,thousands,3,v8627,3.2,-154,,,,0
1962,Prince Edward Island,2016A000211,"Net income, total",Dollars,81,thousands,3,v8634,3.9,5914,,,,0
1962,Prince Edward Island,2016A000211,Realized gross income,Dollars,81,thousands,3,v8628,3.3,26161,,,t,0
1962,Prince Edward Island,2016A000211,Cash receipts from farm products,Dollars,81,thousands,3,v8629,3.4,24146,,,t,0
1962,Prince Edward Island,2016A000211,Supplementary payments,Dollars,81,thousands,3,v8631,3.6,0,,,t,0
1962,Prince Edward Island,2016A000211,Operating expenses and depreciation charges,Dollars,81,thousands,3,v8632,3.7,20093,,,t,0
1962,Nova Scotia,2016A000212,Income-in-kind,Dollars,81,thousands,3,v8643,4.5,3454,,,,0
1962,Nova Scotia,2016A000212,Realized net income,Dollars,81,thousands,3,v8646,4.8,16111,,,,0
1962,Nova Scotia,2016A000212,"Gross income, total",Dollars,81,thousands,3,v8639,4.1,48679,,,t,0
1962,Nova Scotia,2016A000212,Value of inventory change,Dollars,81,thousands,3,v8640,4.2,-938,,,,0
1962,Nova Scotia,2016A000212,"Net income, total",Dollars,81,thousands,3,v8647,4.9,15173,,,,0
1962,Nova Scotia,2016A000212,Realized gross income,Dollars,81,thousands,3,v8641,4.3,49617,,,t,0
1962,Nova Scotia,2016A000212,Cash receipts from farm products,Dollars,81,thousands,3,v8642,4.4,46163,,,t,0
1962,Nova Scotia,2016A000212,Supplementary payments,Dollars,81,thousands,3,v8644,4.6,0,,,t,0
1962,Nova Scotia,2016A000212,Operating expenses and depreciation charges,Dollars,81,thousands,3,v8645,4.7,33506,,,t,0
1962,New Brunswick,2016A000213,Income-in-kind,Dollars,81,thousands,3,v8656,5.5,3849,,,,0
1962,New Brunswick,2016A000213,Realized net income,Dollars,81,thousands,3,v8659,5.8,12058,,,,0
1962,New Brunswick,2016A000213,"Gross income, total",Dollars,81,thousands,3,v8652,5.1,43673,,,t,0
1962,New Brunswick,2016A000213,Value of inventory change,Dollars,81,thousands,3,v8653,5.2,-1054,,,,0
1962,New Brunswick,2016A000213,"Net income, total",Dollars,81,thousands,3,v8660,5.9,11004,,,,0
1962,New Brunswick,2016A000213,Realized gross income,Dollars,81,thousands,3,v8654,5.3,44727,,,t,0
1962,New Brunswick,2016A000213,Cash receipts from farm products,Dollars,81,thousands,3,v8655,5.4,40878,,,t,0
1962,New Brunswick,2016A000213,Operating expenses and depreciation charges,Dollars,81,thousands,3,v8658,5.7,32669,,,t,0
1962,Quebec,2016A000224,Income-in-kind,Dollars,81,thousands,3,v8669,6.5,35708,,,,0
1962,Quebec,2016A000224,Realized net income,Dollars,81,thousands,3,v8672,6.8,160070,,,,0
1962,Quebec,2016A000224,"Gross income, total",Dollars,81,thousands,3,v8665,6.1,481294,,,t,0
1962,Quebec,2016A000224,Value of inventory change,Dollars,81,thousands,3,v8666,6.2,3363,,,,0
1962,Quebec,2016A000224,"Net income, total",Dollars,81,thousands,3,v8673,6.9,163433,,,,0
1962,Quebec,2016A000224,Realized gross income,Dollars,81,thousands,3,v8667,6.3,477931,,,t,0
1962,Quebec,2016A000224,Cash receipts from farm products,Dollars,81,thousands,3,v8668,6.4,442223,,,t,0
1962,Quebec,2016A000224,Operating expenses and depreciation charges,Dollars,81,thousands,3,v8671,6.7,317861,,,t,0
1962,Ontario,2016A000235,Income-in-kind,Dollars,81,thousands,3,v8682,7.5,30876,,,,0
1962,Ontario,2016A000235,Realized net income,Dollars,81,thousands,3,v8685,7.8,286685,,,,0
1962,Ontario,2016A000235,"Gross income, total",Dollars,81,thousands,3,v8678,7.1,984003,,,t,0
1962,Ontario,2016A000235,Value of inventory change,Dollars,81,thousands,3,v8679,7.2,22001,,,,0
1962,Ontario,2016A000235,"Net income, total",Dollars,81,thousands,3,v8686,7.9,308686,,,,0
1962,Ontario,2016A000235,Realized gross income,Dollars,81,thousands,3,v8680,7.3,962002,,,t,0
1962,Ontario,2016A000235,Cash receipts from farm products,Dollars,81,thousands,3,v8681,7.4,931126,,,t,0
1962,Ontario,2016A000235,Operating expenses and depreciation charges,Dollars,81,thousands,3,v8684,7.7,675317,,,t,0
1962,Manitoba,2016A000246,Income-in-kind,Dollars,81,thousands,3,v8695,8.5,11444,,,,0
1962,Manitoba,2016A000246,Realized net income,Dollars,81,thousands,3,v8698,8.8,106223,,,,0
1962,Manitoba,2016A000246,"Gross income, total",Dollars,81,thousands,3,v8691,8.1,326675,,,t,0
1962,Manitoba,2016A000246,Value of inventory change,Dollars,81,thousands,3,v8692,8.2,52514,,,,0
1962,Manitoba,2016A000246,"Net income, total",Dollars,81,thousands,3,v8699,8.9,158737,,,,0
1962,Manitoba,2016A000246,Realized gross income,Dollars,81,thousands,3,v8693,8.3,274161,,,t,0
1962,Manitoba,2016A000246,Cash receipts from farm products,Dollars,81,thousands,3,v8694,8.4,250952,,,t,0
1962,Manitoba,2016A000246,Supplementary payments,Dollars,81,thousands,3,v8696,8.6,11765,,,t,0
1962,Manitoba,2016A000246,Operating expenses and depreciation charges,Dollars,81,thousands,3,v8697,8.7,167938,,,t,0
1962,Saskatchewan,2016A000247,Income-in-kind,Dollars,81,thousands,3,v8708,9.5,23065,,,,0
1962,Saskatchewan,2016A000247,Realized net income,Dollars,81,thousands,3,v8711,9.8,362439,,,,0
1962,Saskatchewan,2016A000247,"Gross income, total",Dollars,81,thousands,3,v8704,9.1,828695,,,t,0
1962,Saskatchewan,2016A000247,Value of inventory change,Dollars,81,thousands,3,v8705,9.2,95448,,,,0
1962,Saskatchewan,2016A000247,"Net income, total",Dollars,81,thousands,3,v8712,9.9,457887,,,,0
1962,Saskatchewan,2016A000247,Realized gross income,Dollars,81,thousands,3,v8706,9.3,733247,,,t,0
1962,Saskatchewan,2016A000247,Cash receipts from farm products,Dollars,81,thousands,3,v8707,9.4,673321,,,t,0
1962,Saskatchewan,2016A000247,Supplementary payments,Dollars,81,thousands,3,v8709,9.6,36861,,,t,0
1962,Saskatchewan,2016A000247,Operating expenses and depreciation charges,Dollars,81,thousands,3,v8710,9.7,370808,,,t,0
1962,Alberta,2016A000248,Income-in-kind,Dollars,81,thousands,3,v8721,10.5,19171,,,,0
1962,Alberta,2016A000248,Realized net income,Dollars,81,thousands,3,v8724,10.8,249118,,,,0
1962,Alberta,2016A000248,"Gross income, total",Dollars,81,thousands,3,v8717,10.1,615738,,,t,0
1962,Alberta,2016A000248,Value of inventory change,Dollars,81,thousands,3,v8718,10.2,21174,,,,0
1962,Alberta,2016A000248,"Net income, total",Dollars,81,thousands,3,v8725,10.9,270292,,,,0
1962,Alberta,2016A000248,Realized gross income,Dollars,81,thousands,3,v8719,10.3,594564,,,t,0
1962,Alberta,2016A000248,Cash receipts from farm products,Dollars,81,thousands,3,v8720,10.4,554006,,,t,0
1962,Alberta,2016A000248,Supplementary payments,Dollars,81,thousands,3,v8722,10.6,21387,,,t,0
1962,Alberta,2016A000248,Operating expenses and depreciation charges,Dollars,81,thousands,3,v8723,10.7,345446,,,t,0
1962,British Columbia,2016A000259,Income-in-kind,Dollars,81,thousands,3,v8734,11.5,5328,,,,0
1962,British Columbia,2016A000259,Realized net income,Dollars,81,thousands,3,v8737,11.8,55807,,,,0
1962,British Columbia,2016A000259,"Gross income, total",Dollars,81,thousands,3,v8730,11.1,156341,,,t,0
1962,British Columbia,2016A000259,Value of inventory change,Dollars,81,thousands,3,v8731,11.2,1592,,,,0
1962,British Columbia,2016A000259,"Net income, total",Dollars,81,thousands,3,v8738,11.9,57399,,,,0
1962,British Columbia,2016A000259,Realized gross income,Dollars,81,thousands,3,v8732,11.3,154749,,,t,0
1962,British Columbia,2016A000259,Cash receipts from farm products,Dollars,81,thousands,3,v8733,11.4,149121,,,t,0
1962,British Columbia,2016A000259,Supplementary payments,Dollars,81,thousands,3,v8735,11.6,300,,,t,0
1962,British Columbia,2016A000259,Operating expenses and depreciation charges,Dollars,81,thousands,3,v8736,11.7,98942,,,t,0
1963,Canada,2016A000011124,Income-in-kind,Dollars,81,thousands,3,v8617,1.5,131137,,,,0
1963,Canada,2016A000011124,Realized net income,Dollars,81,thousands,3,v8620,1.8,1143090,,,,0
1963,Canada,2016A000011124,"Gross income, total",Dollars,81,thousands,3,v8613,1.1,3648332,,,t,0
1963,Canada,2016A000011124,Value of inventory change,Dollars,81,thousands,3,v8614,1.2,302575,,,,0
1963,Canada,2016A000011124,"Net income, total",Dollars,81,thousands,3,v8621,1.9,1445665,,,,0
1963,Canada,2016A000011124,Realized gross income,Dollars,81,thousands,3,v8615,1.3,3345757,,,t,0
1963,Canada,2016A000011124,Cash receipts from farm products,Dollars,81,thousands,3,v8616,1.4,3199851,,,t,0
1963,Canada,2016A000011124,Supplementary payments,Dollars,81,thousands,3,v8618,1.6,14769,,,t,0
1963,Canada,2016A000011124,Operating expenses and depreciation charges,Dollars,81,thousands,3,v8619,1.7,2202667,,,t,0
1963,Prince Edward Island,2016A000211,Income-in-kind,Dollars,81,thousands,3,v8630,3.5,2032,,,,0
1963,Prince Edward Island,2016A000211,Realized net income,Dollars,81,thousands,3,v8633,3.8,5876,,,,0
1963,Prince Edward Island,2016A000211,"Gross income, total",Dollars,81,thousands,3,v8626,3.1,28428,,,t,0
1963,Prince Edward Island,2016A000211,Value of inventory change,Dollars,81,thousands,3,v8627,3.2,937,,,,0
1963,Prince Edward Island,2016A000211,"Net income, total",Dollars,81,thousands,3,v8634,3.9,6813,,,,0
1963,Prince Edward Island,2016A000211,Realized gross income,Dollars,81,thousands,3,v8628,3.3,27491,,,t,0
1963,Prince Edward Island,2016A000211,Cash receipts from farm products,Dollars,81,thousands,3,v8629,3.4,25459,,,t,0
1963,Prince Edward Island,2016A000211,Supplementary payments,Dollars,81,thousands,3,v8631,3.6,0,,,t,0
1963,Prince Edward Island,2016A000211,Operating expenses and depreciation charges,Dollars,81,thousands,3,v8632,3.7,21615,,,t,0
1963,Nova Scotia,2016A000212,Income-in-kind,Dollars,81,thousands,3,v8643,4.5,3213,,,,0
1963,Nova Scotia,2016A000212,Realized net income,Dollars,81,thousands,3,v8646,4.8,14259,,,,0
1963,Nova Scotia,2016A000212,"Gross income, total",Dollars,81,thousands,3,v8639,4.1,49868,,,t,0
1963,Nova Scotia,2016A000212,Value of inventory change,Dollars,81,thousands,3,v8640,4.2,-133,,,,0
1963,Nova Scotia,2016A000212,"Net income, total",Dollars,81,thousands,3,v8647,4.9,14126,,,,0
1963,Nova Scotia,2016A000212,Realized gross income,Dollars,81,thousands,3,v8641,4.3,50001,,,t,0
1963,Nova Scotia,2016A000212,Cash receipts from farm products,Dollars,81,thousands,3,v8642,4.4,46788,,,t,0
1963,Nova Scotia,2016A000212,Supplementary payments,Dollars,81,thousands,3,v8644,4.6,0,,,t,0
1963,Nova Scotia,2016A000212,Operating expenses and depreciation charges,Dollars,81,thousands,3,v8645,4.7,35742,,,t,0
1963,New Brunswick,2016A000213,Income-in-kind,Dollars,81,thousands,3,v8656,5.5,3469,,,,0
1963,New Brunswick,2016A000213,Realized net income,Dollars,81,thousands,3,v8659,5.8,11708,,,,0
1963,New Brunswick,2016A000213,"Gross income, total",Dollars,81,thousands,3,v8652,5.1,44492,,,t,0
1963,New Brunswick,2016A000213,Value of inventory change,Dollars,81,thousands,3,v8653,5.2,-47,,,,0
1963,New Brunswick,2016A000213,"Net income, total",Dollars,81,thousands,3,v8660,5.9,11661,,,,0
1963,New Brunswick,2016A000213,Realized gross income,Dollars,81,thousands,3,v8654,5.3,44539,,,t,0
1963,New Brunswick,2016A000213,Cash receipts from farm products,Dollars,81,thousands,3,v8655,5.4,41070,,,t,0
1963,New Brunswick,2016A000213,Operating expenses and depreciation charges,Dollars,81,thousands,3,v8658,5.7,32831,,,t,0
1963,Quebec,2016A000224,Income-in-kind,Dollars,81,thousands,3,v8669,6.5,34159,,,,0
1963,Quebec,2016A000224,Realized net income,Dollars,81,thousands,3,v8672,6.8,148225,,,,0
1963,Quebec,2016A000224,"Gross income, total",Dollars,81,thousands,3,v8665,6.1,485975,,,t,0
1963,Quebec,2016A000224,Value of inventory change,Dollars,81,thousands,3,v8666,6.2,-742,,,,0
1963,Quebec,2016A000224,"Net income, total",Dollars,81,thousands,3,v8673,6.9,147483,,,,0
1963,Quebec,2016A000224,Realized gross income,Dollars,81,thousands,3,v8667,6.3,486717,,,t,0
1963,Quebec,2016A000224,Cash receipts from farm products,Dollars,81,thousands,3,v8668,6.4,452558,,,t,0
1963,Quebec,2016A000224,Operating expenses and depreciation charges,Dollars,81,thousands,3,v8671,6.7,338492,,,t,0
1963,Ontario,2016A000235,Income-in-kind,Dollars,81,thousands,3,v8682,7.5,30959,,,,0
1963,Ontario,2016A000235,Realized net income,Dollars,81,thousands,3,v8685,7.8,305621,,,,0
1963,Ontario,2016A000235,"Gross income, total",Dollars,81,thousands,3,v8678,7.1,1001177,,,t,0
1963,Ontario,2016A000235,Value of inventory change,Dollars,81,thousands,3,v8679,7.2,-31764,,,,0
1963,Ontario,2016A000235,"Net income, total",Dollars,81,thousands,3,v8686,7.9,273857,,,,0
1963,Ontario,2016A000235,Realized gross income,Dollars,81,thousands,3,v8680,7.3,1032941,,,t,0
1963,Ontario,2016A000235,Cash receipts from farm products,Dollars,81,thousands,3,v8681,7.4,1001982,,,t,0
1963,Ontario,2016A000235,Operating expenses and depreciation charges,Dollars,81,thousands,3,v8684,7.7,727320,,,t,0
1963,Manitoba,2016A000246,Income-in-kind,Dollars,81,thousands,3,v8695,8.5,11057,,,,0
1963,Manitoba,2016A000246,Realized net income,Dollars,81,thousands,3,v8698,8.8,110494,,,,0
1963,Manitoba,2016A000246,"Gross income, total",Dollars,81,thousands,3,v8691,8.1,278869,,,t,0
1963,Manitoba,2016A000246,Value of inventory change,Dollars,81,thousands,3,v8692,8.2,-3936,,,,0
1963,Manitoba,2016A000246,"Net income, total",Dollars,81,thousands,3,v8699,8.9,106558,,,,0
1963,Manitoba,2016A000246,Realized gross income,Dollars,81,thousands,3,v8693,8.3,282805,,,t,0
1963,Manitoba,2016A000246,Cash receipts from farm products,Dollars,81,thousands,3,v8694,8.4,269994,,,t,0
1963,Manitoba,2016A000246,Supplementary payments,Dollars,81,thousands,3,v8696,8.6,1754,,,t,0
1963,Manitoba,2016A000246,Operating expenses and depreciation charges,Dollars,81,thousands,3,v8697,8.7,172311,,,t,0
1963,Saskatchewan,2016A000247,Income-in-kind,Dollars,81,thousands,3,v8708,9.5,21931,,,,0
1963,Saskatchewan,2016A000247,Realized net income,Dollars,81,thousands,3,v8711,9.8,315517,,,,0
1963,Saskatchewan,2016A000247,"Gross income, total",Dollars,81,thousands,3,v8704,9.1,951499,,,t,0
1963,Saskatchewan,2016A000247,Value of inventory change,Dollars,81,thousands,3,v8705,9.2,231320,,,,0
1963,Saskatchewan,2016A000247,"Net income, total",Dollars,81,thousands,3,v8712,9.9,546837,,,,0
1963,Saskatchewan,2016A000247,Realized gross income,Dollars,81,thousands,3,v8706,9.3,720179,,,t,0
1963,Saskatchewan,2016A000247,Cash receipts from farm products,Dollars,81,thousands,3,v8707,9.4,692157,,,t,0
1963,Saskatchewan,2016A000247,Supplementary payments,Dollars,81,thousands,3,v8709,9.6,6091,,,t,0
1963,Saskatchewan,2016A000247,Operating expenses and depreciation charges,Dollars,81,thousands,3,v8710,9.7,404662,,,t,0
1963,Alberta,2016A000248,Income-in-kind,Dollars,81,thousands,3,v8721,10.5,18973,,,,0
1963,Alberta,2016A000248,Realized net income,Dollars,81,thousands,3,v8724,10.8,178818,,,,0
1963,Alberta,2016A000248,"Gross income, total",Dollars,81,thousands,3,v8717,10.1,650766,,,t,0
1963,Alberta,2016A000248,Value of inventory change,Dollars,81,thousands,3,v8718,10.2,103270,,,,0
1963,Alberta,2016A000248,"Net income, total",Dollars,81,thousands,3,v8725,10.9,282088,,,,0
1963,Alberta,2016A000248,Realized gross income,Dollars,81,thousands,3,v8719,10.3,547496,,,t,0
1963,Alberta,2016A000248,Cash receipts from farm products,Dollars,81,thousands,3,v8720,10.4,521628,,,t,0
1963,Alberta,2016A000248,Supplementary payments,Dollars,81,thousands,3,v8722,10.6,6895,,,t,0
1963,Alberta,2016A000248,Operating expenses and depreciation charges,Dollars,81,thousands,3,v8723,10.7,368678,,,t,0
1963,British Columbia,2016A000259,Income-in-kind,Dollars,81,thousands,3,v8734,11.5,5344,,,,0
1963,British Columbia,2016A000259,Realized net income,Dollars,81,thousands,3,v8737,11.8,52572,,,,0
1963,British Columbia,2016A000259,"Gross income, total",Dollars,81,thousands,3,v8730,11.1,157258,,,t,0
1963,British Columbia,2016A000259,Value of inventory change,Dollars,81,thousands,3,v8731,11.2,3670,,,,0
1963,British Columbia,2016A000259,"Net income, total",Dollars,81,thousands,3,v8738,11.9,56242,,,,0
1963,British Columbia,2016A000259,Realized gross income,Dollars,81,thousands,3,v8732,11.3,153588,,,t,0
1963,British Columbia,2016A000259,Cash receipts from farm products,Dollars,81,thousands,3,v8733,11.4,148215,,,t,0
1963,British Columbia,2016A000259,Supplementary payments,Dollars,81,thousands,3,v8735,11.6,29,,,t,0
1963,British Columbia,2016A000259,Operating expenses and depreciation charges,Dollars,81,thousands,3,v8736,11.7,101016,,,t,0
1964,Canada,2016A000011124,Income-in-kind,Dollars,81,thousands,3,v8617,1.5,126602,,,,0
1964,Canada,2016A000011124,Realized net income,Dollars,81,thousands,3,v8620,1.8,1291155,,,,0
1964,Canada,2016A000011124,"Gross income, total",Dollars,81,thousands,3,v8613,1.1,3545025,,,t,0
1964,Canada,2016A000011124,Value of inventory change,Dollars,81,thousands,3,v8614,1.2,-85700,,,,0
1964,Canada,2016A000011124,"Net income, total",Dollars,81,thousands,3,v8621,1.9,1205455,,,,0
1964,Canada,2016A000011124,Realized gross income,Dollars,81,thousands,3,v8615,1.3,3630725,,,t,0
1964,Canada,2016A000011124,Cash receipts from farm products,Dollars,81,thousands,3,v8616,1.4,3495646,,,t,0
1964,Canada,2016A000011124,Supplementary payments,Dollars,81,thousands,3,v8618,1.6,8477,,,t,0
1964,Canada,2016A000011124,Operating expenses and depreciation charges,Dollars,81,thousands,3,v8619,1.7,2339570,,,t,0
1964,Prince Edward Island,2016A000211,Income-in-kind,Dollars,81,thousands,3,v8630,3.5,1948,,,,0
1964,Prince Edward Island,2016A000211,Realized net income,Dollars,81,thousands,3,v8633,3.8,10701,,,,0
1964,Prince Edward Island,2016A000211,"Gross income, total",Dollars,81,thousands,3,v8626,3.1,34360,,,t,0
1964,Prince Edward Island,2016A000211,Value of inventory change,Dollars,81,thousands,3,v8627,3.2,943,,,,0
1964,Prince Edward Island,2016A000211,"Net income, total",Dollars,81,thousands,3,v8634,3.9,11644,,,,0
1964,Prince Edward Island,2016A000211,Realized gross income,Dollars,81,thousands,3,v8628,3.3,33417,,,t,0
1964,Prince Edward Island,2016A000211,Cash receipts from farm products,Dollars,81,thousands,3,v8629,3.4,31469,,,t,0
1964,Prince Edward Island,2016A000211,Supplementary payments,Dollars,81,thousands,3,v8631,3.6,0,,,t,0
1964,Prince Edward Island,2016A000211,Operating expenses and depreciation charges,Dollars,81,thousands,3,v8632,3.7,22716,,,t,0
1964,Nova Scotia,2016A000212,Income-in-kind,Dollars,81,thousands,3,v8643,4.5,3168,,,,0
1964,Nova Scotia,2016A000212,Realized net income,Dollars,81,thousands,3,v8646,4.8,12435,,,,0
1964,Nova Scotia,2016A000212,"Gross income, total",Dollars,81,thousands,3,v8639,4.1,48719,,,t,0
1964,Nova Scotia,2016A000212,Value of inventory change,Dollars,81,thousands,3,v8640,4.2,-345,,,,0
1964,Nova Scotia,2016A000212,"Net income, total",Dollars,81,thousands,3,v8647,4.9,12090,,,,0
1964,Nova Scotia,2016A000212,Realized gross income,Dollars,81,thousands,3,v8641,4.3,49064,,,t,0
1964,Nova Scotia,2016A000212,Cash receipts from farm products,Dollars,81,thousands,3,v8642,4.4,45896,,,t,0
1964,Nova Scotia,2016A000212,Supplementary payments,Dollars,81,thousands,3,v8644,4.6,0,,,t,0
1964,Nova Scotia,2016A000212,Operating expenses and depreciation charges,Dollars,81,thousands,3,v8645,4.7,36629,,,t,0
1964,New Brunswick,2016A000213,Income-in-kind,Dollars,81,thousands,3,v8656,5.5,3278,,,,0
1964,New Brunswick,2016A000213,Realized net income,Dollars,81,thousands,3,v8659,5.8,17617,,,,0
1964,New Brunswick,2016A000213,"Gross income, total",Dollars,81,thousands,3,v8652,5.1,50915,,,t,0
1964,New Brunswick,2016A000213,Value of inventory change,Dollars,81,thousands,3,v8653,5.2,153,,,,0
1964,New Brunswick,2016A000213,"Net income, total",Dollars,81,thousands,3,v8660,5.9,17770,,,,0
1964,New Brunswick,2016A000213,Realized gross income,Dollars,81,thousands,3,v8654,5.3,50762,,,t,0
1964,New Brunswick,2016A000213,Cash receipts from farm products,Dollars,81,thousands,3,v8655,5.4,47484,,,t,0
1964,New Brunswick,2016A000213,Operating expenses and depreciation charges,Dollars,81,thousands,3,v8658,5.7,33145,,,t,0
1964,Quebec,2016A000224,Income-in-kind,Dollars,81,thousands,3,v8669,6.5,33175,,,,0
1964,Quebec,2016A000224,Realized net income,Dollars,81,thousands,3,v8672,6.8,138100,,,,0
1964,Quebec,2016A000224,"Gross income, total",Dollars,81,thousands,3,v8665,6.1,487879,,,t,0
1964,Quebec,2016A000224,Value of inventory change,Dollars,81,thousands,3,v8666,6.2,-2699,,,,0
1964,Quebec,2016A000224,"Net income, total",Dollars,81,thousands,3,v8673,6.9,135401,,,,0
1964,Quebec,2016A000224,Realized gross income,Dollars,81,thousands,3,v8667,6.3,490578,,,t,0
1964,Quebec,2016A000224,Cash receipts from farm products,Dollars,81,thousands,3,v8668,6.4,457403,,,t,0
1964,Quebec,2016A000224,Operating expenses and depreciation charges,Dollars,81,thousands,3,v8671,6.7,352478,,,t,0
1964,Ontario,2016A000235,Income-in-kind,Dollars,81,thousands,3,v8682,7.5,30261,,,,0
1964,Ontario,2016A000235,Realized net income,Dollars,81,thousands,3,v8685,7.8,271195,,,,0
1964,Ontario,2016A000235,"Gross income, total",Dollars,81,thousands,3,v8678,7.1,1034395,,,t,0
1964,Ontario,2016A000235,Value of inventory change,Dollars,81,thousands,3,v8679,7.2,-16069,,,,0
1964,Ontario,2016A000235,"Net income, total",Dollars,81,thousands,3,v8686,7.9,255126,,,,0
1964,Ontario,2016A000235,Realized gross income,Dollars,81,thousands,3,v8680,7.3,1050464,,,t,0
1964,Ontario,2016A000235,Cash receipts from farm products,Dollars,81,thousands,3,v8681,7.4,1020203,,,t,0
1964,Ontario,2016A000235,Operating expenses and depreciation charges,Dollars,81,thousands,3,v8684,7.7,779269,,,t,0
1964,Manitoba,2016A000246,Income-in-kind,Dollars,81,thousands,3,v8695,8.5,10495,,,,0
1964,Manitoba,2016A000246,Realized net income,Dollars,81,thousands,3,v8698,8.8,126765,,,,0
1964,Manitoba,2016A000246,"Gross income, total",Dollars,81,thousands,3,v8691,8.1,341010,,,t,0
1964,Manitoba,2016A000246,Value of inventory change,Dollars,81,thousands,3,v8692,8.2,28985,,,,0
1964,Manitoba,2016A000246,"Net income, total",Dollars,81,thousands,3,v8699,8.9,155750,,,,0
1964,Manitoba,2016A000246,Realized gross income,Dollars,81,thousands,3,v8693,8.3,312025,,,t,0
1964,Manitoba,2016A000246,Cash receipts from farm products,Dollars,81,thousands,3,v8694,8.4,299313,,,t,0
1964,Manitoba,2016A000246,Supplementary payments,Dollars,81,thousands,3,v8696,8.6,2217,,,t,0
1964,Manitoba,2016A000246,Operating expenses and depreciation charges,Dollars,81,thousands,3,v8697,8.7,185260,,,t,0
1964,Saskatchewan,2016A000247,Income-in-kind,Dollars,81,thousands,3,v8708,9.5,20935,,,,0
1964,Saskatchewan,2016A000247,Realized net income,Dollars,81,thousands,3,v8711,9.8,443229,,,,0
1964,Saskatchewan,2016A000247,"Gross income, total",Dollars,81,thousands,3,v8704,9.1,755910,,,t,0
1964,Saskatchewan,2016A000247,Value of inventory change,Dollars,81,thousands,3,v8705,9.2,-108880,,,,0
1964,Saskatchewan,2016A000247,"Net income, total",Dollars,81,thousands,3,v8712,9.9,334349,,,,0
1964,Saskatchewan,2016A000247,Realized gross income,Dollars,81,thousands,3,v8706,9.3,864790,,,t,0
1964,Saskatchewan,2016A000247,Cash receipts from farm products,Dollars,81,thousands,3,v8707,9.4,842221,,,t,0
1964,Saskatchewan,2016A000247,Supplementary payments,Dollars,81,thousands,3,v8709,9.6,1634,,,t,0
1964,Saskatchewan,2016A000247,Operating expenses and depreciation charges,Dollars,81,thousands,3,v8710,9.7,421561,,,t,0
1964,Alberta,2016A000248,Income-in-kind,Dollars,81,thousands,3,v8721,10.5,18186,,,,0
1964,Alberta,2016A000248,Realized net income,Dollars,81,thousands,3,v8724,10.8,219757,,,,0
1964,Alberta,2016A000248,"Gross income, total",Dollars,81,thousands,3,v8717,10.1,628259,,,t,0
1964,Alberta,2016A000248,Value of inventory change,Dollars,81,thousands,3,v8718,10.2,7895,,,,0
1964,Alberta,2016A000248,"Net income, total",Dollars,81,thousands,3,v8725,10.9,227652,,,,0
1964,Alberta,2016A000248,Realized gross income,Dollars,81,thousands,3,v8719,10.3,620364,,,t,0
1964,Alberta,2016A000248,Cash receipts from farm products,Dollars,81,thousands,3,v8720,10.4,597712,,,t,0
1964,Alberta,2016A000248,Supplementary payments,Dollars,81,thousands,3,v8722,10.6,4466,,,t,0
1964,Alberta,2016A000248,Operating expenses and depreciation charges,Dollars,81,thousands,3,v8723,10.7,400607,,,t,0
1964,British Columbia,2016A000259,Income-in-kind,Dollars,81,thousands,3,v8734,11.5,5156,,,,0
1964,British Columbia,2016A000259,Realized net income,Dollars,81,thousands,3,v8737,11.8,51356,,,,0
1964,British Columbia,2016A000259,"Gross income, total",Dollars,81,thousands,3,v8730,11.1,163578,,,t,0
1964,British Columbia,2016A000259,Value of inventory change,Dollars,81,thousands,3,v8731,11.2,4317,,,,0
1964,British Columbia,2016A000259,"Net income, total",Dollars,81,thousands,3,v8738,11.9,55673,,,,0
1964,British Columbia,2016A000259,Realized gross income,Dollars,81,thousands,3,v8732,11.3,159261,,,t,0
1964,British Columbia,2016A000259,Cash receipts from farm products,Dollars,81,thousands,3,v8733,11.4,153945,,,t,0
1964,British Columbia,2016A000259,Supplementary payments,Dollars,81,thousands,3,v8735,11.6,160,,,t,0
1964,British Columbia,2016A000259,Operating expenses and depreciation charges,Dollars,81,thousands,3,v8736,11.7,107905,,,t,0
1965,Canada,2016A000011124,Income-in-kind,Dollars,81,thousands,3,v8617,1.5,129164,,,,0
1965,Canada,2016A000011124,Realized net income,Dollars,81,thousands,3,v8620,1.8,1436638,,,,0
1965,Canada,2016A000011124,"Gross income, total",Dollars,81,thousands,3,v8613,1.1,4008444,,,t,0
1965,Canada,2016A000011124,Value of inventory change,Dollars,81,thousands,3,v8614,1.2,48216,,,,0
1965,Canada,2016A000011124,"Net income, total",Dollars,81,thousands,3,v8621,1.9,1484854,,,,0
1965,Canada,2016A000011124,Realized gross income,Dollars,81,thousands,3,v8615,1.3,3960228,,,t,0
1965,Canada,2016A000011124,Cash receipts from farm products,Dollars,81,thousands,3,v8616,1.4,3818302,,,t,0
1965,Canada,2016A000011124,Supplementary payments,Dollars,81,thousands,3,v8618,1.6,12762,,,t,0
1965,Canada,2016A000011124,Operating expenses and depreciation charges,Dollars,81,thousands,3,v8619,1.7,2523590,,,t,0
1965,Prince Edward Island,2016A000211,Income-in-kind,Dollars,81,thousands,3,v8630,3.5,2102,,,,0
1965,Prince Edward Island,2016A000211,Realized net income,Dollars,81,thousands,3,v8633,3.8,17036,,,,0
1965,Prince Edward Island,2016A000211,"Gross income, total",Dollars,81,thousands,3,v8626,3.1,40103,,,t,0
1965,Prince Edward Island,2016A000211,Value of inventory change,Dollars,81,thousands,3,v8627,3.2,-2664,,,,0
1965,Prince Edward Island,2016A000211,"Net income, total",Dollars,81,thousands,3,v8634,3.9,14372,,,,0
1965,Prince Edward Island,2016A000211,Realized gross income,Dollars,81,thousands,3,v8628,3.3,42767,,,t,0
1965,Prince Edward Island,2016A000211,Cash receipts from farm products,Dollars,81,thousands,3,v8629,3.4,40665,,,t,0
1965,Prince Edward Island,2016A000211,Supplementary payments,Dollars,81,thousands,3,v8631,3.6,0,,,t,0
1965,Prince Edward Island,2016A000211,Operating expenses and depreciation charges,Dollars,81,thousands,3,v8632,3.7,25731,,,t,0
1965,Nova Scotia,2016A000212,Income-in-kind,Dollars,81,thousands,3,v8643,4.5,3204,,,,0
1965,Nova Scotia,2016A000212,Realized net income,Dollars,81,thousands,3,v8646,4.8,14196,,,,0
1965,Nova Scotia,2016A000212,"Gross income, total",Dollars,81,thousands,3,v8639,4.1,54258,,,t,0
1965,Nova Scotia,2016A000212,Value of inventory change,Dollars,81,thousands,3,v8640,4.2,-214,,,,0
1965,Nova Scotia,2016A000212,"Net income, total",Dollars,81,thousands,3,v8647,4.9,13982,,,,0
1965,Nova Scotia,2016A000212,Realized gross income,Dollars,81,thousands,3,v8641,4.3,54472,,,t,0
1965,Nova Scotia,2016A000212,Cash receipts from farm products,Dollars,81,thousands,3,v8642,4.4,51268,,,t,0
1965,Nova Scotia,2016A000212,Supplementary payments,Dollars,81,thousands,3,v8644,4.6,0,,,t,0
1965,Nova Scotia,2016A000212,Operating expenses and depreciation charges,Dollars,81,thousands,3,v8645,4.7,40276,,,t,0
1965,New Brunswick,2016A000213,Income-in-kind,Dollars,81,thousands,3,v8656,5.5,3215,,,,0
1965,New Brunswick,2016A000213,Realized net income,Dollars,81,thousands,3,v8659,5.8,26000,,,,0
1965,New Brunswick,2016A000213,"Gross income, total",Dollars,81,thousands,3,v8652,5.1,61498,,,t,0
1965,New Brunswick,2016A000213,Value of inventory change,Dollars,81,thousands,3,v8653,5.2,-1668,,,,0
1965,New Brunswick,2016A000213,"Net income, total",Dollars,81,thousands,3,v8660,5.9,24332,,,,0
1965,New Brunswick,2016A000213,Realized gross income,Dollars,81,thousands,3,v8654,5.3,63166,,,t,0
1965,New Brunswick,2016A000213,Cash receipts from farm products,Dollars,81,thousands,3,v8655,5.4,59951,,,t,0
1965,New Brunswick,2016A000213,Operating expenses and depreciation charges,Dollars,81,thousands,3,v8658,5.7,37166,,,t,0
1965,Quebec,2016A000224,Income-in-kind,Dollars,81,thousands,3,v8669,6.5,33023,,,,0
1965,Quebec,2016A000224,Realized net income,Dollars,81,thousands,3,v8672,6.8,164411,,,,0
1965,Quebec,2016A000224,"Gross income, total",Dollars,81,thousands,3,v8665,6.1,532129,,,t,0
1965,Quebec,2016A000224,Value of inventory change,Dollars,81,thousands,3,v8666,6.2,-8527,,,,0
1965,Quebec,2016A000224,"Net income, total",Dollars,81,thousands,3,v8673,6.9,155884,,,,0
1965,Quebec,2016A000224,Realized gross income,Dollars,81,thousands,3,v8667,6.3,540656,,,t,0
1965,Quebec,2016A000224,Cash receipts from farm products,Dollars,81,thousands,3,v8668,6.4,506668,,,t,0
1965,Quebec,2016A000224,Supplementary payments,Dollars,81,thousands,3,v8670,6.6,965,,,t,0
1965,Quebec,2016A000224,Operating expenses and depreciation charges,Dollars,81,thousands,3,v8671,6.7,376245,,,t,0
1965,Ontario,2016A000235,Income-in-kind,Dollars,81,thousands,3,v8682,7.5,30535,,,,0
1965,Ontario,2016A000235,Realized net income,Dollars,81,thousands,3,v8685,7.8,304827,,,,0
1965,Ontario,2016A000235,"Gross income, total",Dollars,81,thousands,3,v8678,7.1,1131296,,,t,0
1965,Ontario,2016A000235,Value of inventory change,Dollars,81,thousands,3,v8679,7.2,-1474,,,,0
1965,Ontario,2016A000235,"Net income, total",Dollars,81,thousands,3,v8686,7.9,303353,,,,0
1965,Ontario,2016A000235,Realized gross income,Dollars,81,thousands,3,v8680,7.3,1132770,,,t,0
1965,Ontario,2016A000235,Cash receipts from farm products,Dollars,81,thousands,3,v8681,7.4,1101871,,,t,0
1965,Ontario,2016A000235,Supplementary payments,Dollars,81,thousands,3,v8683,7.6,364,,,t,0
1965,Ontario,2016A000235,Operating expenses and depreciation charges,Dollars,81,thousands,3,v8684,7.7,827943,,,t,0
1965,Manitoba,2016A000246,Income-in-kind,Dollars,81,thousands,3,v8695,8.5,11058,,,,0
1965,Manitoba,2016A000246,Realized net income,Dollars,81,thousands,3,v8698,8.8,153949,,,,0
1965,Manitoba,2016A000246,"Gross income, total",Dollars,81,thousands,3,v8691,8.1,363851,,,t,0
1965,Manitoba,2016A000246,Value of inventory change,Dollars,81,thousands,3,v8692,8.2,10180,,,,0
1965,Manitoba,2016A000246,"Net income, total",Dollars,81,thousands,3,v8699,8.9,164129,,,,0
1965,Manitoba,2016A000246,Realized gross income,Dollars,81,thousands,3,v8693,8.3,353671,,,t,0
1965,Manitoba,2016A000246,Cash receipts from farm products,Dollars,81,thousands,3,v8694,8.4,342249,,,t,0
1965,Manitoba,2016A000246,Supplementary payments,Dollars,81,thousands,3,v8696,8.6,364,,,t,0
1965,Manitoba,2016A000246,Operating expenses and depreciation charges,Dollars,81,thousands,3,v8697,8.7,199722,,,t,0
1965,Saskatchewan,2016A000247,Income-in-kind,Dollars,81,thousands,3,v8708,9.5,21475,,,,0
1965,Saskatchewan,2016A000247,Realized net income,Dollars,81,thousands,3,v8711,9.8,445846,,,,0
1965,Saskatchewan,2016A000247,"Gross income, total",Dollars,81,thousands,3,v8704,9.1,939192,,,t,0
1965,Saskatchewan,2016A000247,Value of inventory change,Dollars,81,thousands,3,v8705,9.2,23807,,,,0
1965,Saskatchewan,2016A000247,"Net income, total",Dollars,81,thousands,3,v8712,9.9,469653,,,,0
1965,Saskatchewan,2016A000247,Realized gross income,Dollars,81,thousands,3,v8706,9.3,915385,,,t,0
1965,Saskatchewan,2016A000247,Cash receipts from farm products,Dollars,81,thousands,3,v8707,9.4,886884,,,t,0
1965,Saskatchewan,2016A000247,Supplementary payments,Dollars,81,thousands,3,v8709,9.6,7026,,,t,0
1965,Saskatchewan,2016A000247,Operating expenses and depreciation charges,Dollars,81,thousands,3,v8710,9.7,469539,,,t,0
1965,Alberta,2016A000248,Income-in-kind,Dollars,81,thousands,3,v8721,10.5,19224,,,,0
1965,Alberta,2016A000248,Realized net income,Dollars,81,thousands,3,v8724,10.8,257769,,,,0
1965,Alberta,2016A000248,"Gross income, total",Dollars,81,thousands,3,v8717,10.1,716410,,,t,0
1965,Alberta,2016A000248,Value of inventory change,Dollars,81,thousands,3,v8718,10.2,28771,,,,0
1965,Alberta,2016A000248,"Net income, total",Dollars,81,thousands,3,v8725,10.9,286540,,,,0
1965,Alberta,2016A000248,Realized gross income,Dollars,81,thousands,3,v8719,10.3,687639,,,t,0
1965,Alberta,2016A000248,Cash receipts from farm products,Dollars,81,thousands,3,v8720,10.4,664448,,,t,0
1965,Alberta,2016A000248,Supplementary payments,Dollars,81,thousands,3,v8722,10.6,3967,,,t,0
1965,Alberta,2016A000248,Operating expenses and depreciation charges,Dollars,81,thousands,3,v8723,10.7,429870,,,t,0
1965,British Columbia,2016A000259,Income-in-kind,Dollars,81,thousands,3,v8734,11.5,5328,,,,0
1965,British Columbia,2016A000259,Realized net income,Dollars,81,thousands,3,v8737,11.8,52604,,,,0
1965,British Columbia,2016A000259,"Gross income, total",Dollars,81,thousands,3,v8730,11.1,169707,,,t,0
1965,British Columbia,2016A000259,Value of inventory change,Dollars,81,thousands,3,v8731,11.2,5,,,,0
1965,British Columbia,2016A000259,"Net income, total",Dollars,81,thousands,3,v8738,11.9,52609,,,,0
1965,British Columbia,2016A000259,Realized gross income,Dollars,81,thousands,3,v8732,11.3,169702,,,t,0
1965,British Columbia,2016A000259,Cash receipts from farm products,Dollars,81,thousands,3,v8733,11.4,164298,,,t,0
1965,British Columbia,2016A000259,Supplementary payments,Dollars,81,thousands,3,v8735,11.6,76,,,t,0
1965,British Columbia,2016A000259,Operating expenses and depreciation charges,Dollars,81,thousands,3,v8736,11.7,117098,,,t,0
1966,Canada,2016A000011124,Income-in-kind,Dollars,81,thousands,3,v8617,1.5,126039,,,,0
1966,Canada,2016A000011124,Realized net income,Dollars,81,thousands,3,v8620,1.8,1668035,,,,0
1966,Canada,2016A000011124,"Gross income, total",Dollars,81,thousands,3,v8613,1.1,4612991,,,t,0
1966,Canada,2016A000011124,Value of inventory change,Dollars,81,thousands,3,v8614,1.2,173392,,,,0
1966,Canada,2016A000011124,"Net income, total",Dollars,81,thousands,3,v8621,1.9,1841427,,,,0
1966,Canada,2016A000011124,Realized gross income,Dollars,81,thousands,3,v8615,1.3,4439599,,,t,0
1966,Canada,2016A000011124,Cash receipts from farm products,Dollars,81,thousands,3,v8616,1.4,4272215,,,t,0
1966,Canada,2016A000011124,Supplementary payments,Dollars,81,thousands,3,v8618,1.6,41345,,,t,0
1966,Canada,2016A000011124,Operating expenses and depreciation charges,Dollars,81,thousands,3,v8619,1.7,2771564,,,t,0
1966,Prince Edward Island,2016A000211,Income-in-kind,Dollars,81,thousands,3,v8630,3.5,2101,,,,0
1966,Prince Edward Island,2016A000211,Realized net income,Dollars,81,thousands,3,v8633,3.8,11624,,,,0
1966,Prince Edward Island,2016A000211,"Gross income, total",Dollars,81,thousands,3,v8626,3.1,44722,,,t,0
1966,Prince Edward Island,2016A000211,Value of inventory change,Dollars,81,thousands,3,v8627,3.2,5190,,,,0
1966,Prince Edward Island,2016A000211,"Net income, total",Dollars,81,thousands,3,v8634,3.9,16814,,,,0
1966,Prince Edward Island,2016A000211,Realized gross income,Dollars,81,thousands,3,v8628,3.3,39532,,,t,0
1966,Prince Edward Island,2016A000211,Cash receipts from farm products,Dollars,81,thousands,3,v8629,3.4,37281,,,t,0
1966,Prince Edward Island,2016A000211,Supplementary payments,Dollars,81,thousands,3,v8631,3.6,150,,,t,0
1966,Prince Edward Island,2016A000211,Operating expenses and depreciation charges,Dollars,81,thousands,3,v8632,3.7,27908,,,t,0
1966,Nova Scotia,2016A000212,Income-in-kind,Dollars,81,thousands,3,v8643,4.5,3122,,,,0
1966,Nova Scotia,2016A000212,Realized net income,Dollars,81,thousands,3,v8646,4.8,14987,,,,0
1966,Nova Scotia,2016A000212,"Gross income, total",Dollars,81,thousands,3,v8639,4.1,57714,,,t,0
1966,Nova Scotia,2016A000212,Value of inventory change,Dollars,81,thousands,3,v8640,4.2,-700,,,,0
1966,Nova Scotia,2016A000212,"Net income, total",Dollars,81,thousands,3,v8647,4.9,14287,,,,0
1966,Nova Scotia,2016A000212,Realized gross income,Dollars,81,thousands,3,v8641,4.3,58414,,,t,0
1966,Nova Scotia,2016A000212,Cash receipts from farm products,Dollars,81,thousands,3,v8642,4.4,55292,,,t,0
1966,Nova Scotia,2016A000212,Supplementary payments,Dollars,81,thousands,3,v8644,4.6,0,,,t,0
1966,Nova Scotia,2016A000212,Operating expenses and depreciation charges,Dollars,81,thousands,3,v8645,4.7,43427,,,t,0
1966,New Brunswick,2016A000213,Income-in-kind,Dollars,81,thousands,3,v8656,5.5,2632,,,,0
1966,New Brunswick,2016A000213,Realized net income,Dollars,81,thousands,3,v8659,5.8,16949,,,,0
1966,New Brunswick,2016A000213,"Gross income, total",Dollars,81,thousands,3,v8652,5.1,59804,,,t,0
1966,New Brunswick,2016A000213,Value of inventory change,Dollars,81,thousands,3,v8653,5.2,4038,,,,0
1966,New Brunswick,2016A000213,"Net income, total",Dollars,81,thousands,3,v8660,5.9,20987,,,,0
1966,New Brunswick,2016A000213,Realized gross income,Dollars,81,thousands,3,v8654,5.3,55766,,,t,0
1966,New Brunswick,2016A000213,Cash receipts from farm products,Dollars,81,thousands,3,v8655,5.4,52443,,,t,0
1966,New Brunswick,2016A000213,Supplementary payments,Dollars,81,thousands,3,v8657,5.6,691,,,t,0
1966,New Brunswick,2016A000213,Operating expenses and depreciation charges,Dollars,81,thousands,3,v8658,5.7,38817,,,t,0
1966,Quebec,2016A000224,Income-in-kind,Dollars,81,thousands,3,v8669,6.5,31773,,,,0
1966,Quebec,2016A000224,Realized net income,Dollars,81,thousands,3,v8672,6.8,236401,,,,0
1966,Quebec,2016A000224,"Gross income, total",Dollars,81,thousands,3,v8665,6.1,657435,,,t,0
1966,Quebec,2016A000224,Value of inventory change,Dollars,81,thousands,3,v8666,6.2,10449,,,,0
1966,Quebec,2016A000224,"Net income, total",Dollars,81,thousands,3,v8673,6.9,246850,,,,0
1966,Quebec,2016A000224,Realized gross income,Dollars,81,thousands,3,v8667,6.3,646986,,,t,0
1966,Quebec,2016A000224,Cash receipts from farm products,Dollars,81,thousands,3,v8668,6.4,592431,,,t,0
1966,Quebec,2016A000224,Supplementary payments,Dollars,81,thousands,3,v8670,6.6,22782,,,t,0
1966,Quebec,2016A000224,Operating expenses and depreciation charges,Dollars,81,thousands,3,v8671,6.7,410585,,,t,0
1966,Ontario,2016A000235,Income-in-kind,Dollars,81,thousands,3,v8682,7.5,32256,,,,0
1966,Ontario,2016A000235,Realized net income,Dollars,81,thousands,3,v8685,7.8,394457,,,,0
1966,Ontario,2016A000235,"Gross income, total",Dollars,81,thousands,3,v8678,7.1,1338483,,,t,0
1966,Ontario,2016A000235,Value of inventory change,Dollars,81,thousands,3,v8679,7.2,40237,,,,0
1966,Ontario,2016A000235,"Net income, total",Dollars,81,thousands,3,v8686,7.9,434694,,,,0
1966,Ontario,2016A000235,Realized gross income,Dollars,81,thousands,3,v8680,7.3,1298246,,,t,0
1966,Ontario,2016A000235,Cash receipts from farm products,Dollars,81,thousands,3,v8681,7.4,1256350,,,t,0
1966,Ontario,2016A000235,Supplementary payments,Dollars,81,thousands,3,v8683,7.6,9640,,,t,0
1966,Ontario,2016A000235,Operating expenses and depreciation charges,Dollars,81,thousands,3,v8684,7.7,903789,,,t,0
1966,Manitoba,2016A000246,Income-in-kind,Dollars,81,thousands,3,v8695,8.5,10287,,,,0
1966,Manitoba,2016A000246,Realized net income,Dollars,81,thousands,3,v8698,8.8,164592,,,,0
1966,Manitoba,2016A000246,"Gross income, total",Dollars,81,thousands,3,v8691,8.1,361057,,,t,0
1966,Manitoba,2016A000246,Value of inventory change,Dollars,81,thousands,3,v8692,8.2,-27109,,,,0
1966,Manitoba,2016A000246,"Net income, total",Dollars,81,thousands,3,v8699,8.9,137483,,,,0
1966,Manitoba,2016A000246,Realized gross income,Dollars,81,thousands,3,v8693,8.3,388166,,,t,0
1966,Manitoba,2016A000246,Cash receipts from farm products,Dollars,81,thousands,3,v8694,8.4,377213,,,t,0
1966,Manitoba,2016A000246,Supplementary payments,Dollars,81,thousands,3,v8696,8.6,666,,,t,0
1966,Manitoba,2016A000246,Operating expenses and depreciation charges,Dollars,81,thousands,3,v8697,8.7,223574,,,t,0
1966,Saskatchewan,2016A000247,Income-in-kind,Dollars,81,thousands,3,v8708,9.5,19727,,,,0
1966,Saskatchewan,2016A000247,Realized net income,Dollars,81,thousands,3,v8711,9.8,450074,,,,0
1966,Saskatchewan,2016A000247,"Gross income, total",Dollars,81,thousands,3,v8704,9.1,1076266,,,t,0
1966,Saskatchewan,2016A000247,Value of inventory change,Dollars,81,thousands,3,v8705,9.2,105883,,,,0
1966,Saskatchewan,2016A000247,"Net income, total",Dollars,81,thousands,3,v8712,9.9,555957,,,,0
1966,Saskatchewan,2016A000247,Realized gross income,Dollars,81,thousands,3,v8706,9.3,970383,,,t,0
1966,Saskatchewan,2016A000247,Cash receipts from farm products,Dollars,81,thousands,3,v8707,9.4,949242,,,t,0
1966,Saskatchewan,2016A000247,Supplementary payments,Dollars,81,thousands,3,v8709,9.6,1414,,,t,0
1966,Saskatchewan,2016A000247,Operating expenses and depreciation charges,Dollars,81,thousands,3,v8710,9.7,520309,,,t,0
1966,Alberta,2016A000248,Income-in-kind,Dollars,81,thousands,3,v8721,10.5,18415,,,,0
1966,Alberta,2016A000248,Realized net income,Dollars,81,thousands,3,v8724,10.8,316516,,,,0
1966,Alberta,2016A000248,"Gross income, total",Dollars,81,thousands,3,v8717,10.1,822828,,,t,0
1966,Alberta,2016A000248,Value of inventory change,Dollars,81,thousands,3,v8718,10.2,35850,,,,0
1966,Alberta,2016A000248,"Net income, total",Dollars,81,thousands,3,v8725,10.9,352366,,,,0
1966,Alberta,2016A000248,Realized gross income,Dollars,81,thousands,3,v8719,10.3,786978,,,t,0
1966,Alberta,2016A000248,Cash receipts from farm products,Dollars,81,thousands,3,v8720,10.4,762580,,,t,0
1966,Alberta,2016A000248,Supplementary payments,Dollars,81,thousands,3,v8722,10.6,5983,,,t,0
1966,Alberta,2016A000248,Operating expenses and depreciation charges,Dollars,81,thousands,3,v8723,10.7,470462,,,t,0
1966,British Columbia,2016A000259,Income-in-kind,Dollars,81,thousands,3,v8734,11.5,5726,,,,0
1966,British Columbia,2016A000259,Realized net income,Dollars,81,thousands,3,v8737,11.8,62435,,,,0
1966,British Columbia,2016A000259,"Gross income, total",Dollars,81,thousands,3,v8730,11.1,194682,,,t,0
1966,British Columbia,2016A000259,Value of inventory change,Dollars,81,thousands,3,v8731,11.2,-446,,,,0
1966,British Columbia,2016A000259,"Net income, total",Dollars,81,thousands,3,v8738,11.9,61989,,,,0
1966,British Columbia,2016A000259,Realized gross income,Dollars,81,thousands,3,v8732,11.3,195128,,,t,0
1966,British Columbia,2016A000259,Cash receipts from farm products,Dollars,81,thousands,3,v8733,11.4,189383,,,t,0
1966,British Columbia,2016A000259,Supplementary payments,Dollars,81,thousands,3,v8735,11.6,19,,,t,0
1966,British Columbia,2016A000259,Operating expenses and depreciation charges,Dollars,81,thousands,3,v8736,11.7,132693,,,t,0
1967,Canada,2016A000011124,Income-in-kind,Dollars,81,thousands,3,v8617,1.5,121739,,,,0
1967,Canada,2016A000011124,Realized net income,Dollars,81,thousands,3,v8620,1.8,1553010,,,,0
1967,Canada,2016A000011124,"Gross income, total",Dollars,81,thousands,3,v8613,1.1,4354517,,,t,0
1967,Canada,2016A000011124,Value of inventory change,Dollars,81,thousands,3,v8614,1.2,-169039,,,,0
1967,Canada,2016A000011124,"Net income, total",Dollars,81,thousands,3,v8621,1.9,1383971,,,,0
1967,Canada,2016A000011124,Realized gross income,Dollars,81,thousands,3,v8615,1.3,4523556,,,t,0
1967,Canada,2016A000011124,Cash receipts from farm products,Dollars,81,thousands,3,v8616,1.4,4395680,,,t,0
1967,Canada,2016A000011124,Supplementary payments,Dollars,81,thousands,3,v8618,1.6,6137,,,t,0
1967,Canada,2016A000011124,Operating expenses and depreciation charges,Dollars,81,thousands,3,v8619,1.7,2970546,,,t,0
1967,Prince Edward Island,2016A000211,Income-in-kind,Dollars,81,thousands,3,v8630,3.5,1889,,,,0
1967,Prince Edward Island,2016A000211,Realized net income,Dollars,81,thousands,3,v8633,3.8,7121,,,,0
1967,Prince Edward Island,2016A000211,"Gross income, total",Dollars,81,thousands,3,v8626,3.1,34249,,,t,0
1967,Prince Edward Island,2016A000211,Value of inventory change,Dollars,81,thousands,3,v8627,3.2,-1922,,,,0
1967,Prince Edward Island,2016A000211,"Net income, total",Dollars,81,thousands,3,v8634,3.9,5199,,,,0
1967,Prince Edward Island,2016A000211,Realized gross income,Dollars,81,thousands,3,v8628,3.3,36171,,,t,0
1967,Prince Edward Island,2016A000211,Cash receipts from farm products,Dollars,81,thousands,3,v8629,3.4,34282,,,t,0
1967,Prince Edward Island,2016A000211,Supplementary payments,Dollars,81,thousands,3,v8631,3.6,0,,,t,0
1967,Prince Edward Island,2016A000211,Operating expenses and depreciation charges,Dollars,81,thousands,3,v8632,3.7,29050,,,t,0
1967,Nova Scotia,2016A000212,Income-in-kind,Dollars,81,thousands,3,v8643,4.5,2914,,,,0
1967,Nova Scotia,2016A000212,Realized net income,Dollars,81,thousands,3,v8646,4.8,14209,,,,0
1967,Nova Scotia,2016A000212,"Gross income, total",Dollars,81,thousands,3,v8639,4.1,57883,,,t,0
1967,Nova Scotia,2016A000212,Value of inventory change,Dollars,81,thousands,3,v8640,4.2,-843,,,,0
1967,Nova Scotia,2016A000212,"Net income, total",Dollars,81,thousands,3,v8647,4.9,13366,,,,0
1967,Nova Scotia,2016A000212,Realized gross income,Dollars,81,thousands,3,v8641,4.3,58726,,,t,0
1967,Nova Scotia,2016A000212,Cash receipts from farm products,Dollars,81,thousands,3,v8642,4.4,55812,,,t,0
1967,Nova Scotia,2016A000212,Supplementary payments,Dollars,81,thousands,3,v8644,4.6,0,,,t,0
1967,Nova Scotia,2016A000212,Operating expenses and depreciation charges,Dollars,81,thousands,3,v8645,4.7,44517,,,t,0
1967,New Brunswick,2016A000213,Income-in-kind,Dollars,81,thousands,3,v8656,5.5,2328,,,,0
1967,New Brunswick,2016A000213,Realized net income,Dollars,81,thousands,3,v8659,5.8,12864,,,,0
1967,New Brunswick,2016A000213,"Gross income, total",Dollars,81,thousands,3,v8652,5.1,48717,,,t,0
1967,New Brunswick,2016A000213,Value of inventory change,Dollars,81,thousands,3,v8653,5.2,-2155,,,,0
1967,New Brunswick,2016A000213,"Net income, total",Dollars,81,thousands,3,v8660,5.9,10709,,,,0
1967,New Brunswick,2016A000213,Realized gross income,Dollars,81,thousands,3,v8654,5.3,50872,,,t,0
1967,New Brunswick,2016A000213,Cash receipts from farm products,Dollars,81,thousands,3,v8655,5.4,48544,,,t,0
1967,New Brunswick,2016A000213,Supplementary payments,Dollars,81,thousands,3,v8657,5.6,0,,,t,0
1967,New Brunswick,2016A000213,Operating expenses and depreciation charges,Dollars,81,thousands,3,v8658,5.7,38008,,,t,0
1967,Quebec,2016A000224,Income-in-kind,Dollars,81,thousands,3,v8669,6.5,31193,,,,0
1967,Quebec,2016A000224,Realized net income,Dollars,81,thousands,3,v8672,6.8,217079,,,,0
1967,Quebec,2016A000224,"Gross income, total",Dollars,81,thousands,3,v8665,6.1,649224,,,t,0
1967,Quebec,2016A000224,Value of inventory change,Dollars,81,thousands,3,v8666,6.2,-7694,,,,0
1967,Quebec,2016A000224,"Net income, total",Dollars,81,thousands,3,v8673,6.9,209385,,,,0
1967,Quebec,2016A000224,Realized gross income,Dollars,81,thousands,3,v8667,6.3,656918,,,t,0
1967,Quebec,2016A000224,Cash receipts from farm products,Dollars,81,thousands,3,v8668,6.4,623283,,,t,0
1967,Quebec,2016A000224,Supplementary payments,Dollars,81,thousands,3,v8670,6.6,2442,,,t,0
1967,Quebec,2016A000224,Operating expenses and depreciation charges,Dollars,81,thousands,3,v8671,6.7,439839,,,t,0
1967,Ontario,2016A000235,Income-in-kind,Dollars,81,thousands,3,v8682,7.5,30416,,,,0
1967,Ontario,2016A000235,Realized net income,Dollars,81,thousands,3,v8685,7.8,336373,,,,0
1967,Ontario,2016A000235,"Gross income, total",Dollars,81,thousands,3,v8678,7.1,1323507,,,t,0
1967,Ontario,2016A000235,Value of inventory change,Dollars,81,thousands,3,v8679,7.2,-687,,,,0
1967,Ontario,2016A000235,"Net income, total",Dollars,81,thousands,3,v8686,7.9,335686,,,,0
1967,Ontario,2016A000235,Realized gross income,Dollars,81,thousands,3,v8680,7.3,1324194,,,t,0
1967,Ontario,2016A000235,Cash receipts from farm products,Dollars,81,thousands,3,v8681,7.4,1293778,,,t,0
1967,Ontario,2016A000235,Supplementary payments,Dollars,81,thousands,3,v8683,7.6,0,,,t,0
1967,Ontario,2016A000235,Operating expenses and depreciation charges,Dollars,81,thousands,3,v8684,7.7,987821,,,t,0
1967,Manitoba,2016A000246,Income-in-kind,Dollars,81,thousands,3,v8695,8.5,9821,,,,0
1967,Manitoba,2016A000246,Realized net income,Dollars,81,thousands,3,v8698,8.8,136292,,,,0
1967,Manitoba,2016A000246,"Gross income, total",Dollars,81,thousands,3,v8691,8.1,400587,,,t,0
1967,Manitoba,2016A000246,Value of inventory change,Dollars,81,thousands,3,v8692,8.2,15964,,,,0
1967,Manitoba,2016A000246,"Net income, total",Dollars,81,thousands,3,v8699,8.9,152256,,,,0
1967,Manitoba,2016A000246,Realized gross income,Dollars,81,thousands,3,v8693,8.3,384623,,,t,0
1967,Manitoba,2016A000246,Cash receipts from farm products,Dollars,81,thousands,3,v8694,8.4,374569,,,t,0
1967,Manitoba,2016A000246,Supplementary payments,Dollars,81,thousands,3,v8696,8.6,233,,,t,0
1967,Manitoba,2016A000246,Operating expenses and depreciation charges,Dollars,81,thousands,3,v8697,8.7,248331,,,t,0
1967,Saskatchewan,2016A000247,Income-in-kind,Dollars,81,thousands,3,v8708,9.5,20315,,,,0
1967,Saskatchewan,2016A000247,Realized net income,Dollars,81,thousands,3,v8711,9.8,461456,,,,0
1967,Saskatchewan,2016A000247,"Gross income, total",Dollars,81,thousands,3,v8704,9.1,865836,,,t,0
1967,Saskatchewan,2016A000247,Value of inventory change,Dollars,81,thousands,3,v8705,9.2,-128209,,,,0
1967,Saskatchewan,2016A000247,"Net income, total",Dollars,81,thousands,3,v8712,9.9,333247,,,,0
1967,Saskatchewan,2016A000247,Realized gross income,Dollars,81,thousands,3,v8706,9.3,994045,,,t,0
1967,Saskatchewan,2016A000247,Cash receipts from farm products,Dollars,81,thousands,3,v8707,9.4,972173,,,t,0
1967,Saskatchewan,2016A000247,Supplementary payments,Dollars,81,thousands,3,v8709,9.6,1557,,,t,0
1967,Saskatchewan,2016A000247,Operating expenses and depreciation charges,Dollars,81,thousands,3,v8710,9.7,532589,,,t,0
1967,Alberta,2016A000248,Income-in-kind,Dollars,81,thousands,3,v8721,10.5,17450,,,,0
1967,Alberta,2016A000248,Realized net income,Dollars,81,thousands,3,v8724,10.8,303523,,,,0
1967,Alberta,2016A000248,"Gross income, total",Dollars,81,thousands,3,v8717,10.1,771192,,,t,0
1967,Alberta,2016A000248,Value of inventory change,Dollars,81,thousands,3,v8718,10.2,-42141,,,,0
1967,Alberta,2016A000248,"Net income, total",Dollars,81,thousands,3,v8725,10.9,261382,,,,0
1967,Alberta,2016A000248,Realized gross income,Dollars,81,thousands,3,v8719,10.3,813333,,,t,0
1967,Alberta,2016A000248,Cash receipts from farm products,Dollars,81,thousands,3,v8720,10.4,793985,,,t,0
1967,Alberta,2016A000248,Supplementary payments,Dollars,81,thousands,3,v8722,10.6,1898,,,t,0
1967,Alberta,2016A000248,Operating expenses and depreciation charges,Dollars,81,thousands,3,v8723,10.7,509810,,,t,0
1967,British Columbia,2016A000259,Income-in-kind,Dollars,81,thousands,3,v8734,11.5,5413,,,,0
1967,British Columbia,2016A000259,Realized net income,Dollars,81,thousands,3,v8737,11.8,64093,,,,0
1967,British Columbia,2016A000259,"Gross income, total",Dollars,81,thousands,3,v8730,11.1,203322,,,t,0
1967,British Columbia,2016A000259,Value of inventory change,Dollars,81,thousands,3,v8731,11.2,-1352,,,,0
1967,British Columbia,2016A000259,"Net income, total",Dollars,81,thousands,3,v8738,11.9,62741,,,,0
1967,British Columbia,2016A000259,Realized gross income,Dollars,81,thousands,3,v8732,11.3,204674,,,t,0
1967,British Columbia,2016A000259,Cash receipts from farm products,Dollars,81,thousands,3,v8733,11.4,199254,,,t,0
1967,British Columbia,2016A000259,Supplementary payments,Dollars,81,thousands,3,v8735,11.6,7,,,t,0
1967,British Columbia,2016A000259,Operating expenses and depreciation charges,Dollars,81,thousands,3,v8736,11.7,140581,,,t,0
1968,Canada,2016A000011124,Income-in-kind,Dollars,81,thousands,3,v8617,1.5,120576,,,,0
1968,Canada,2016A000011124,Realized net income,Dollars,81,thousands,3,v8620,1.8,1417895,,,,0
1968,Canada,2016A000011124,"Gross income, total",Dollars,81,thousands,3,v8613,1.1,4729841,,,t,0
1968,Canada,2016A000011124,Value of inventory change,Dollars,81,thousands,3,v8614,1.2,231885,,,,0
1968,Canada,2016A000011124,"Net income, total",Dollars,81,thousands,3,v8621,1.9,1649780,,,,0
1968,Canada,2016A000011124,Realized gross income,Dollars,81,thousands,3,v8615,1.3,4497956,,,t,0
1968,Canada,2016A000011124,Cash receipts from farm products,Dollars,81,thousands,3,v8616,1.4,4369412,,,t,0
1968,Canada,2016A000011124,Supplementary payments,Dollars,81,thousands,3,v8618,1.6,7968,,,t,0
1968,Canada,2016A000011124,Operating expenses and depreciation charges,Dollars,81,thousands,3,v8619,1.7,3080061,,,t,0
1968,Prince Edward Island,2016A000211,Income-in-kind,Dollars,81,thousands,3,v8630,3.5,1797,,,,0
1968,Prince Edward Island,2016A000211,Realized net income,Dollars,81,thousands,3,v8633,3.8,6306,,,,0
1968,Prince Edward Island,2016A000211,"Gross income, total",Dollars,81,thousands,3,v8626,3.1,38777,,,t,0
1968,Prince Edward Island,2016A000211,Value of inventory change,Dollars,81,thousands,3,v8627,3.2,1981,,,,0
1968,Prince Edward Island,2016A000211,"Net income, total",Dollars,81,thousands,3,v8634,3.9,8287,,,,0
1968,Prince Edward Island,2016A000211,Realized gross income,Dollars,81,thousands,3,v8628,3.3,36796,,,t,0
1968,Prince Edward Island,2016A000211,Cash receipts from farm products,Dollars,81,thousands,3,v8629,3.4,34999,,,t,0
1968,Prince Edward Island,2016A000211,Supplementary payments,Dollars,81,thousands,3,v8631,3.6,0,,,t,0
1968,Prince Edward Island,2016A000211,Operating expenses and depreciation charges,Dollars,81,thousands,3,v8632,3.7,30490,,,t,0
1968,Nova Scotia,2016A000212,Income-in-kind,Dollars,81,thousands,3,v8643,4.5,2680,,,,0
1968,Nova Scotia,2016A000212,Realized net income,Dollars,81,thousands,3,v8646,4.8,13654,,,,0
1968,Nova Scotia,2016A000212,"Gross income, total",Dollars,81,thousands,3,v8639,4.1,59941,,,t,0
1968,Nova Scotia,2016A000212,Value of inventory change,Dollars,81,thousands,3,v8640,4.2,301,,,,0
1968,Nova Scotia,2016A000212,"Net income, total",Dollars,81,thousands,3,v8647,4.9,13955,,,,0
1968,Nova Scotia,2016A000212,Realized gross income,Dollars,81,thousands,3,v8641,4.3,59640,,,t,0
1968,Nova Scotia,2016A000212,Cash receipts from farm products,Dollars,81,thousands,3,v8642,4.4,56960,,,t,0
1968,Nova Scotia,2016A000212,Supplementary payments,Dollars,81,thousands,3,v8644,4.6,0,,,t,0
1968,Nova Scotia,2016A000212,Operating expenses and depreciation charges,Dollars,81,thousands,3,v8645,4.7,45986,,,t,0
1968,New Brunswick,2016A000213,Income-in-kind,Dollars,81,thousands,3,v8656,5.5,2358,,,,0
1968,New Brunswick,2016A000213,Realized net income,Dollars,81,thousands,3,v8659,5.8,13212,,,,0
1968,New Brunswick,2016A000213,"Gross income, total",Dollars,81,thousands,3,v8652,5.1,53109,,,t,0
1968,New Brunswick,2016A000213,Value of inventory change,Dollars,81,thousands,3,v8653,5.2,1192,,,,0
1968,New Brunswick,2016A000213,"Net income, total",Dollars,81,thousands,3,v8660,5.9,14404,,,,0
1968,New Brunswick,2016A000213,Realized gross income,Dollars,81,thousands,3,v8654,5.3,51917,,,t,0
1968,New Brunswick,2016A000213,Cash receipts from farm products,Dollars,81,thousands,3,v8655,5.4,49559,,,t,0
1968,New Brunswick,2016A000213,Supplementary payments,Dollars,81,thousands,3,v8657,5.6,0,,,t,0
1968,New Brunswick,2016A000213,Operating expenses and depreciation charges,Dollars,81,thousands,3,v8658,5.7,38705,,,t,0
1968,Quebec,2016A000224,Income-in-kind,Dollars,81,thousands,3,v8669,6.5,31301,,,,0
1968,Quebec,2016A000224,Realized net income,Dollars,81,thousands,3,v8672,6.8,228458,,,,0
1968,Quebec,2016A000224,"Gross income, total",Dollars,81,thousands,3,v8665,6.1,669924,,,t,0
1968,Quebec,2016A000224,Value of inventory change,Dollars,81,thousands,3,v8666,6.2,378,,,,0
1968,Quebec,2016A000224,"Net income, total",Dollars,81,thousands,3,v8673,6.9,228836,,,,0
1968,Quebec,2016A000224,Realized gross income,Dollars,81,thousands,3,v8667,6.3,669546,,,t,0
1968,Quebec,2016A000224,Cash receipts from farm products,Dollars,81,thousands,3,v8668,6.4,638245,,,t,0
1968,Quebec,2016A000224,Supplementary payments,Dollars,81,thousands,3,v8670,6.6,0,,,t,0
1968,Quebec,2016A000224,Operating expenses and depreciation charges,Dollars,81,thousands,3,v8671,6.7,441088,,,t,0
1968,Ontario,2016A000235,Income-in-kind,Dollars,81,thousands,3,v8682,7.5,30594,,,,0
1968,Ontario,2016A000235,Realized net income,Dollars,81,thousands,3,v8685,7.8,349622,,,,0
1968,Ontario,2016A000235,"Gross income, total",Dollars,81,thousands,3,v8678,7.1,1366542,,,t,0
1968,Ontario,2016A000235,Value of inventory change,Dollars,81,thousands,3,v8679,7.2,8037,,,,0
1968,Ontario,2016A000235,"Net income, total",Dollars,81,thousands,3,v8686,7.9,357659,,,,0
1968,Ontario,2016A000235,Realized gross income,Dollars,81,thousands,3,v8680,7.3,1358505,,,t,0
1968,Ontario,2016A000235,Cash receipts from farm products,Dollars,81,thousands,3,v8681,7.4,1327911,,,t,0
1968,Ontario,2016A000235,Supplementary payments,Dollars,81,thousands,3,v8683,7.6,0,,,t,0
1968,Ontario,2016A000235,Operating expenses and depreciation charges,Dollars,81,thousands,3,v8684,7.7,1008883,,,t,0
1968,Manitoba,2016A000246,Income-in-kind,Dollars,81,thousands,3,v8695,8.5,9770,,,,0
1968,Manitoba,2016A000246,Realized net income,Dollars,81,thousands,3,v8698,8.8,112295,,,,0
1968,Manitoba,2016A000246,"Gross income, total",Dollars,81,thousands,3,v8691,8.1,425150,,,t,0
1968,Manitoba,2016A000246,Value of inventory change,Dollars,81,thousands,3,v8692,8.2,50517,,,,0
1968,Manitoba,2016A000246,"Net income, total",Dollars,81,thousands,3,v8699,8.9,162812,,,,0
1968,Manitoba,2016A000246,Realized gross income,Dollars,81,thousands,3,v8693,8.3,374633,,,t,0
1968,Manitoba,2016A000246,Cash receipts from farm products,Dollars,81,thousands,3,v8694,8.4,364707,,,t,0
1968,Manitoba,2016A000246,Supplementary payments,Dollars,81,thousands,3,v8696,8.6,156,,,t,0
1968,Manitoba,2016A000246,Operating expenses and depreciation charges,Dollars,81,thousands,3,v8697,8.7,262338,,,t,0
1968,Saskatchewan,2016A000247,Income-in-kind,Dollars,81,thousands,3,v8708,9.5,19170,,,,0
1968,Saskatchewan,2016A000247,Realized net income,Dollars,81,thousands,3,v8711,9.8,349786,,,,0
1968,Saskatchewan,2016A000247,"Gross income, total",Dollars,81,thousands,3,v8704,9.1,1012457,,,t,0
1968,Saskatchewan,2016A000247,Value of inventory change,Dollars,81,thousands,3,v8705,9.2,103779,,,,0
1968,Saskatchewan,2016A000247,"Net income, total",Dollars,81,thousands,3,v8712,9.9,453565,,,,0
1968,Saskatchewan,2016A000247,Realized gross income,Dollars,81,thousands,3,v8706,9.3,908678,,,t,0
1968,Saskatchewan,2016A000247,Cash receipts from farm products,Dollars,81,thousands,3,v8707,9.4,884055,,,t,0
1968,Saskatchewan,2016A000247,Supplementary payments,Dollars,81,thousands,3,v8709,9.6,5453,,,t,0
1968,Saskatchewan,2016A000247,Operating expenses and depreciation charges,Dollars,81,thousands,3,v8710,9.7,558892,,,t,0
1968,Alberta,2016A000248,Income-in-kind,Dollars,81,thousands,3,v8721,10.5,17209,,,,0
1968,Alberta,2016A000248,Realized net income,Dollars,81,thousands,3,v8724,10.8,273182,,,,0
1968,Alberta,2016A000248,"Gross income, total",Dollars,81,thousands,3,v8717,10.1,884459,,,t,0
1968,Alberta,2016A000248,Value of inventory change,Dollars,81,thousands,3,v8718,10.2,61972,,,,0
1968,Alberta,2016A000248,"Net income, total",Dollars,81,thousands,3,v8725,10.9,335154,,,,0
1968,Alberta,2016A000248,Realized gross income,Dollars,81,thousands,3,v8719,10.3,822487,,,t,0
1968,Alberta,2016A000248,Cash receipts from farm products,Dollars,81,thousands,3,v8720,10.4,803127,,,t,0
1968,Alberta,2016A000248,Supplementary payments,Dollars,81,thousands,3,v8722,10.6,2151,,,t,0
1968,Alberta,2016A000248,Operating expenses and depreciation charges,Dollars,81,thousands,3,v8723,10.7,549305,,,t,0
1968,British Columbia,2016A000259,Income-in-kind,Dollars,81,thousands,3,v8734,11.5,5697,,,,0
1968,British Columbia,2016A000259,Realized net income,Dollars,81,thousands,3,v8737,11.8,71380,,,,0
1968,British Columbia,2016A000259,"Gross income, total",Dollars,81,thousands,3,v8730,11.1,219482,,,t,0
1968,British Columbia,2016A000259,Value of inventory change,Dollars,81,thousands,3,v8731,11.2,3728,,,,0
1968,British Columbia,2016A000259,"Net income, total",Dollars,81,thousands,3,v8738,11.9,75108,,,,0
1968,British Columbia,2016A000259,Realized gross income,Dollars,81,thousands,3,v8732,11.3,215754,,,t,0
1968,British Columbia,2016A000259,Cash receipts from farm products,Dollars,81,thousands,3,v8733,11.4,209849,,,t,0
1968,British Columbia,2016A000259,Supplementary payments,Dollars,81,thousands,3,v8735,11.6,208,,,t,0
1968,British Columbia,2016A000259,Operating expenses and depreciation charges,Dollars,81,thousands,3,v8736,11.7,144374,,,t,0
1969,Canada,2016A000011124,Income-in-kind,Dollars,81,thousands,3,v8617,1.5,127313,,,,0
1969,Canada,2016A000011124,Realized net income,Dollars,81,thousands,3,v8620,1.8,1220157,,,,0
1969,Canada,2016A000011124,"Gross income, total",Dollars,81,thousands,3,v8613,1.1,4655805,,,t,0
1969,Canada,2016A000011124,Value of inventory change,Dollars,81,thousands,3,v8614,1.2,285816,,,,0
1969,Canada,2016A000011124,"Net income, total",Dollars,81,thousands,3,v8621,1.9,1505973,,,,0
1969,Canada,2016A000011124,Realized gross income,Dollars,81,thousands,3,v8615,1.3,4369989,,,t,0
1969,Canada,2016A000011124,Cash receipts from farm products,Dollars,81,thousands,3,v8616,1.4,4232741,,,t,0
1969,Canada,2016A000011124,Supplementary payments,Dollars,81,thousands,3,v8618,1.6,9935,,,t,0
1969,Canada,2016A000011124,Operating expenses and depreciation charges,Dollars,81,thousands,3,v8619,1.7,3149832,,,t,0
1969,Prince Edward Island,2016A000211,Income-in-kind,Dollars,81,thousands,3,v8630,3.5,1699,,,,0
1969,Prince Edward Island,2016A000211,Realized net income,Dollars,81,thousands,3,v8633,3.8,8441,,,,0
1969,Prince Edward Island,2016A000211,"Gross income, total",Dollars,81,thousands,3,v8626,3.1,40367,,,t,0
1969,Prince Edward Island,2016A000211,Value of inventory change,Dollars,81,thousands,3,v8627,3.2,365,,,,0
1969,Prince Edward Island,2016A000211,"Net income, total",Dollars,81,thousands,3,v8634,3.9,8806,,,,0
1969,Prince Edward Island,2016A000211,Realized gross income,Dollars,81,thousands,3,v8628,3.3,40002,,,t,0
1969,Prince Edward Island,2016A000211,Cash receipts from farm products,Dollars,81,thousands,3,v8629,3.4,38303,,,t,0
1969,Prince Edward Island,2016A000211,Supplementary payments,Dollars,81,thousands,3,v8631,3.6,0,,,t,0
1969,Prince Edward Island,2016A000211,Operating expenses and depreciation charges,Dollars,81,thousands,3,v8632,3.7,31561,,,t,0
1969,Nova Scotia,2016A000212,Income-in-kind,Dollars,81,thousands,3,v8643,4.5,2651,,,,0
1969,Nova Scotia,2016A000212,Realized net income,Dollars,81,thousands,3,v8646,4.8,19918,,,,0
1969,Nova Scotia,2016A000212,"Gross income, total",Dollars,81,thousands,3,v8639,4.1,68559,,,t,0
1969,Nova Scotia,2016A000212,Value of inventory change,Dollars,81,thousands,3,v8640,4.2,-101,,,,0
1969,Nova Scotia,2016A000212,"Net income, total",Dollars,81,thousands,3,v8647,4.9,19817,,,,0
1969,Nova Scotia,2016A000212,Realized gross income,Dollars,81,thousands,3,v8641,4.3,68660,,,t,0
1969,Nova Scotia,2016A000212,Cash receipts from farm products,Dollars,81,thousands,3,v8642,4.4,66009,,,t,0
1969,Nova Scotia,2016A000212,Supplementary payments,Dollars,81,thousands,3,v8644,4.6,0,,,t,0
1969,Nova Scotia,2016A000212,Operating expenses and depreciation charges,Dollars,81,thousands,3,v8645,4.7,48742,,,t,0
1969,New Brunswick,2016A000213,Income-in-kind,Dollars,81,thousands,3,v8656,5.5,2299,,,,0
1969,New Brunswick,2016A000213,Realized net income,Dollars,81,thousands,3,v8659,5.8,15658,,,,0
1969,New Brunswick,2016A000213,"Gross income, total",Dollars,81,thousands,3,v8652,5.1,54302,,,t,0
1969,New Brunswick,2016A000213,Value of inventory change,Dollars,81,thousands,3,v8653,5.2,-754,,,,0
1969,New Brunswick,2016A000213,"Net income, total",Dollars,81,thousands,3,v8660,5.9,14904,,,,0
1969,New Brunswick,2016A000213,Realized gross income,Dollars,81,thousands,3,v8654,5.3,55056,,,t,0
1969,New Brunswick,2016A000213,Cash receipts from farm products,Dollars,81,thousands,3,v8655,5.4,52757,,,t,0
1969,New Brunswick,2016A000213,Supplementary payments,Dollars,81,thousands,3,v8657,5.6,0,,,t,0
1969,New Brunswick,2016A000213,Operating expenses and depreciation charges,Dollars,81,thousands,3,v8658,5.7,39398,,,t,0
1969,Quebec,2016A000224,Income-in-kind,Dollars,81,thousands,3,v8669,6.5,32158,,,,0
1969,Quebec,2016A000224,Realized net income,Dollars,81,thousands,3,v8672,6.8,246967,,,,0
1969,Quebec,2016A000224,"Gross income, total",Dollars,81,thousands,3,v8665,6.1,707364,,,t,0
1969,Quebec,2016A000224,Value of inventory change,Dollars,81,thousands,3,v8666,6.2,4820,,,,0
1969,Quebec,2016A000224,"Net income, total",Dollars,81,thousands,3,v8673,6.9,251787,,,,0
1969,Quebec,2016A000224,Realized gross income,Dollars,81,thousands,3,v8667,6.3,702544,,,t,0
1969,Quebec,2016A000224,Cash receipts from farm products,Dollars,81,thousands,3,v8668,6.4,670386,,,t,0
1969,Quebec,2016A000224,Supplementary payments,Dollars,81,thousands,3,v8670,6.6,0,,,t,0
1969,Quebec,2016A000224,Operating expenses and depreciation charges,Dollars,81,thousands,3,v8671,6.7,455577,,,t,0
1969,Ontario,2016A000235,Income-in-kind,Dollars,81,thousands,3,v8682,7.5,32564,,,,0
1969,Ontario,2016A000235,Realized net income,Dollars,81,thousands,3,v8685,7.8,387351,,,,0
1969,Ontario,2016A000235,"Gross income, total",Dollars,81,thousands,3,v8678,7.1,1414930,,,t,0
1969,Ontario,2016A000235,Value of inventory change,Dollars,81,thousands,3,v8679,7.2,-18812,,,,0
1969,Ontario,2016A000235,"Net income, total",Dollars,81,thousands,3,v8686,7.9,368539,,,,0
1969,Ontario,2016A000235,Realized gross income,Dollars,81,thousands,3,v8680,7.3,1433742,,,t,0
1969,Ontario,2016A000235,Cash receipts from farm products,Dollars,81,thousands,3,v8681,7.4,1400210,,,t,0
1969,Ontario,2016A000235,Supplementary payments,Dollars,81,thousands,3,v8683,7.6,968,,,t,0
1969,Ontario,2016A000235,Operating expenses and depreciation charges,Dollars,81,thousands,3,v8684,7.7,1046391,,,t,0
1969,Manitoba,2016A000246,Income-in-kind,Dollars,81,thousands,3,v8695,8.5,10481,,,,0
1969,Manitoba,2016A000246,Realized net income,Dollars,81,thousands,3,v8698,8.8,108901,,,,0
1969,Manitoba,2016A000246,"Gross income, total",Dollars,81,thousands,3,v8691,8.1,370460,,,t,0
1969,Manitoba,2016A000246,Value of inventory change,Dollars,81,thousands,3,v8692,8.2,8913,,,,0
1969,Manitoba,2016A000246,"Net income, total",Dollars,81,thousands,3,v8699,8.9,117814,,,,0
1969,Manitoba,2016A000246,Realized gross income,Dollars,81,thousands,3,v8693,8.3,361547,,,t,0
1969,Manitoba,2016A000246,Cash receipts from farm products,Dollars,81,thousands,3,v8694,8.4,350569,,,t,0
1969,Manitoba,2016A000246,Supplementary payments,Dollars,81,thousands,3,v8696,8.6,497,,,t,0
1969,Manitoba,2016A000246,Operating expenses and depreciation charges,Dollars,81,thousands,3,v8697,8.7,252646,,,t,0
1969,Saskatchewan,2016A000247,Income-in-kind,Dollars,81,thousands,3,v8708,9.5,20728,,,,0
1969,Saskatchewan,2016A000247,Realized net income,Dollars,81,thousands,3,v8711,9.8,173216,,,,0
1969,Saskatchewan,2016A000247,"Gross income, total",Dollars,81,thousands,3,v8704,9.1,984366,,,t,0
1969,Saskatchewan,2016A000247,Value of inventory change,Dollars,81,thousands,3,v8705,9.2,244071,,,,0
1969,Saskatchewan,2016A000247,"Net income, total",Dollars,81,thousands,3,v8712,9.9,417287,,,,0
1969,Saskatchewan,2016A000247,Realized gross income,Dollars,81,thousands,3,v8706,9.3,740295,,,t,0
1969,Saskatchewan,2016A000247,Cash receipts from farm products,Dollars,81,thousands,3,v8707,9.4,713654,,,t,0
1969,Saskatchewan,2016A000247,Supplementary payments,Dollars,81,thousands,3,v8709,9.6,5913,,,t,0
1969,Saskatchewan,2016A000247,Operating expenses and depreciation charges,Dollars,81,thousands,3,v8710,9.7,567079,,,t,0
1969,Alberta,2016A000248,Income-in-kind,Dollars,81,thousands,3,v8721,10.5,18502,,,,0
1969,Alberta,2016A000248,Realized net income,Dollars,81,thousands,3,v8724,10.8,206035,,,,0
1969,Alberta,2016A000248,"Gross income, total",Dollars,81,thousands,3,v8717,10.1,803268,,,t,0
1969,Alberta,2016A000248,Value of inventory change,Dollars,81,thousands,3,v8718,10.2,44745,,,,0
1969,Alberta,2016A000248,"Net income, total",Dollars,81,thousands,3,v8725,10.9,250780,,,,0
1969,Alberta,2016A000248,Realized gross income,Dollars,81,thousands,3,v8719,10.3,758523,,,t,0
1969,Alberta,2016A000248,Cash receipts from farm products,Dollars,81,thousands,3,v8720,10.4,737592,,,t,0
1969,Alberta,2016A000248,Supplementary payments,Dollars,81,thousands,3,v8722,10.6,2429,,,t,0
1969,Alberta,2016A000248,Operating expenses and depreciation charges,Dollars,81,thousands,3,v8723,10.7,552488,,,t,0
1969,British Columbia,2016A000259,Income-in-kind,Dollars,81,thousands,3,v8734,11.5,6231,,,,0
1969,British Columbia,2016A000259,Realized net income,Dollars,81,thousands,3,v8737,11.8,53670,,,,0
1969,British Columbia,2016A000259,"Gross income, total",Dollars,81,thousands,3,v8730,11.1,212189,,,t,0
1969,British Columbia,2016A000259,Value of inventory change,Dollars,81,thousands,3,v8731,11.2,2569,,,,0
1969,British Columbia,2016A000259,"Net income, total",Dollars,81,thousands,3,v8738,11.9,56239,,,,0
1969,British Columbia,2016A000259,Realized gross income,Dollars,81,thousands,3,v8732,11.3,209620,,,t,0
1969,British Columbia,2016A000259,Cash receipts from farm products,Dollars,81,thousands,3,v8733,11.4,203261,,,t,0
1969,British Columbia,2016A000259,Supplementary payments,Dollars,81,thousands,3,v8735,11.6,128,,,t,0
1969,British Columbia,2016A000259,Operating expenses and depreciation charges,Dollars,81,thousands,3,v8736,11.7,155950,,,t,0
1970,Canada,2016A000011124,Income-in-kind,Dollars,81,thousands,3,v8617,1.5,119287,,,,0
1970,Canada,2016A000011124,Realized net income,Dollars,81,thousands,3,v8620,1.8,1212638,,,,0
1970,Canada,2016A000011124,"Gross income, total",Dollars,81,thousands,3,v8613,1.1,4433134,,,t,0
1970,Canada,2016A000011124,Value of inventory change,Dollars,81,thousands,3,v8614,1.2,62997,,,,0
1970,Canada,2016A000011124,"Net income, total",Dollars,81,thousands,3,v8621,1.9,1275635,,,,0
1970,Canada,2016A000011124,Realized gross income,Dollars,81,thousands,3,v8615,1.3,4370137,,,t,0
1970,Canada,2016A000011124,Cash receipts from farm products,Dollars,81,thousands,3,v8616,1.4,4192643,,,t,0
1970,Canada,2016A000011124,Supplementary payments,Dollars,81,thousands,3,v8618,1.6,58207,,,t,0
1970,Canada,2016A000011124,Operating expenses and depreciation charges,Dollars,81,thousands,3,v8619,1.7,3157499,,,t,0
1970,Prince Edward Island,2016A000211,Income-in-kind,Dollars,81,thousands,3,v8630,3.5,1564,,,,0
1970,Prince Edward Island,2016A000211,Realized net income,Dollars,81,thousands,3,v8633,3.8,14851,,,,0
1970,Prince Edward Island,2016A000211,"Gross income, total",Dollars,81,thousands,3,v8626,3.1,46538,,,t,0
1970,Prince Edward Island,2016A000211,Value of inventory change,Dollars,81,thousands,3,v8627,3.2,361,,,,0
1970,Prince Edward Island,2016A000211,"Net income, total",Dollars,81,thousands,3,v8634,3.9,15212,,,,0
1970,Prince Edward Island,2016A000211,Realized gross income,Dollars,81,thousands,3,v8628,3.3,46177,,,t,0
1970,Prince Edward Island,2016A000211,Cash receipts from farm products,Dollars,81,thousands,3,v8629,3.4,44613,,,t,0
1970,Prince Edward Island,2016A000211,Supplementary payments,Dollars,81,thousands,3,v8631,3.6,0,,,t,0
1970,Prince Edward Island,2016A000211,Operating expenses and depreciation charges,Dollars,81,thousands,3,v8632,3.7,31326,,,t,0
1970,Nova Scotia,2016A000212,Income-in-kind,Dollars,81,thousands,3,v8643,4.5,2445,,,,0
1970,Nova Scotia,2016A000212,Realized net income,Dollars,81,thousands,3,v8646,4.8,20213,,,,0
1970,Nova Scotia,2016A000212,"Gross income, total",Dollars,81,thousands,3,v8639,4.1,70250,,,t,0
1970,Nova Scotia,2016A000212,Value of inventory change,Dollars,81,thousands,3,v8640,4.2,161,,,,0
1970,Nova Scotia,2016A000212,"Net income, total",Dollars,81,thousands,3,v8647,4.9,20374,,,,0
1970,Nova Scotia,2016A000212,Realized gross income,Dollars,81,thousands,3,v8641,4.3,70089,,,t,0
1970,Nova Scotia,2016A000212,Cash receipts from farm products,Dollars,81,thousands,3,v8642,4.4,67644,,,t,0
1970,Nova Scotia,2016A000212,Supplementary payments,Dollars,81,thousands,3,v8644,4.6,0,,,t,0
1970,Nova Scotia,2016A000212,Operating expenses and depreciation charges,Dollars,81,thousands,3,v8645,4.7,49876,,,t,0
1970,New Brunswick,2016A000213,Income-in-kind,Dollars,81,thousands,3,v8656,5.5,2197,,,,0
1970,New Brunswick,2016A000213,Realized net income,Dollars,81,thousands,3,v8659,5.8,21494,,,,0
1970,New Brunswick,2016A000213,"Gross income, total",Dollars,81,thousands,3,v8652,5.1,60585,,,t,0
1970,New Brunswick,2016A000213,Value of inventory change,Dollars,81,thousands,3,v8653,5.2,-98,,,,0
1970,New Brunswick,2016A000213,"Net income, total",Dollars,81,thousands,3,v8660,5.9,21396,,,,0
1970,New Brunswick,2016A000213,Realized gross income,Dollars,81,thousands,3,v8654,5.3,60683,,,t,0
1970,New Brunswick,2016A000213,Cash receipts from farm products,Dollars,81,thousands,3,v8655,5.4,58486,,,t,0
1970,New Brunswick,2016A000213,Supplementary payments,Dollars,81,thousands,3,v8657,5.6,0,,,t,0
1970,New Brunswick,2016A000213,Operating expenses and depreciation charges,Dollars,81,thousands,3,v8658,5.7,39189,,,t,0
1970,Quebec,2016A000224,Income-in-kind,Dollars,81,thousands,3,v8669,6.5,30498,,,,0
1970,Quebec,2016A000224,Realized net income,Dollars,81,thousands,3,v8672,6.8,234865,,,,0
1970,Quebec,2016A000224,"Gross income, total",Dollars,81,thousands,3,v8665,6.1,710235,,,t,0
1970,Quebec,2016A000224,Value of inventory change,Dollars,81,thousands,3,v8666,6.2,12323,,,,0
1970,Quebec,2016A000224,"Net income, total",Dollars,81,thousands,3,v8673,6.9,247188,,,,0
1970,Quebec,2016A000224,Realized gross income,Dollars,81,thousands,3,v8667,6.3,697912,,,t,0
1970,Quebec,2016A000224,Cash receipts from farm products,Dollars,81,thousands,3,v8668,6.4,667414,,,t,0
1970,Quebec,2016A000224,Supplementary payments,Dollars,81,thousands,3,v8670,6.6,0,,,t,0
1970,Quebec,2016A000224,Operating expenses and depreciation charges,Dollars,81,thousands,3,v8671,6.7,463047,,,t,0
1970,Ontario,2016A000235,Income-in-kind,Dollars,81,thousands,3,v8682,7.5,30639,,,,0
1970,Ontario,2016A000235,Realized net income,Dollars,81,thousands,3,v8685,7.8,359460,,,,0
1970,Ontario,2016A000235,"Gross income, total",Dollars,81,thousands,3,v8678,7.1,1450547,,,t,0
1970,Ontario,2016A000235,Value of inventory change,Dollars,81,thousands,3,v8679,7.2,9045,,,,0
1970,Ontario,2016A000235,"Net income, total",Dollars,81,thousands,3,v8686,7.9,368505,,,,0
1970,Ontario,2016A000235,Realized gross income,Dollars,81,thousands,3,v8680,7.3,1441502,,,t,0
1970,Ontario,2016A000235,Cash receipts from farm products,Dollars,81,thousands,3,v8681,7.4,1410863,,,t,0
1970,Ontario,2016A000235,Supplementary payments,Dollars,81,thousands,3,v8683,7.6,0,,,t,0
1970,Ontario,2016A000235,Operating expenses and depreciation charges,Dollars,81,thousands,3,v8684,7.7,1082042,,,t,0
1970,Manitoba,2016A000246,Income-in-kind,Dollars,81,thousands,3,v8695,8.5,9600,,,,0
1970,Manitoba,2016A000246,Realized net income,Dollars,81,thousands,3,v8698,8.8,103959,,,,0
1970,Manitoba,2016A000246,"Gross income, total",Dollars,81,thousands,3,v8691,8.1,335842,,,t,0
1970,Manitoba,2016A000246,Value of inventory change,Dollars,81,thousands,3,v8692,8.2,-15185,,,,0
1970,Manitoba,2016A000246,"Net income, total",Dollars,81,thousands,3,v8699,8.9,88774,,,,0
1970,Manitoba,2016A000246,Realized gross income,Dollars,81,thousands,3,v8693,8.3,351027,,,t,0
1970,Manitoba,2016A000246,Cash receipts from farm products,Dollars,81,thousands,3,v8694,8.4,335731,,,t,0
1970,Manitoba,2016A000246,Supplementary payments,Dollars,81,thousands,3,v8696,8.6,5696,,,t,0
1970,Manitoba,2016A000246,Operating expenses and depreciation charges,Dollars,81,thousands,3,v8697,8.7,247068,,,t,0
1970,Saskatchewan,2016A000247,Income-in-kind,Dollars,81,thousands,3,v8708,9.5,18985,,,,0
1970,Saskatchewan,2016A000247,Realized net income,Dollars,81,thousands,3,v8711,9.8,221674,,,,0
1970,Saskatchewan,2016A000247,"Gross income, total",Dollars,81,thousands,3,v8704,9.1,761556,,,t,0
1970,Saskatchewan,2016A000247,Value of inventory change,Dollars,81,thousands,3,v8705,9.2,19325,,,,0
1970,Saskatchewan,2016A000247,"Net income, total",Dollars,81,thousands,3,v8712,9.9,240999,,,,0
1970,Saskatchewan,2016A000247,Realized gross income,Dollars,81,thousands,3,v8706,9.3,742231,,,t,0
1970,Saskatchewan,2016A000247,Cash receipts from farm products,Dollars,81,thousands,3,v8707,9.4,686057,,,t,0
1970,Saskatchewan,2016A000247,Supplementary payments,Dollars,81,thousands,3,v8709,9.6,37189,,,t,0
1970,Saskatchewan,2016A000247,Operating expenses and depreciation charges,Dollars,81,thousands,3,v8710,9.7,520557,,,t,0
1970,Alberta,2016A000248,Income-in-kind,Dollars,81,thousands,3,v8721,10.5,17217,,,,0
1970,Alberta,2016A000248,Realized net income,Dollars,81,thousands,3,v8724,10.8,186910,,,,0
1970,Alberta,2016A000248,"Gross income, total",Dollars,81,thousands,3,v8717,10.1,768930,,,t,0
1970,Alberta,2016A000248,Value of inventory change,Dollars,81,thousands,3,v8718,10.2,32147,,,,0
1970,Alberta,2016A000248,"Net income, total",Dollars,81,thousands,3,v8725,10.9,219057,,,,0
1970,Alberta,2016A000248,Realized gross income,Dollars,81,thousands,3,v8719,10.3,736783,,,t,0
1970,Alberta,2016A000248,Cash receipts from farm products,Dollars,81,thousands,3,v8720,10.4,705073,,,t,0
1970,Alberta,2016A000248,Supplementary payments,Dollars,81,thousands,3,v8722,10.6,14493,,,t,0
1970,Alberta,2016A000248,Operating expenses and depreciation charges,Dollars,81,thousands,3,v8723,10.7,549873,,,t,0
1970,British Columbia,2016A000259,Income-in-kind,Dollars,81,thousands,3,v8734,11.5,6142,,,,0
1970,British Columbia,2016A000259,Realized net income,Dollars,81,thousands,3,v8737,11.8,49212,,,,0
1970,British Columbia,2016A000259,"Gross income, total",Dollars,81,thousands,3,v8730,11.1,228651,,,t,0
1970,British Columbia,2016A000259,Value of inventory change,Dollars,81,thousands,3,v8731,11.2,4918,,,,0
1970,British Columbia,2016A000259,"Net income, total",Dollars,81,thousands,3,v8738,11.9,54130,,,,0
1970,British Columbia,2016A000259,Realized gross income,Dollars,81,thousands,3,v8732,11.3,223733,,,t,0
1970,British Columbia,2016A000259,Cash receipts from farm products,Dollars,81,thousands,3,v8733,11.4,216762,,,t,0
1970,British Columbia,2016A000259,Supplementary payments,Dollars,81,thousands,3,v8735,11.6,829,,,t,0
1970,British Columbia,2016A000259,Operating expenses and depreciation charges,Dollars,81,thousands,3,v8736,11.7,174521,,,t,0
1971,Canada,2016A000011124,"Cash receipts, total",Dollars,81,thousands,3,v8622,1.1,4653097,,,,0
1971,Canada,2016A000011124,Operating expenses after rebates,Dollars,81,thousands,3,v8623,1.11,2976268,,,,0
1971,Canada,2016A000011124,Net cash income,Dollars,81,thousands,3,v8624,1.12,1676829,,,,0
1971,Canada,2016A000011124,Income-in-kind,Dollars,81,thousands,3,v8617,1.5,113405,,,,0
1971,Canada,2016A000011124,Depreciation charges,Dollars,81,thousands,3,v8625,1.13,560824,,,,0
1971,Canada,2016A000011124,Realized net income,Dollars,81,thousands,3,v8620,1.8,1229410,,,,0
1971,Canada,2016A000011124,Value of inventory change,Dollars,81,thousands,3,v8614,1.2,85611,,,,0
1971,Canada,2016A000011124,"Net income, total",Dollars,81,thousands,3,v8621,1.9,1315021,,,,0
1971,Newfoundland and Labrador,2016A000210,"Cash receipts, total",Dollars,81,thousands,3,v8076,2.1,0,,,,0
1971,Newfoundland and Labrador,2016A000210,Operating expenses after rebates,Dollars,81,thousands,3,v8077,2.11,0,,,,0
1971,Newfoundland and Labrador,2016A000210,Net cash income,Dollars,81,thousands,3,v8078,2.12,0,,,,0
1971,Newfoundland and Labrador,2016A000210,Income-in-kind,Dollars,81,thousands,3,v8073,2.5,0,,,,0
1971,Newfoundland and Labrador,2016A000210,Depreciation charges,Dollars,81,thousands,3,v8079,2.13,0,,,,0
1971,Newfoundland and Labrador,2016A000210,Realized net income,Dollars,81,thousands,3,v8074,2.8,0,,,,0
1971,Newfoundland and Labrador,2016A000210,Value of inventory change,Dollars,81,thousands,3,v8072,2.2,0,,,,0
1971,Newfoundland and Labrador,2016A000210,"Net income, total",Dollars,81,thousands,3,v8075,2.9,0,,,,0
1971,Prince Edward Island,2016A000211,"Cash receipts, total",Dollars,81,thousands,3,v8635,3.1,38571,,,,0
1971,Prince Edward Island,2016A000211,Operating expenses after rebates,Dollars,81,thousands,3,v8636,3.11,30874,,,,0
1971,Prince Edward Island,2016A000211,Net cash income,Dollars,81,thousands,3,v8637,3.12,7697,,,,0
1971,Prince Edward Island,2016A000211,Income-in-kind,Dollars,81,thousands,3,v8630,3.5,1358,,,,0
1971,Prince Edward Island,2016A000211,Depreciation charges,Dollars,81,thousands,3,v8638,3.13,4733,,,,0
1971,Prince Edward Island,2016A000211,Realized net income,Dollars,81,thousands,3,v8633,3.8,4322,,,,0
1971,Prince Edward Island,2016A000211,Value of inventory change,Dollars,81,thousands,3,v8627,3.2,-2076,,,,0
1971,Prince Edward Island,2016A000211,"Net income, total",Dollars,81,thousands,3,v8634,3.9,2246,,,,0
1971,Nova Scotia,2016A000212,"Cash receipts, total",Dollars,81,thousands,3,v8648,4.1,64649,,,,0
1971,Nova Scotia,2016A000212,Operating expenses after rebates,Dollars,81,thousands,3,v8649,4.11,50371,,,,0
1971,Nova Scotia,2016A000212,Net cash income,Dollars,81,thousands,3,v8650,4.12,14278,,,,0
1971,Nova Scotia,2016A000212,Income-in-kind,Dollars,81,thousands,3,v8643,4.5,2134,,,,0
1971,Nova Scotia,2016A000212,Depreciation charges,Dollars,81,thousands,3,v8651,4.13,5713,,,,0
1971,Nova Scotia,2016A000212,Realized net income,Dollars,81,thousands,3,v8646,4.8,10699,,,,0
1971,Nova Scotia,2016A000212,Value of inventory change,Dollars,81,thousands,3,v8640,4.2,-1269,,,,0
1971,Nova Scotia,2016A000212,"Net income, total",Dollars,81,thousands,3,v8647,4.9,9430,,,,0
1971,New Brunswick,2016A000213,"Cash receipts, total",Dollars,81,thousands,3,v8661,5.1,52761,,,,0
1971,New Brunswick,2016A000213,Operating expenses after rebates,Dollars,81,thousands,3,v8662,5.11,37681,,,,0
1971,New Brunswick,2016A000213,Net cash income,Dollars,81,thousands,3,v8663,5.12,15080,,,,0
1971,New Brunswick,2016A000213,Income-in-kind,Dollars,81,thousands,3,v8656,5.5,1891,,,,0
1971,New Brunswick,2016A000213,Depreciation charges,Dollars,81,thousands,3,v8664,5.13,5156,,,,0
1971,New Brunswick,2016A000213,Realized net income,Dollars,81,thousands,3,v8659,5.8,11815,,,,0
1971,New Brunswick,2016A000213,Value of inventory change,Dollars,81,thousands,3,v8653,5.2,1192,,,,0
1971,New Brunswick,2016A000213,"Net income, total",Dollars,81,thousands,3,v8660,5.9,13007,,,,0
1971,Quebec,2016A000224,"Cash receipts, total",Dollars,81,thousands,3,v8674,6.1,689912,,,,0
1971,Quebec,2016A000224,Operating expenses after rebates,Dollars,81,thousands,3,v8675,6.11,463051,,,,0
1971,Quebec,2016A000224,Net cash income,Dollars,81,thousands,3,v8676,6.12,226861,,,,0
1971,Quebec,2016A000224,Income-in-kind,Dollars,81,thousands,3,v8669,6.5,29917,,,,0
1971,Quebec,2016A000224,Depreciation charges,Dollars,81,thousands,3,v8677,6.13,60008,,,,0
1971,Quebec,2016A000224,Realized net income,Dollars,81,thousands,3,v8672,6.8,196770,,,,0
1971,Quebec,2016A000224,Value of inventory change,Dollars,81,thousands,3,v8666,6.2,-13149,,,,0
1971,Quebec,2016A000224,"Net income, total",Dollars,81,thousands,3,v8673,6.9,183621,,,,0
1971,Ontario,2016A000235,"Cash receipts, total",Dollars,81,thousands,3,v8687,7.1,1437813,,,,0
1971,Ontario,2016A000235,Operating expenses after rebates,Dollars,81,thousands,3,v8688,7.11,1033377,,,,0
1971,Ontario,2016A000235,Net cash income,Dollars,81,thousands,3,v8689,7.12,404436,,,,0
1971,Ontario,2016A000235,Income-in-kind,Dollars,81,thousands,3,v8682,7.5,29305,,,,0
1971,Ontario,2016A000235,Depreciation charges,Dollars,81,thousands,3,v8690,7.13,153424,,,,0
1971,Ontario,2016A000235,Realized net income,Dollars,81,thousands,3,v8685,7.8,280317,,,,0
1971,Ontario,2016A000235,Value of inventory change,Dollars,81,thousands,3,v8679,7.2,1712,,,,0
1971,Ontario,2016A000235,"Net income, total",Dollars,81,thousands,3,v8686,7.9,282029,,,,0
1971,Manitoba,2016A000246,"Cash receipts, total",Dollars,81,thousands,3,v8700,8.1,378449,,,,0
1971,Manitoba,2016A000246,Operating expenses after rebates,Dollars,81,thousands,3,v8701,8.11,223880,,,,0
1971,Manitoba,2016A000246,Net cash income,Dollars,81,thousands,3,v8702,8.12,154569,,,,0
1971,Manitoba,2016A000246,Income-in-kind,Dollars,81,thousands,3,v8695,8.5,8624,,,,0
1971,Manitoba,2016A000246,Depreciation charges,Dollars,81,thousands,3,v8703,8.13,54375,,,,0
1971,Manitoba,2016A000246,Realized net income,Dollars,81,thousands,3,v8698,8.8,108818,,,,0
1971,Manitoba,2016A000246,Value of inventory change,Dollars,81,thousands,3,v8692,8.2,39063,,,,0
1971,Manitoba,2016A000246,"Net income, total",Dollars,81,thousands,3,v8699,8.9,147881,,,,0
1971,Saskatchewan,2016A000247,"Cash receipts, total",Dollars,81,thousands,3,v8713,9.1,955296,,,,0
1971,Saskatchewan,2016A000247,Operating expenses after rebates,Dollars,81,thousands,3,v8714,9.11,456671,,,,0
1971,Saskatchewan,2016A000247,Net cash income,Dollars,81,thousands,3,v8715,9.12,498625,,,,0
1971,Saskatchewan,2016A000247,Income-in-kind,Dollars,81,thousands,3,v8708,9.5,17877,,,,0
1971,Saskatchewan,2016A000247,Depreciation charges,Dollars,81,thousands,3,v8716,9.13,134161,,,,0
1971,Saskatchewan,2016A000247,Realized net income,Dollars,81,thousands,3,v8711,9.8,382341,,,,0
1971,Saskatchewan,2016A000247,Value of inventory change,Dollars,81,thousands,3,v8705,9.2,55807,,,,0
1971,Saskatchewan,2016A000247,"Net income, total",Dollars,81,thousands,3,v8712,9.9,438148,,,,0
1971,Alberta,2016A000248,"Cash receipts, total",Dollars,81,thousands,3,v8726,10.1,813577,,,,0
1971,Alberta,2016A000248,Operating expenses after rebates,Dollars,81,thousands,3,v8727,10.11,501724,,,,0
1971,Alberta,2016A000248,Net cash income,Dollars,81,thousands,3,v8728,10.12,311853,,,,0
1971,Alberta,2016A000248,Income-in-kind,Dollars,81,thousands,3,v8721,10.5,16122,,,,0
1971,Alberta,2016A000248,Depreciation charges,Dollars,81,thousands,3,v8729,10.13,122192,,,,0
1971,Alberta,2016A000248,Realized net income,Dollars,81,thousands,3,v8724,10.8,205783,,,,0
1971,Alberta,2016A000248,Value of inventory change,Dollars,81,thousands,3,v8718,10.2,-1749,,,,0
1971,Alberta,2016A000248,"Net income, total",Dollars,81,thousands,3,v8725,10.9,204034,,,,0
1971,British Columbia,2016A000259,"Cash receipts, total",Dollars,81,thousands,3,v8739,11.1,222069,,,,0
1971,British Columbia,2016A000259,Operating expenses after rebates,Dollars,81,thousands,3,v8740,11.11,178639,,,,0
1971,British Columbia,2016A000259,Net cash income,Dollars,81,thousands,3,v8741,11.12,43430,,,,0
1971,British Columbia,2016A000259,Income-in-kind,Dollars,81,thousands,3,v8734,11.5,6177,,,,0
1971,British Columbia,2016A000259,Depreciation charges,Dollars,81,thousands,3,v8742,11.13,21062,,,,0
1971,British Columbia,2016A000259,Realized net income,Dollars,81,thousands,3,v8737,11.8,28545,,,,0
1971,British Columbia,2016A000259,Value of inventory change,Dollars,81,thousands,3,v8731,11.2,6080,,,,0
1971,British Columbia,2016A000259,"Net income, total",Dollars,81,thousands,3,v8738,11.9,34625,,,,0
1972,Canada,2016A000011124,"Cash receipts, total",Dollars,81,thousands,3,v8622,1.1,5565268,,,,0
1972,Canada,2016A000011124,Operating expenses after rebates,Dollars,81,thousands,3,v8623,1.11,3315290,,,,0
1972,Canada,2016A000011124,Net cash income,Dollars,81,thousands,3,v8624,1.12,2249978,,,,0
1972,Canada,2016A000011124,Income-in-kind,Dollars,81,thousands,3,v8617,1.5,123183,,,,0
1972,Canada,2016A000011124,Depreciation charges,Dollars,81,thousands,3,v8625,1.13,594846,,,,0
1972,Canada,2016A000011124,Realized net income,Dollars,81,thousands,3,v8620,1.8,1778315,,,,0
1972,Canada,2016A000011124,Value of inventory change,Dollars,81,thousands,3,v8614,1.2,-291520,,,,0
1972,Canada,2016A000011124,"Net income, total",Dollars,81,thousands,3,v8621,1.9,1486795,,,,0
1972,Newfoundland and Labrador,2016A000210,"Cash receipts, total",Dollars,81,thousands,3,v8076,2.1,12667,,,,0
1972,Newfoundland and Labrador,2016A000210,Operating expenses after rebates,Dollars,81,thousands,3,v8077,2.11,8986,,,,0
1972,Newfoundland and Labrador,2016A000210,Net cash income,Dollars,81,thousands,3,v8078,2.12,3681,,,,0
1972,Newfoundland and Labrador,2016A000210,Income-in-kind,Dollars,81,thousands,3,v8073,2.5,226,,,,0
1972,Newfoundland and Labrador,2016A000210,Depreciation charges,Dollars,81,thousands,3,v8079,2.13,746,,,,0
1972,Newfoundland and Labrador,2016A000210,Realized net income,Dollars,81,thousands,3,v8074,2.8,3161,,,,0
1972,Newfoundland and Labrador,2016A000210,Value of inventory change,Dollars,81,thousands,3,v8072,2.2,0,,,,0
1972,Newfoundland and Labrador,2016A000210,"Net income, total",Dollars,81,thousands,3,v8075,2.9,3161,,,,0
1972,Prince Edward Island,2016A000211,"Cash receipts, total",Dollars,81,thousands,3,v8635,3.1,45142,,,,0
1972,Prince Edward Island,2016A000211,Operating expenses after rebates,Dollars,81,thousands,3,v8636,3.11,34469,,,,0
1972,Prince Edward Island,2016A000211,Net cash income,Dollars,81,thousands,3,v8637,3.12,10673,,,,0
1972,Prince Edward Island,2016A000211,Income-in-kind,Dollars,81,thousands,3,v8630,3.5,1474,,,,0
1972,Prince Edward Island,2016A000211,Depreciation charges,Dollars,81,thousands,3,v8638,3.13,5068,,,,0
1972,Prince Edward Island,2016A000211,Realized net income,Dollars,81,thousands,3,v8633,3.8,7079,,,,0
1972,Prince Edward Island,2016A000211,Value of inventory change,Dollars,81,thousands,3,v8627,3.2,-1236,,,,0
1972,Prince Edward Island,2016A000211,"Net income, total",Dollars,81,thousands,3,v8634,3.9,5843,,,,0
1972,Nova Scotia,2016A000212,"Cash receipts, total",Dollars,81,thousands,3,v8648,4.1,72481,,,,0
1972,Nova Scotia,2016A000212,Operating expenses after rebates,Dollars,81,thousands,3,v8649,4.11,53750,,,,0
1972,Nova Scotia,2016A000212,Net cash income,Dollars,81,thousands,3,v8650,4.12,18731,,,,0
1972,Nova Scotia,2016A000212,Income-in-kind,Dollars,81,thousands,3,v8643,4.5,2256,,,,0
1972,Nova Scotia,2016A000212,Depreciation charges,Dollars,81,thousands,3,v8651,4.13,6206,,,,0
1972,Nova Scotia,2016A000212,Realized net income,Dollars,81,thousands,3,v8646,4.8,14781,,,,0
1972,Nova Scotia,2016A000212,Value of inventory change,Dollars,81,thousands,3,v8640,4.2,234,,,,0
1972,Nova Scotia,2016A000212,"Net income, total",Dollars,81,thousands,3,v8647,4.9,15015,,,,0
1972,New Brunswick,2016A000213,"Cash receipts, total",Dollars,81,thousands,3,v8661,5.1,64802,,,,0
1972,New Brunswick,2016A000213,Operating expenses after rebates,Dollars,81,thousands,3,v8662,5.11,43671,,,,0
1972,New Brunswick,2016A000213,Net cash income,Dollars,81,thousands,3,v8663,5.12,21131,,,,0
1972,New Brunswick,2016A000213,Income-in-kind,Dollars,81,thousands,3,v8656,5.5,2322,,,,0
1972,New Brunswick,2016A000213,Depreciation charges,Dollars,81,thousands,3,v8664,5.13,5488,,,,0
1972,New Brunswick,2016A000213,Realized net income,Dollars,81,thousands,3,v8659,5.8,17965,,,,0
1972,New Brunswick,2016A000213,Value of inventory change,Dollars,81,thousands,3,v8653,5.2,-5998,,,,0
1972,New Brunswick,2016A000213,"Net income, total",Dollars,81,thousands,3,v8660,5.9,11967,,,,0
1972,Quebec,2016A000224,"Cash receipts, total",Dollars,81,thousands,3,v8674,6.1,799090,,,,0
1972,Quebec,2016A000224,Operating expenses after rebates,Dollars,81,thousands,3,v8675,6.11,503452,,,,0
1972,Quebec,2016A000224,Net cash income,Dollars,81,thousands,3,v8676,6.12,295638,,,,0
1972,Quebec,2016A000224,Income-in-kind,Dollars,81,thousands,3,v8669,6.5,34157,,,,0
1972,Quebec,2016A000224,Depreciation charges,Dollars,81,thousands,3,v8677,6.13,64416,,,,0
1972,Quebec,2016A000224,Realized net income,Dollars,81,thousands,3,v8672,6.8,265379,,,,0
1972,Quebec,2016A000224,Value of inventory change,Dollars,81,thousands,3,v8666,6.2,-5326,,,,0
1972,Quebec,2016A000224,"Net income, total",Dollars,81,thousands,3,v8673,6.9,260053,,,,0
1972,Ontario,2016A000235,"Cash receipts, total",Dollars,81,thousands,3,v8687,7.1,1647141,,,,0
1972,Ontario,2016A000235,Operating expenses after rebates,Dollars,81,thousands,3,v8688,7.11,1141642,,,,0
1972,Ontario,2016A000235,Net cash income,Dollars,81,thousands,3,v8689,7.12,505499,,,,0
1972,Ontario,2016A000235,Income-in-kind,Dollars,81,thousands,3,v8682,7.5,29931,,,,0
1972,Ontario,2016A000235,Depreciation charges,Dollars,81,thousands,3,v8690,7.13,165128,,,,0
1972,Ontario,2016A000235,Realized net income,Dollars,81,thousands,3,v8685,7.8,370302,,,,0
1972,Ontario,2016A000235,Value of inventory change,Dollars,81,thousands,3,v8679,7.2,-48662,,,,0
1972,Ontario,2016A000235,"Net income, total",Dollars,81,thousands,3,v8686,7.9,321640,,,,0
1972,Manitoba,2016A000246,"Cash receipts, total",Dollars,81,thousands,3,v8700,8.1,497583,,,,0
1972,Manitoba,2016A000246,Operating expenses after rebates,Dollars,81,thousands,3,v8701,8.11,262406,,,,0
1972,Manitoba,2016A000246,Net cash income,Dollars,81,thousands,3,v8702,8.12,235177,,,,0
1972,Manitoba,2016A000246,Income-in-kind,Dollars,81,thousands,3,v8695,8.5,9536,,,,0
1972,Manitoba,2016A000246,Depreciation charges,Dollars,81,thousands,3,v8703,8.13,56079,,,,0
1972,Manitoba,2016A000246,Realized net income,Dollars,81,thousands,3,v8698,8.8,188634,,,,0
1972,Manitoba,2016A000246,Value of inventory change,Dollars,81,thousands,3,v8692,8.2,-31967,,,,0
1972,Manitoba,2016A000246,"Net income, total",Dollars,81,thousands,3,v8699,8.9,156667,,,,0
1972,Saskatchewan,2016A000247,"Cash receipts, total",Dollars,81,thousands,3,v8713,9.1,1210802,,,,0
1972,Saskatchewan,2016A000247,Operating expenses after rebates,Dollars,81,thousands,3,v8714,9.11,502904,,,,0
1972,Saskatchewan,2016A000247,Net cash income,Dollars,81,thousands,3,v8715,9.12,707898,,,,0
1972,Saskatchewan,2016A000247,Income-in-kind,Dollars,81,thousands,3,v8708,9.5,19557,,,,0
1972,Saskatchewan,2016A000247,Depreciation charges,Dollars,81,thousands,3,v8716,9.13,140042,,,,0
1972,Saskatchewan,2016A000247,Realized net income,Dollars,81,thousands,3,v8711,9.8,587413,,,,0
1972,Saskatchewan,2016A000247,Value of inventory change,Dollars,81,thousands,3,v8705,9.2,-220768,,,,0
1972,Saskatchewan,2016A000247,"Net income, total",Dollars,81,thousands,3,v8712,9.9,366645,,,,0
1972,Alberta,2016A000248,"Cash receipts, total",Dollars,81,thousands,3,v8726,10.1,964657,,,,0
1972,Alberta,2016A000248,Operating expenses after rebates,Dollars,81,thousands,3,v8727,10.11,574599,,,,0
1972,Alberta,2016A000248,Net cash income,Dollars,81,thousands,3,v8728,10.12,390058,,,,0
1972,Alberta,2016A000248,Income-in-kind,Dollars,81,thousands,3,v8721,10.5,17348,,,,0
1972,Alberta,2016A000248,Depreciation charges,Dollars,81,thousands,3,v8729,10.13,129528,,,,0
1972,Alberta,2016A000248,Realized net income,Dollars,81,thousands,3,v8724,10.8,277878,,,,0
1972,Alberta,2016A000248,Value of inventory change,Dollars,81,thousands,3,v8718,10.2,17530,,,,0
1972,Alberta,2016A000248,"Net income, total",Dollars,81,thousands,3,v8725,10.9,295408,,,,0
1972,British Columbia,2016A000259,"Cash receipts, total",Dollars,81,thousands,3,v8739,11.1,250903,,,,0
1972,British Columbia,2016A000259,Operating expenses after rebates,Dollars,81,thousands,3,v8740,11.11,189411,,,,0
1972,British Columbia,2016A000259,Net cash income,Dollars,81,thousands,3,v8741,11.12,61492,,,,0
1972,British Columbia,2016A000259,Income-in-kind,Dollars,81,thousands,3,v8734,11.5,6376,,,,0
1972,British Columbia,2016A000259,Depreciation charges,Dollars,81,thousands,3,v8742,11.13,22145,,,,0
1972,British Columbia,2016A000259,Realized net income,Dollars,81,thousands,3,v8737,11.8,45723,,,,0
1972,British Columbia,2016A000259,Value of inventory change,Dollars,81,thousands,3,v8731,11.2,4673,,,,0
1972,British Columbia,2016A000259,"Net income, total",Dollars,81,thousands,3,v8738,11.9,50396,,,,0
1973,Canada,2016A000011124,"Cash receipts, total",Dollars,81,thousands,3,v8622,1.1,7031777,,,,0
1973,Canada,2016A000011124,Operating expenses after rebates,Dollars,81,thousands,3,v8623,1.11,4087220,,,,0
1973,Canada,2016A000011124,Net cash income,Dollars,81,thousands,3,v8624,1.12,2944557,,,,0
1973,Canada,2016A000011124,Income-in-kind,Dollars,81,thousands,3,v8617,1.5,160785,,,,0
1973,Canada,2016A000011124,Depreciation charges,Dollars,81,thousands,3,v8625,1.13,666395,,,,0
1973,Canada,2016A000011124,Realized net income,Dollars,81,thousands,3,v8620,1.8,2438947,,,,0
1973,Canada,2016A000011124,Value of inventory change,Dollars,81,thousands,3,v8614,1.2,577839,,,,0
1973,Canada,2016A000011124,"Net income, total",Dollars,81,thousands,3,v8621,1.9,3016786,,,,0
1973,Newfoundland and Labrador,2016A000210,"Cash receipts, total",Dollars,81,thousands,3,v8076,2.1,15683,,,,0
1973,Newfoundland and Labrador,2016A000210,Operating expenses after rebates,Dollars,81,thousands,3,v8077,2.11,10851,,,,0
1973,Newfoundland and Labrador,2016A000210,Net cash income,Dollars,81,thousands,3,v8078,2.12,4832,,,,0
1973,Newfoundland and Labrador,2016A000210,Income-in-kind,Dollars,81,thousands,3,v8073,2.5,239,,,,0
1973,Newfoundland and Labrador,2016A000210,Depreciation charges,Dollars,81,thousands,3,v8079,2.13,845,,,,0
1973,Newfoundland and Labrador,2016A000210,Realized net income,Dollars,81,thousands,3,v8074,2.8,4226,,,,0
1973,Newfoundland and Labrador,2016A000210,Value of inventory change,Dollars,81,thousands,3,v8072,2.2,0,,,,0
1973,Newfoundland and Labrador,2016A000210,"Net income, total",Dollars,81,thousands,3,v8075,2.9,4226,,,,0
1973,Prince Edward Island,2016A000211,"Cash receipts, total",Dollars,81,thousands,3,v8635,3.1,73399,,,,0
1973,Prince Edward Island,2016A000211,Operating expenses after rebates,Dollars,81,thousands,3,v8636,3.11,40204,,,,0
1973,Prince Edward Island,2016A000211,Net cash income,Dollars,81,thousands,3,v8637,3.12,33195,,,,0
1973,Prince Edward Island,2016A000211,Income-in-kind,Dollars,81,thousands,3,v8630,3.5,1659,,,,0
1973,Prince Edward Island,2016A000211,Depreciation charges,Dollars,81,thousands,3,v8638,3.13,5571,,,,0
1973,Prince Edward Island,2016A000211,Realized net income,Dollars,81,thousands,3,v8633,3.8,29283,,,,0
1973,Prince Edward Island,2016A000211,Value of inventory change,Dollars,81,thousands,3,v8627,3.2,2536,,,,0
1973,Prince Edward Island,2016A000211,"Net income, total",Dollars,81,thousands,3,v8634,3.9,31819,,,,0
1973,Nova Scotia,2016A000212,"Cash receipts, total",Dollars,81,thousands,3,v8648,4.1,97134,,,,0
1973,Nova Scotia,2016A000212,Operating expenses after rebates,Dollars,81,thousands,3,v8649,4.11,68005,,,,0
1973,Nova Scotia,2016A000212,Net cash income,Dollars,81,thousands,3,v8650,4.12,29129,,,,0
1973,Nova Scotia,2016A000212,Income-in-kind,Dollars,81,thousands,3,v8643,4.5,3267,,,,0
1973,Nova Scotia,2016A000212,Depreciation charges,Dollars,81,thousands,3,v8651,4.13,6970,,,,0
1973,Nova Scotia,2016A000212,Realized net income,Dollars,81,thousands,3,v8646,4.8,25426,,,,0
1973,Nova Scotia,2016A000212,Value of inventory change,Dollars,81,thousands,3,v8640,4.2,76,,,,0
1973,Nova Scotia,2016A000212,"Net income, total",Dollars,81,thousands,3,v8647,4.9,25502,,,,0
1973,New Brunswick,2016A000213,"Cash receipts, total",Dollars,81,thousands,3,v8661,5.1,94292,,,,0
1973,New Brunswick,2016A000213,Operating expenses after rebates,Dollars,81,thousands,3,v8662,5.11,49932,,,,0
1973,New Brunswick,2016A000213,Net cash income,Dollars,81,thousands,3,v8663,5.12,44360,,,,0
1973,New Brunswick,2016A000213,Income-in-kind,Dollars,81,thousands,3,v8656,5.5,2633,,,,0
1973,New Brunswick,2016A000213,Depreciation charges,Dollars,81,thousands,3,v8664,5.13,6006,,,,0
1973,New Brunswick,2016A000213,Realized net income,Dollars,81,thousands,3,v8659,5.8,40987,,,,0
1973,New Brunswick,2016A000213,Value of inventory change,Dollars,81,thousands,3,v8653,5.2,-2701,,,,0
1973,New Brunswick,2016A000213,"Net income, total",Dollars,81,thousands,3,v8660,5.9,38286,,,,0
1973,Quebec,2016A000224,"Cash receipts, total",Dollars,81,thousands,3,v8674,6.1,978635,,,,0
1973,Quebec,2016A000224,Operating expenses after rebates,Dollars,81,thousands,3,v8675,6.11,647561,,,,0
1973,Quebec,2016A000224,Net cash income,Dollars,81,thousands,3,v8676,6.12,331074,,,,0
1973,Quebec,2016A000224,Income-in-kind,Dollars,81,thousands,3,v8669,6.5,48769,,,,0
1973,Quebec,2016A000224,Depreciation charges,Dollars,81,thousands,3,v8677,6.13,70874,,,,0
1973,Quebec,2016A000224,Realized net income,Dollars,81,thousands,3,v8672,6.8,308969,,,,0
1973,Quebec,2016A000224,Value of inventory change,Dollars,81,thousands,3,v8666,6.2,18268,,,,0
1973,Quebec,2016A000224,"Net income, total",Dollars,81,thousands,3,v8673,6.9,327237,,,,0
1973,Ontario,2016A000235,"Cash receipts, total",Dollars,81,thousands,3,v8687,7.1,2080210,,,,0
1973,Ontario,2016A000235,Operating expenses after rebates,Dollars,81,thousands,3,v8688,7.11,1361207,,,,0
1973,Ontario,2016A000235,Net cash income,Dollars,81,thousands,3,v8689,7.12,719003,,,,0
1973,Ontario,2016A000235,Income-in-kind,Dollars,81,thousands,3,v8682,7.5,41053,,,,0
1973,Ontario,2016A000235,Depreciation charges,Dollars,81,thousands,3,v8690,7.13,189982,,,,0
1973,Ontario,2016A000235,Realized net income,Dollars,81,thousands,3,v8685,7.8,570074,,,,0
1973,Ontario,2016A000235,Value of inventory change,Dollars,81,thousands,3,v8679,7.2,89826,,,,0
1973,Ontario,2016A000235,"Net income, total",Dollars,81,thousands,3,v8686,7.9,659900,,,,0
1973,Manitoba,2016A000246,"Cash receipts, total",Dollars,81,thousands,3,v8700,8.1,629592,,,,0
1973,Manitoba,2016A000246,Operating expenses after rebates,Dollars,81,thousands,3,v8701,8.11,320769,,,,0
1973,Manitoba,2016A000246,Net cash income,Dollars,81,thousands,3,v8702,8.12,308823,,,,0
1973,Manitoba,2016A000246,Income-in-kind,Dollars,81,thousands,3,v8695,8.5,11615,,,,0
1973,Manitoba,2016A000246,Depreciation charges,Dollars,81,thousands,3,v8703,8.13,61078,,,,0
1973,Manitoba,2016A000246,Realized net income,Dollars,81,thousands,3,v8698,8.8,259360,,,,0
1973,Manitoba,2016A000246,Value of inventory change,Dollars,81,thousands,3,v8692,8.2,95401,,,,0
1973,Manitoba,2016A000246,"Net income, total",Dollars,81,thousands,3,v8699,8.9,354761,,,,0
1973,Saskatchewan,2016A000247,"Cash receipts, total",Dollars,81,thousands,3,v8713,9.1,1469835,,,,0
1973,Saskatchewan,2016A000247,Operating expenses after rebates,Dollars,81,thousands,3,v8714,9.11,627503,,,,0
1973,Saskatchewan,2016A000247,Net cash income,Dollars,81,thousands,3,v8715,9.12,842332,,,,0
1973,Saskatchewan,2016A000247,Income-in-kind,Dollars,81,thousands,3,v8708,9.5,23240,,,,0
1973,Saskatchewan,2016A000247,Depreciation charges,Dollars,81,thousands,3,v8716,9.13,155762,,,,0
1973,Saskatchewan,2016A000247,Realized net income,Dollars,81,thousands,3,v8711,9.8,709810,,,,0
1973,Saskatchewan,2016A000247,Value of inventory change,Dollars,81,thousands,3,v8705,9.2,159944,,,,0
1973,Saskatchewan,2016A000247,"Net income, total",Dollars,81,thousands,3,v8712,9.9,869754,,,,0
1973,Alberta,2016A000248,"Cash receipts, total",Dollars,81,thousands,3,v8726,10.1,1244470,,,,0
1973,Alberta,2016A000248,Operating expenses after rebates,Dollars,81,thousands,3,v8727,10.11,723777,,,,0
1973,Alberta,2016A000248,Net cash income,Dollars,81,thousands,3,v8728,10.12,520693,,,,0
1973,Alberta,2016A000248,Income-in-kind,Dollars,81,thousands,3,v8721,10.5,20754,,,,0
1973,Alberta,2016A000248,Depreciation charges,Dollars,81,thousands,3,v8729,10.13,144529,,,,0
1973,Alberta,2016A000248,Realized net income,Dollars,81,thousands,3,v8724,10.8,396918,,,,0
1973,Alberta,2016A000248,Value of inventory change,Dollars,81,thousands,3,v8718,10.2,202476,,,,0
1973,Alberta,2016A000248,"Net income, total",Dollars,81,thousands,3,v8725,10.9,599394,,,,0
1973,British Columbia,2016A000259,"Cash receipts, total",Dollars,81,thousands,3,v8739,11.1,348527,,,,0
1973,British Columbia,2016A000259,Operating expenses after rebates,Dollars,81,thousands,3,v8740,11.11,237411,,,,0
1973,British Columbia,2016A000259,Net cash income,Dollars,81,thousands,3,v8741,11.12,111116,,,,0
1973,British Columbia,2016A000259,Income-in-kind,Dollars,81,thousands,3,v8734,11.5,7556,,,,0
1973,British Columbia,2016A000259,Depreciation charges,Dollars,81,thousands,3,v8742,11.13,24778,,,,0
1973,British Columbia,2016A000259,Realized net income,Dollars,81,thousands,3,v8737,11.8,93894,,,,0
1973,British Columbia,2016A000259,Value of inventory change,Dollars,81,thousands,3,v8731,11.2,12013,,,,0
1973,British Columbia,2016A000259,"Net income, total",Dollars,81,thousands,3,v8738,11.9,105907,,,,0
1974,Canada,2016A000011124,"Cash receipts, total",Dollars,81,thousands,3,v8622,1.1,9039510,,,,0
1974,Canada,2016A000011124,Operating expenses after rebates,Dollars,81,thousands,3,v8623,1.11,4987677,,,,0
1974,Canada,2016A000011124,Net cash income,Dollars,81,thousands,3,v8624,1.12,4051833,,,,0
1974,Canada,2016A000011124,Income-in-kind,Dollars,81,thousands,3,v8617,1.5,143483,,,,0
1974,Canada,2016A000011124,Depreciation charges,Dollars,81,thousands,3,v8625,1.13,850730,,,,0
1974,Canada,2016A000011124,Realized net income,Dollars,81,thousands,3,v8620,1.8,3344586,,,,0
1974,Canada,2016A000011124,Value of inventory change,Dollars,81,thousands,3,v8614,1.2,-58930,,,,0
1974,Canada,2016A000011124,"Net income, total",Dollars,81,thousands,3,v8621,1.9,3285656,,,,0
1974,Newfoundland and Labrador,2016A000210,"Cash receipts, total",Dollars,81,thousands,3,v8076,2.1,18057,,,,0
1974,Newfoundland and Labrador,2016A000210,Operating expenses after rebates,Dollars,81,thousands,3,v8077,2.11,12105,,,,0
1974,Newfoundland and Labrador,2016A000210,Net cash income,Dollars,81,thousands,3,v8078,2.12,5952,,,,0
1974,Newfoundland and Labrador,2016A000210,Income-in-kind,Dollars,81,thousands,3,v8073,2.5,249,,,,0
1974,Newfoundland and Labrador,2016A000210,Depreciation charges,Dollars,81,thousands,3,v8079,2.13,1059,,,,0
1974,Newfoundland and Labrador,2016A000210,Realized net income,Dollars,81,thousands,3,v8074,2.8,5142,,,,0
1974,Newfoundland and Labrador,2016A000210,Value of inventory change,Dollars,81,thousands,3,v8072,2.2,0,,,,0
1974,Newfoundland and Labrador,2016A000210,"Net income, total",Dollars,81,thousands,3,v8075,2.9,5142,,,,0
1974,Prince Edward Island,2016A000211,"Cash receipts, total",Dollars,81,thousands,3,v8635,3.1,86065,,,,0
1974,Prince Edward Island,2016A000211,Operating expenses after rebates,Dollars,81,thousands,3,v8636,3.11,50426,,,,0
1974,Prince Edward Island,2016A000211,Net cash income,Dollars,81,thousands,3,v8637,3.12,35639,,,,0
1974,Prince Edward Island,2016A000211,Income-in-kind,Dollars,81,thousands,3,v8630,3.5,1665,,,,0
1974,Prince Edward Island,2016A000211,Depreciation charges,Dollars,81,thousands,3,v8638,3.13,6853,,,,0
1974,Prince Edward Island,2016A000211,Realized net income,Dollars,81,thousands,3,v8633,3.8,30451,,,,0
1974,Prince Edward Island,2016A000211,Value of inventory change,Dollars,81,thousands,3,v8627,3.2,20472,,,,0
1974,Prince Edward Island,2016A000211,"Net income, total",Dollars,81,thousands,3,v8634,3.9,50923,,,,0
1974,Nova Scotia,2016A000212,"Cash receipts, total",Dollars,81,thousands,3,v8648,4.1,102674,,,,0
1974,Nova Scotia,2016A000212,Operating expenses after rebates,Dollars,81,thousands,3,v8649,4.11,81826,,,,0
1974,Nova Scotia,2016A000212,Net cash income,Dollars,81,thousands,3,v8650,4.12,20848,,,,0
1974,Nova Scotia,2016A000212,Income-in-kind,Dollars,81,thousands,3,v8643,4.5,2936,,,,0
1974,Nova Scotia,2016A000212,Depreciation charges,Dollars,81,thousands,3,v8651,4.13,8608,,,,0
1974,Nova Scotia,2016A000212,Realized net income,Dollars,81,thousands,3,v8646,4.8,15176,,,,0
1974,Nova Scotia,2016A000212,Value of inventory change,Dollars,81,thousands,3,v8640,4.2,1679,,,,0
1974,Nova Scotia,2016A000212,"Net income, total",Dollars,81,thousands,3,v8647,4.9,16855,,,,0
1974,New Brunswick,2016A000213,"Cash receipts, total",Dollars,81,thousands,3,v8661,5.1,103876,,,,0
1974,New Brunswick,2016A000213,Operating expenses after rebates,Dollars,81,thousands,3,v8662,5.11,60994,,,,0
1974,New Brunswick,2016A000213,Net cash income,Dollars,81,thousands,3,v8663,5.12,42882,,,,0
1974,New Brunswick,2016A000213,Income-in-kind,Dollars,81,thousands,3,v8656,5.5,2421,,,,0
1974,New Brunswick,2016A000213,Depreciation charges,Dollars,81,thousands,3,v8664,5.13,7318,,,,0
1974,New Brunswick,2016A000213,Realized net income,Dollars,81,thousands,3,v8659,5.8,37985,,,,0
1974,New Brunswick,2016A000213,Value of inventory change,Dollars,81,thousands,3,v8653,5.2,15134,,,,0
1974,New Brunswick,2016A000213,"Net income, total",Dollars,81,thousands,3,v8660,5.9,53119,,,,0
1974,Quebec,2016A000224,"Cash receipts, total",Dollars,81,thousands,3,v8674,6.1,1178908,,,,0
1974,Quebec,2016A000224,Operating expenses after rebates,Dollars,81,thousands,3,v8675,6.11,791584,,,,0
1974,Quebec,2016A000224,Net cash income,Dollars,81,thousands,3,v8676,6.12,387324,,,,0
1974,Quebec,2016A000224,Income-in-kind,Dollars,81,thousands,3,v8669,6.5,41641,,,,0
1974,Quebec,2016A000224,Depreciation charges,Dollars,81,thousands,3,v8677,6.13,83544,,,,0
1974,Quebec,2016A000224,Realized net income,Dollars,81,thousands,3,v8672,6.8,345421,,,,0
1974,Quebec,2016A000224,Value of inventory change,Dollars,81,thousands,3,v8666,6.2,22590,,,,0
1974,Quebec,2016A000224,"Net income, total",Dollars,81,thousands,3,v8673,6.9,368011,,,,0
1974,Ontario,2016A000235,"Cash receipts, total",Dollars,81,thousands,3,v8687,7.1,2471584,,,,0
1974,Ontario,2016A000235,Operating expenses after rebates,Dollars,81,thousands,3,v8688,7.11,1581664,,,,0
1974,Ontario,2016A000235,Net cash income,Dollars,81,thousands,3,v8689,7.12,889920,,,,0
1974,Ontario,2016A000235,Income-in-kind,Dollars,81,thousands,3,v8682,7.5,38497,,,,0
1974,Ontario,2016A000235,Depreciation charges,Dollars,81,thousands,3,v8690,7.13,239869,,,,0
1974,Ontario,2016A000235,Realized net income,Dollars,81,thousands,3,v8685,7.8,688548,,,,0
1974,Ontario,2016A000235,Value of inventory change,Dollars,81,thousands,3,v8679,7.2,-36129,,,,0
1974,Ontario,2016A000235,"Net income, total",Dollars,81,thousands,3,v8686,7.9,652419,,,,0
1974,Manitoba,2016A000246,"Cash receipts, total",Dollars,81,thousands,3,v8700,8.1,829790,,,,0
1974,Manitoba,2016A000246,Operating expenses after rebates,Dollars,81,thousands,3,v8701,8.11,412389,,,,0
1974,Manitoba,2016A000246,Net cash income,Dollars,81,thousands,3,v8702,8.12,417401,,,,0
1974,Manitoba,2016A000246,Income-in-kind,Dollars,81,thousands,3,v8695,8.5,10409,,,,0
1974,Manitoba,2016A000246,Depreciation charges,Dollars,81,thousands,3,v8703,8.13,79170,,,,0
1974,Manitoba,2016A000246,Realized net income,Dollars,81,thousands,3,v8698,8.8,348640,,,,0
1974,Manitoba,2016A000246,Value of inventory change,Dollars,81,thousands,3,v8692,8.2,-48590,,,,0
1974,Manitoba,2016A000246,"Net income, total",Dollars,81,thousands,3,v8699,8.9,300050,,,,0
1974,Saskatchewan,2016A000247,"Cash receipts, total",Dollars,81,thousands,3,v8713,9.1,2089593,,,,0
1974,Saskatchewan,2016A000247,Operating expenses after rebates,Dollars,81,thousands,3,v8714,9.11,764098,,,,0
1974,Saskatchewan,2016A000247,Net cash income,Dollars,81,thousands,3,v8715,9.12,1325495,,,,0
1974,Saskatchewan,2016A000247,Income-in-kind,Dollars,81,thousands,3,v8708,9.5,20357,,,,0
1974,Saskatchewan,2016A000247,Depreciation charges,Dollars,81,thousands,3,v8716,9.13,202959,,,,0
1974,Saskatchewan,2016A000247,Realized net income,Dollars,81,thousands,3,v8711,9.8,1142893,,,,0
1974,Saskatchewan,2016A000247,Value of inventory change,Dollars,81,thousands,3,v8705,9.2,-26135,,,,0
1974,Saskatchewan,2016A000247,"Net income, total",Dollars,81,thousands,3,v8712,9.9,1116758,,,,0
1974,Alberta,2016A000248,"Cash receipts, total",Dollars,81,thousands,3,v8726,10.1,1747971,,,,0
1974,Alberta,2016A000248,Operating expenses after rebates,Dollars,81,thousands,3,v8727,10.11,929068,,,,0
1974,Alberta,2016A000248,Net cash income,Dollars,81,thousands,3,v8728,10.12,818903,,,,0
1974,Alberta,2016A000248,Income-in-kind,Dollars,81,thousands,3,v8721,10.5,18303,,,,0
1974,Alberta,2016A000248,Depreciation charges,Dollars,81,thousands,3,v8729,10.13,188921,,,,0
1974,Alberta,2016A000248,Realized net income,Dollars,81,thousands,3,v8724,10.8,648285,,,,0
1974,Alberta,2016A000248,Value of inventory change,Dollars,81,thousands,3,v8718,10.2,-8698,,,,0
1974,Alberta,2016A000248,"Net income, total",Dollars,81,thousands,3,v8725,10.9,639587,,,,0
1974,British Columbia,2016A000259,"Cash receipts, total",Dollars,81,thousands,3,v8739,11.1,410992,,,,0
1974,British Columbia,2016A000259,Operating expenses after rebates,Dollars,81,thousands,3,v8740,11.11,303523,,,,0
1974,British Columbia,2016A000259,Net cash income,Dollars,81,thousands,3,v8741,11.12,107469,,,,0
1974,British Columbia,2016A000259,Income-in-kind,Dollars,81,thousands,3,v8734,11.5,7005,,,,0
1974,British Columbia,2016A000259,Depreciation charges,Dollars,81,thousands,3,v8742,11.13,32429,,,,0
1974,British Columbia,2016A000259,Realized net income,Dollars,81,thousands,3,v8737,11.8,82045,,,,0
1974,British Columbia,2016A000259,Value of inventory change,Dollars,81,thousands,3,v8731,11.2,747,,,,0
1974,British Columbia,2016A000259,"Net income, total",Dollars,81,thousands,3,v8738,11.9,82792,,,,0
1975,Canada,2016A000011124,"Cash receipts, total",Dollars,81,thousands,3,v8622,1.1,10209121,,,,0
1975,Canada,2016A000011124,Operating expenses after rebates,Dollars,81,thousands,3,v8623,1.11,5642032,,,,0
1975,Canada,2016A000011124,Net cash income,Dollars,81,thousands,3,v8624,1.12,4567089,,,,0
1975,Canada,2016A000011124,Income-in-kind,Dollars,81,thousands,3,v8617,1.5,135637,,,,0
1975,Canada,2016A000011124,Depreciation charges,Dollars,81,thousands,3,v8625,1.13,1116451,,,,0
1975,Canada,2016A000011124,Realized net income,Dollars,81,thousands,3,v8620,1.8,3586275,,,,0
1975,Canada,2016A000011124,Value of inventory change,Dollars,81,thousands,3,v8614,1.2,247871,,,,0
1975,Canada,2016A000011124,"Net income, total",Dollars,81,thousands,3,v8621,1.9,3834146,,,,0
1975,Newfoundland and Labrador,2016A000210,"Cash receipts, total",Dollars,81,thousands,3,v8076,2.1,19045,,,,0
1975,Newfoundland and Labrador,2016A000210,Operating expenses after rebates,Dollars,81,thousands,3,v8077,2.11,13378,,,,0
1975,Newfoundland and Labrador,2016A000210,Net cash income,Dollars,81,thousands,3,v8078,2.12,5667,,,,0
1975,Newfoundland and Labrador,2016A000210,Income-in-kind,Dollars,81,thousands,3,v8073,2.5,244,,,,0
1975,Newfoundland and Labrador,2016A000210,Depreciation charges,Dollars,81,thousands,3,v8079,2.13,1234,,,,0
1975,Newfoundland and Labrador,2016A000210,Realized net income,Dollars,81,thousands,3,v8074,2.8,4677,,,,0
1975,Newfoundland and Labrador,2016A000210,Value of inventory change,Dollars,81,thousands,3,v8072,2.2,0,,,,0
1975,Newfoundland and Labrador,2016A000210,"Net income, total",Dollars,81,thousands,3,v8075,2.9,4677,,,,0
1975,Prince Edward Island,2016A000211,"Cash receipts, total",Dollars,81,thousands,3,v8635,3.1,86045,,,,0
1975,Prince Edward Island,2016A000211,Operating expenses after rebates,Dollars,81,thousands,3,v8636,3.11,57395,,,,0
1975,Prince Edward Island,2016A000211,Net cash income,Dollars,81,thousands,3,v8637,3.12,28650,,,,0
1975,Prince Edward Island,2016A000211,Income-in-kind,Dollars,81,thousands,3,v8630,3.5,1535,,,,0
1975,Prince Edward Island,2016A000211,Depreciation charges,Dollars,81,thousands,3,v8638,3.13,8225,,,,0
1975,Prince Edward Island,2016A000211,Realized net income,Dollars,81,thousands,3,v8633,3.8,21960,,,,0
1975,Prince Edward Island,2016A000211,Value of inventory change,Dollars,81,thousands,3,v8627,3.2,-9051,,,,0
1975,Prince Edward Island,2016A000211,"Net income, total",Dollars,81,thousands,3,v8634,3.9,12909,,,,0
1975,Nova Scotia,2016A000212,"Cash receipts, total",Dollars,81,thousands,3,v8648,4.1,114114,,,,0
1975,Nova Scotia,2016A000212,Operating expenses after rebates,Dollars,81,thousands,3,v8649,4.11,90874,,,,0
1975,Nova Scotia,2016A000212,Net cash income,Dollars,81,thousands,3,v8650,4.12,23240,,,,0
1975,Nova Scotia,2016A000212,Income-in-kind,Dollars,81,thousands,3,v8643,4.5,2781,,,,0
1975,Nova Scotia,2016A000212,Depreciation charges,Dollars,81,thousands,3,v8651,4.13,10444,,,,0
1975,Nova Scotia,2016A000212,Realized net income,Dollars,81,thousands,3,v8646,4.8,15577,,,,0
1975,Nova Scotia,2016A000212,Value of inventory change,Dollars,81,thousands,3,v8640,4.2,814,,,,0
1975,Nova Scotia,2016A000212,"Net income, total",Dollars,81,thousands,3,v8647,4.9,16391,,,,0
1975,New Brunswick,2016A000213,"Cash receipts, total",Dollars,81,thousands,3,v8661,5.1,99540,,,,0
1975,New Brunswick,2016A000213,Operating expenses after rebates,Dollars,81,thousands,3,v8662,5.11,69000,,,,0
1975,New Brunswick,2016A000213,Net cash income,Dollars,81,thousands,3,v8663,5.12,30540,,,,0
1975,New Brunswick,2016A000213,Income-in-kind,Dollars,81,thousands,3,v8656,5.5,2071,,,,0
1975,New Brunswick,2016A000213,Depreciation charges,Dollars,81,thousands,3,v8664,5.13,9191,,,,0
1975,New Brunswick,2016A000213,Realized net income,Dollars,81,thousands,3,v8659,5.8,23420,,,,0
1975,New Brunswick,2016A000213,Value of inventory change,Dollars,81,thousands,3,v8653,5.2,-6041,,,,0
1975,New Brunswick,2016A000213,"Net income, total",Dollars,81,thousands,3,v8660,5.9,17379,,,,0
1975,Quebec,2016A000224,"Cash receipts, total",Dollars,81,thousands,3,v8674,6.1,1387634,,,,0
1975,Quebec,2016A000224,Operating expenses after rebates,Dollars,81,thousands,3,v8675,6.11,883782,,,,0
1975,Quebec,2016A000224,Net cash income,Dollars,81,thousands,3,v8676,6.12,503852,,,,0
1975,Quebec,2016A000224,Income-in-kind,Dollars,81,thousands,3,v8669,6.5,39923,,,,0
1975,Quebec,2016A000224,Depreciation charges,Dollars,81,thousands,3,v8677,6.13,101758,,,,0
1975,Quebec,2016A000224,Realized net income,Dollars,81,thousands,3,v8672,6.8,442017,,,,0
1975,Quebec,2016A000224,Value of inventory change,Dollars,81,thousands,3,v8666,6.2,-13647,,,,0
1975,Quebec,2016A000224,"Net income, total",Dollars,81,thousands,3,v8673,6.9,428370,,,,0
1975,Ontario,2016A000235,"Cash receipts, total",Dollars,81,thousands,3,v8687,7.1,2689356,,,,0
1975,Ontario,2016A000235,Operating expenses after rebates,Dollars,81,thousands,3,v8688,7.11,1760951,,,,0
1975,Ontario,2016A000235,Net cash income,Dollars,81,thousands,3,v8689,7.12,928405,,,,0
1975,Ontario,2016A000235,Income-in-kind,Dollars,81,thousands,3,v8682,7.5,37533,,,,0
1975,Ontario,2016A000235,Depreciation charges,Dollars,81,thousands,3,v8690,7.13,305805,,,,0
1975,Ontario,2016A000235,Realized net income,Dollars,81,thousands,3,v8685,7.8,660133,,,,0
1975,Ontario,2016A000235,Value of inventory change,Dollars,81,thousands,3,v8679,7.2,94282,,,,0
1975,Ontario,2016A000235,"Net income, total",Dollars,81,thousands,3,v8686,7.9,754415,,,,0
1975,Manitoba,2016A000246,"Cash receipts, total",Dollars,81,thousands,3,v8700,8.1,950502,,,,0
1975,Manitoba,2016A000246,Operating expenses after rebates,Dollars,81,thousands,3,v8701,8.11,482015,,,,0
1975,Manitoba,2016A000246,Net cash income,Dollars,81,thousands,3,v8702,8.12,468487,,,,0
1975,Manitoba,2016A000246,Income-in-kind,Dollars,81,thousands,3,v8695,8.5,9471,,,,0
1975,Manitoba,2016A000246,Depreciation charges,Dollars,81,thousands,3,v8703,8.13,106069,,,,0
1975,Manitoba,2016A000246,Realized net income,Dollars,81,thousands,3,v8698,8.8,371889,,,,0
1975,Manitoba,2016A000246,Value of inventory change,Dollars,81,thousands,3,v8692,8.2,8614,,,,0
1975,Manitoba,2016A000246,"Net income, total",Dollars,81,thousands,3,v8699,8.9,380503,,,,0
1975,Saskatchewan,2016A000247,"Cash receipts, total",Dollars,81,thousands,3,v8713,9.1,2531975,,,,0
1975,Saskatchewan,2016A000247,Operating expenses after rebates,Dollars,81,thousands,3,v8714,9.11,891777,,,,0
1975,Saskatchewan,2016A000247,Net cash income,Dollars,81,thousands,3,v8715,9.12,1640198,,,,0
1975,Saskatchewan,2016A000247,Income-in-kind,Dollars,81,thousands,3,v8708,9.5,18019,,,,0
1975,Saskatchewan,2016A000247,Depreciation charges,Dollars,81,thousands,3,v8716,9.13,276864,,,,0
1975,Saskatchewan,2016A000247,Realized net income,Dollars,81,thousands,3,v8711,9.8,1381353,,,,0
1975,Saskatchewan,2016A000247,Value of inventory change,Dollars,81,thousands,3,v8705,9.2,68992,,,,0
1975,Saskatchewan,2016A000247,"Net income, total",Dollars,81,thousands,3,v8712,9.9,1450345,,,,0
1975,Alberta,2016A000248,"Cash receipts, total",Dollars,81,thousands,3,v8726,10.1,1901742,,,,0
1975,Alberta,2016A000248,Operating expenses after rebates,Dollars,81,thousands,3,v8727,10.11,1053784,,,,0
1975,Alberta,2016A000248,Net cash income,Dollars,81,thousands,3,v8728,10.12,847958,,,,0
1975,Alberta,2016A000248,Income-in-kind,Dollars,81,thousands,3,v8721,10.5,16844,,,,0
1975,Alberta,2016A000248,Depreciation charges,Dollars,81,thousands,3,v8729,10.13,254998,,,,0
1975,Alberta,2016A000248,Realized net income,Dollars,81,thousands,3,v8724,10.8,609804,,,,0
1975,Alberta,2016A000248,Value of inventory change,Dollars,81,thousands,3,v8718,10.2,98786,,,,0
1975,Alberta,2016A000248,"Net income, total",Dollars,81,thousands,3,v8725,10.9,708590,,,,0
1975,British Columbia,2016A000259,"Cash receipts, total",Dollars,81,thousands,3,v8739,11.1,429168,,,,0
1975,British Columbia,2016A000259,Operating expenses after rebates,Dollars,81,thousands,3,v8740,11.11,339076,,,,0
1975,British Columbia,2016A000259,Net cash income,Dollars,81,thousands,3,v8741,11.12,90092,,,,0
1975,British Columbia,2016A000259,Income-in-kind,Dollars,81,thousands,3,v8734,11.5,7216,,,,0
1975,British Columbia,2016A000259,Depreciation charges,Dollars,81,thousands,3,v8742,11.13,41863,,,,0
1975,British Columbia,2016A000259,Realized net income,Dollars,81,thousands,3,v8737,11.8,55445,,,,0
1975,British Columbia,2016A000259,Value of inventory change,Dollars,81,thousands,3,v8731,11.2,5122,,,,0
1975,British Columbia,2016A000259,"Net income, total",Dollars,81,thousands,3,v8738,11.9,60567,,,,0
1976,Canada,2016A000011124,"Cash receipts, total",Dollars,81,thousands,3,v8622,1.1,10096387,,,,0
1976,Canada,2016A000011124,Operating expenses after rebates,Dollars,81,thousands,3,v8623,1.11,6221956,,,,0
1976,Canada,2016A000011124,Net cash income,Dollars,81,thousands,3,v8624,1.12,3874431,,,,0
1976,Canada,2016A000011124,Income-in-kind,Dollars,81,thousands,3,v8617,1.5,159030,,,,0
1976,Canada,2016A000011124,Depreciation charges,Dollars,81,thousands,3,v8625,1.13,1346807,,,,0
1976,Canada,2016A000011124,Realized net income,Dollars,81,thousands,3,v8620,1.8,2686654,,,,0
1976,Canada,2016A000011124,Value of inventory change,Dollars,81,thousands,3,v8614,1.2,266467,,,,0
1976,Canada,2016A000011124,"Net income, total",Dollars,81,thousands,3,v8621,1.9,2953121,,,,0
1976,Newfoundland and Labrador,2016A000210,"Cash receipts, total",Dollars,81,thousands,3,v8076,2.1,20531,,,,0
1976,Newfoundland and Labrador,2016A000210,Operating expenses after rebates,Dollars,81,thousands,3,v8077,2.11,14660,,,,0
1976,Newfoundland and Labrador,2016A000210,Net cash income,Dollars,81,thousands,3,v8078,2.12,5871,,,,0
1976,Newfoundland and Labrador,2016A000210,Income-in-kind,Dollars,81,thousands,3,v8073,2.5,330,,,,0
1976,Newfoundland and Labrador,2016A000210,Depreciation charges,Dollars,81,thousands,3,v8079,2.13,1344,,,,0
1976,Newfoundland and Labrador,2016A000210,Realized net income,Dollars,81,thousands,3,v8074,2.8,4857,,,,0
1976,Newfoundland and Labrador,2016A000210,Value of inventory change,Dollars,81,thousands,3,v8072,2.2,250,,,,0
1976,Newfoundland and Labrador,2016A000210,"Net income, total",Dollars,81,thousands,3,v8075,2.9,5107,,,,0
1976,Prince Edward Island,2016A000211,"Cash receipts, total",Dollars,81,thousands,3,v8635,3.1,105582,,,,0
1976,Prince Edward Island,2016A000211,Operating expenses after rebates,Dollars,81,thousands,3,v8636,3.11,61566,,,,0
1976,Prince Edward Island,2016A000211,Net cash income,Dollars,81,thousands,3,v8637,3.12,44016,,,,0
1976,Prince Edward Island,2016A000211,Income-in-kind,Dollars,81,thousands,3,v8630,3.5,1886,,,,0
1976,Prince Edward Island,2016A000211,Depreciation charges,Dollars,81,thousands,3,v8638,3.13,9303,,,,0
1976,Prince Edward Island,2016A000211,Realized net income,Dollars,81,thousands,3,v8633,3.8,36599,,,,0
1976,Prince Edward Island,2016A000211,Value of inventory change,Dollars,81,thousands,3,v8627,3.2,7652,,,,0
1976,Prince Edward Island,2016A000211,"Net income, total",Dollars,81,thousands,3,v8634,3.9,44251,,,,0
1976,Nova Scotia,2016A000212,"Cash receipts, total",Dollars,81,thousands,3,v8648,4.1,125273,,,,0
1976,Nova Scotia,2016A000212,Operating expenses after rebates,Dollars,81,thousands,3,v8649,4.11,94043,,,,0
1976,Nova Scotia,2016A000212,Net cash income,Dollars,81,thousands,3,v8650,4.12,31230,,,,0
1976,Nova Scotia,2016A000212,Income-in-kind,Dollars,81,thousands,3,v8643,4.5,4282,,,,0
1976,Nova Scotia,2016A000212,Depreciation charges,Dollars,81,thousands,3,v8651,4.13,11837,,,,0
1976,Nova Scotia,2016A000212,Realized net income,Dollars,81,thousands,3,v8646,4.8,23675,,,,0
1976,Nova Scotia,2016A000212,Value of inventory change,Dollars,81,thousands,3,v8640,4.2,-873,,,,0
1976,Nova Scotia,2016A000212,"Net income, total",Dollars,81,thousands,3,v8647,4.9,22802,,,,0
1976,New Brunswick,2016A000213,"Cash receipts, total",Dollars,81,thousands,3,v8661,5.1,115608,,,,0
1976,New Brunswick,2016A000213,Operating expenses after rebates,Dollars,81,thousands,3,v8662,5.11,74359,,,,0
1976,New Brunswick,2016A000213,Net cash income,Dollars,81,thousands,3,v8663,5.12,41249,,,,0
1976,New Brunswick,2016A000213,Income-in-kind,Dollars,81,thousands,3,v8656,5.5,2953,,,,0
1976,New Brunswick,2016A000213,Depreciation charges,Dollars,81,thousands,3,v8664,5.13,10358,,,,0
1976,New Brunswick,2016A000213,Realized net income,Dollars,81,thousands,3,v8659,5.8,33844,,,,0
1976,New Brunswick,2016A000213,Value of inventory change,Dollars,81,thousands,3,v8653,5.2,-4,,,,0
1976,New Brunswick,2016A000213,"Net income, total",Dollars,81,thousands,3,v8660,5.9,33840,,,,0
1976,Quebec,2016A000224,"Cash receipts, total",Dollars,81,thousands,3,v8674,6.1,1387775,,,,0
1976,Quebec,2016A000224,Operating expenses after rebates,Dollars,81,thousands,3,v8675,6.11,936056,,,,0
1976,Quebec,2016A000224,Net cash income,Dollars,81,thousands,3,v8676,6.12,451719,,,,0
1976,Quebec,2016A000224,Income-in-kind,Dollars,81,thousands,3,v8669,6.5,45422,,,,0
1976,Quebec,2016A000224,Depreciation charges,Dollars,81,thousands,3,v8677,6.13,118943,,,,0
1976,Quebec,2016A000224,Realized net income,Dollars,81,thousands,3,v8672,6.8,378198,,,,0
1976,Quebec,2016A000224,Value of inventory change,Dollars,81,thousands,3,v8666,6.2,-2269,,,,0
1976,Quebec,2016A000224,"Net income, total",Dollars,81,thousands,3,v8673,6.9,375929,,,,0
1976,Ontario,2016A000235,"Cash receipts, total",Dollars,81,thousands,3,v8687,7.1,2788958,,,,0
1976,Ontario,2016A000235,Operating expenses after rebates,Dollars,81,thousands,3,v8688,7.11,1858932,,,,0
1976,Ontario,2016A000235,Net cash income,Dollars,81,thousands,3,v8689,7.12,930026,,,,0
1976,Ontario,2016A000235,Income-in-kind,Dollars,81,thousands,3,v8682,7.5,42677,,,,0
1976,Ontario,2016A000235,Depreciation charges,Dollars,81,thousands,3,v8690,7.13,356506,,,,0
1976,Ontario,2016A000235,Realized net income,Dollars,81,thousands,3,v8685,7.8,616197,,,,0
1976,Ontario,2016A000235,Value of inventory change,Dollars,81,thousands,3,v8679,7.2,-141955,,,,0
1976,Ontario,2016A000235,"Net income, total",Dollars,81,thousands,3,v8686,7.9,474242,,,,0
1976,Manitoba,2016A000246,"Cash receipts, total",Dollars,81,thousands,3,v8700,8.1,890082,,,,0
1976,Manitoba,2016A000246,Operating expenses after rebates,Dollars,81,thousands,3,v8701,8.11,548452,,,,0
1976,Manitoba,2016A000246,Net cash income,Dollars,81,thousands,3,v8702,8.12,341630,,,,0
1976,Manitoba,2016A000246,Income-in-kind,Dollars,81,thousands,3,v8695,8.5,11746,,,,0
1976,Manitoba,2016A000246,Depreciation charges,Dollars,81,thousands,3,v8703,8.13,130798,,,,0
1976,Manitoba,2016A000246,Realized net income,Dollars,81,thousands,3,v8698,8.8,222578,,,,0
1976,Manitoba,2016A000246,Value of inventory change,Dollars,81,thousands,3,v8692,8.2,40487,,,,0
1976,Manitoba,2016A000246,"Net income, total",Dollars,81,thousands,3,v8699,8.9,263065,,,,0
1976,Saskatchewan,2016A000247,"Cash receipts, total",Dollars,81,thousands,3,v8713,9.1,2283218,,,,0
1976,Saskatchewan,2016A000247,Operating expenses after rebates,Dollars,81,thousands,3,v8714,9.11,1038180,,,,0
1976,Saskatchewan,2016A000247,Net cash income,Dollars,81,thousands,3,v8715,9.12,1245038,,,,0
1976,Saskatchewan,2016A000247,Income-in-kind,Dollars,81,thousands,3,v8708,9.5,21582,,,,0
1976,Saskatchewan,2016A000247,Depreciation charges,Dollars,81,thousands,3,v8716,9.13,346111,,,,0
1976,Saskatchewan,2016A000247,Realized net income,Dollars,81,thousands,3,v8711,9.8,920509,,,,0
1976,Saskatchewan,2016A000247,Value of inventory change,Dollars,81,thousands,3,v8705,9.2,269188,,,,0
1976,Saskatchewan,2016A000247,"Net income, total",Dollars,81,thousands,3,v8712,9.9,1189697,,,,0
1976,Alberta,2016A000248,"Cash receipts, total",Dollars,81,thousands,3,v8726,10.1,1896726,,,,0
1976,Alberta,2016A000248,Operating expenses after rebates,Dollars,81,thousands,3,v8727,10.11,1207035,,,,0
1976,Alberta,2016A000248,Net cash income,Dollars,81,thousands,3,v8728,10.12,689691,,,,0
1976,Alberta,2016A000248,Income-in-kind,Dollars,81,thousands,3,v8721,10.5,20614,,,,0
1976,Alberta,2016A000248,Depreciation charges,Dollars,81,thousands,3,v8729,10.13,312899,,,,0
1976,Alberta,2016A000248,Realized net income,Dollars,81,thousands,3,v8724,10.8,397406,,,,0
1976,Alberta,2016A000248,Value of inventory change,Dollars,81,thousands,3,v8718,10.2,97009,,,,0
1976,Alberta,2016A000248,"Net income, total",Dollars,81,thousands,3,v8725,10.9,494415,,,,0
1976,British Columbia,2016A000259,"Cash receipts, total",Dollars,81,thousands,3,v8739,11.1,482634,,,,0
1976,British Columbia,2016A000259,Operating expenses after rebates,Dollars,81,thousands,3,v8740,11.11,388673,,,,0
1976,British Columbia,2016A000259,Net cash income,Dollars,81,thousands,3,v8741,11.12,93961,,,,0
1976,British Columbia,2016A000259,Income-in-kind,Dollars,81,thousands,3,v8734,11.5,7538,,,,0
1976,British Columbia,2016A000259,Depreciation charges,Dollars,81,thousands,3,v8742,11.13,48708,,,,0
1976,British Columbia,2016A000259,Realized net income,Dollars,81,thousands,3,v8737,11.8,52791,,,,0
1976,British Columbia,2016A000259,Value of inventory change,Dollars,81,thousands,3,v8731,11.2,-3018,,,,0
1976,British Columbia,2016A000259,"Net income, total",Dollars,81,thousands,3,v8738,11.9,49773,,,,0
1977,Canada,2016A000011124,"Cash receipts, total",Dollars,81,thousands,3,v8622,1.1,10233978,,,,0
1977,Canada,2016A000011124,Operating expenses after rebates,Dollars,81,thousands,3,v8623,1.11,6729994,,,,0
1977,Canada,2016A000011124,Net cash income,Dollars,81,thousands,3,v8624,1.12,3503984,,,,0
1977,Canada,2016A000011124,Income-in-kind,Dollars,81,thousands,3,v8617,1.5,150850,,,,0
1977,Canada,2016A000011124,Depreciation charges,Dollars,81,thousands,3,v8625,1.13,1505642,,,,0
1977,Canada,2016A000011124,Realized net income,Dollars,81,thousands,3,v8620,1.8,2149192,,,,0
1977,Canada,2016A000011124,Value of inventory change,Dollars,81,thousands,3,v8614,1.2,223525,,,,0
1977,Canada,2016A000011124,"Net income, total",Dollars,81,thousands,3,v8621,1.9,2372717,,,,0
1977,Newfoundland and Labrador,2016A000210,"Cash receipts, total",Dollars,81,thousands,3,v8076,2.1,21947,,,,0
1977,Newfoundland and Labrador,2016A000210,Operating expenses after rebates,Dollars,81,thousands,3,v8077,2.11,15378,,,,0
1977,Newfoundland and Labrador,2016A000210,Net cash income,Dollars,81,thousands,3,v8078,2.12,6569,,,,0
1977,Newfoundland and Labrador,2016A000210,Income-in-kind,Dollars,81,thousands,3,v8073,2.5,284,,,,0
1977,Newfoundland and Labrador,2016A000210,Depreciation charges,Dollars,81,thousands,3,v8079,2.13,1357,,,,0
1977,Newfoundland and Labrador,2016A000210,Realized net income,Dollars,81,thousands,3,v8074,2.8,5496,,,,0
1977,Newfoundland and Labrador,2016A000210,Value of inventory change,Dollars,81,thousands,3,v8072,2.2,-6,,,,0
1977,Newfoundland and Labrador,2016A000210,"Net income, total",Dollars,81,thousands,3,v8075,2.9,5490,,,,0
1977,Prince Edward Island,2016A000211,"Cash receipts, total",Dollars,81,thousands,3,v8635,3.1,89641,,,,0
1977,Prince Edward Island,2016A000211,Operating expenses after rebates,Dollars,81,thousands,3,v8636,3.11,65964,,,,0
1977,Prince Edward Island,2016A000211,Net cash income,Dollars,81,thousands,3,v8637,3.12,23677,,,,0
1977,Prince Edward Island,2016A000211,Income-in-kind,Dollars,81,thousands,3,v8630,3.5,1744,,,,0
1977,Prince Edward Island,2016A000211,Depreciation charges,Dollars,81,thousands,3,v8638,3.13,10212,,,,0
1977,Prince Edward Island,2016A000211,Realized net income,Dollars,81,thousands,3,v8633,3.8,15209,,,,0
1977,Prince Edward Island,2016A000211,Value of inventory change,Dollars,81,thousands,3,v8627,3.2,3031,,,,0
1977,Prince Edward Island,2016A000211,"Net income, total",Dollars,81,thousands,3,v8634,3.9,18240,,,,0
1977,Nova Scotia,2016A000212,"Cash receipts, total",Dollars,81,thousands,3,v8648,4.1,132849,,,,0
1977,Nova Scotia,2016A000212,Operating expenses after rebates,Dollars,81,thousands,3,v8649,4.11,94155,,,,0
1977,Nova Scotia,2016A000212,Net cash income,Dollars,81,thousands,3,v8650,4.12,38694,,,,0
1977,Nova Scotia,2016A000212,Income-in-kind,Dollars,81,thousands,3,v8643,4.5,3624,,,,0
1977,Nova Scotia,2016A000212,Depreciation charges,Dollars,81,thousands,3,v8651,4.13,12759,,,,0
1977,Nova Scotia,2016A000212,Realized net income,Dollars,81,thousands,3,v8646,4.8,29559,,,,0
1977,Nova Scotia,2016A000212,Value of inventory change,Dollars,81,thousands,3,v8640,4.2,-236,,,,0
1977,Nova Scotia,2016A000212,"Net income, total",Dollars,81,thousands,3,v8647,4.9,29323,,,,0
1977,New Brunswick,2016A000213,"Cash receipts, total",Dollars,81,thousands,3,v8661,5.1,110898,,,,0
1977,New Brunswick,2016A000213,Operating expenses after rebates,Dollars,81,thousands,3,v8662,5.11,79341,,,,0
1977,New Brunswick,2016A000213,Net cash income,Dollars,81,thousands,3,v8663,5.12,31557,,,,0
1977,New Brunswick,2016A000213,Income-in-kind,Dollars,81,thousands,3,v8656,5.5,2624,,,,0
1977,New Brunswick,2016A000213,Depreciation charges,Dollars,81,thousands,3,v8664,5.13,11093,,,,0
1977,New Brunswick,2016A000213,Realized net income,Dollars,81,thousands,3,v8659,5.8,23088,,,,0
1977,New Brunswick,2016A000213,Value of inventory change,Dollars,81,thousands,3,v8653,5.2,-167,,,,0
1977,New Brunswick,2016A000213,"Net income, total",Dollars,81,thousands,3,v8660,5.9,22921,,,,0
1977,Quebec,2016A000224,"Cash receipts, total",Dollars,81,thousands,3,v8674,6.1,1458257,,,,0
1977,Quebec,2016A000224,Operating expenses after rebates,Dollars,81,thousands,3,v8675,6.11,1033452,,,,0
1977,Quebec,2016A000224,Net cash income,Dollars,81,thousands,3,v8676,6.12,424805,,,,0
1977,Quebec,2016A000224,Income-in-kind,Dollars,81,thousands,3,v8669,6.5,41812,,,,0
1977,Quebec,2016A000224,Depreciation charges,Dollars,81,thousands,3,v8677,6.13,136484,,,,0
1977,Quebec,2016A000224,Realized net income,Dollars,81,thousands,3,v8672,6.8,330133,,,,0
1977,Quebec,2016A000224,Value of inventory change,Dollars,81,thousands,3,v8666,6.2,-3621,,,,0
1977,Quebec,2016A000224,"Net income, total",Dollars,81,thousands,3,v8673,6.9,326512,,,,0
1977,Ontario,2016A000235,"Cash receipts, total",Dollars,81,thousands,3,v8687,7.1,2875687,,,,0
1977,Ontario,2016A000235,Operating expenses after rebates,Dollars,81,thousands,3,v8688,7.11,2010199,,,,0
1977,Ontario,2016A000235,Net cash income,Dollars,81,thousands,3,v8689,7.12,865488,,,,0
1977,Ontario,2016A000235,Income-in-kind,Dollars,81,thousands,3,v8682,7.5,42183,,,,0
1977,Ontario,2016A000235,Depreciation charges,Dollars,81,thousands,3,v8690,7.13,384866,,,,0
1977,Ontario,2016A000235,Realized net income,Dollars,81,thousands,3,v8685,7.8,522805,,,,0
1977,Ontario,2016A000235,Value of inventory change,Dollars,81,thousands,3,v8679,7.2,96447,,,,0
1977,Ontario,2016A000235,"Net income, total",Dollars,81,thousands,3,v8686,7.9,619252,,,,0
1977,Manitoba,2016A000246,"Cash receipts, total",Dollars,81,thousands,3,v8700,8.1,884701,,,,0
1977,Manitoba,2016A000246,Operating expenses after rebates,Dollars,81,thousands,3,v8701,8.11,611038,,,,0
1977,Manitoba,2016A000246,Net cash income,Dollars,81,thousands,3,v8702,8.12,273663,,,,0
1977,Manitoba,2016A000246,Income-in-kind,Dollars,81,thousands,3,v8695,8.5,10001,,,,0
1977,Manitoba,2016A000246,Depreciation charges,Dollars,81,thousands,3,v8703,8.13,146234,,,,0
1977,Manitoba,2016A000246,Realized net income,Dollars,81,thousands,3,v8698,8.8,137430,,,,0
1977,Manitoba,2016A000246,Value of inventory change,Dollars,81,thousands,3,v8692,8.2,134215,,,,0
1977,Manitoba,2016A000246,"Net income, total",Dollars,81,thousands,3,v8699,8.9,271645,,,,0
1977,Saskatchewan,2016A000247,"Cash receipts, total",Dollars,81,thousands,3,v8713,9.1,2173425,,,,0
1977,Saskatchewan,2016A000247,Operating expenses after rebates,Dollars,81,thousands,3,v8714,9.11,1110960,,,,0
1977,Saskatchewan,2016A000247,Net cash income,Dollars,81,thousands,3,v8715,9.12,1062465,,,,0
1977,Saskatchewan,2016A000247,Income-in-kind,Dollars,81,thousands,3,v8708,9.5,20772,,,,0
1977,Saskatchewan,2016A000247,Depreciation charges,Dollars,81,thousands,3,v8716,9.13,386689,,,,0
1977,Saskatchewan,2016A000247,Realized net income,Dollars,81,thousands,3,v8711,9.8,696548,,,,0
1977,Saskatchewan,2016A000247,Value of inventory change,Dollars,81,thousands,3,v8705,9.2,52638,,,,0
1977,Saskatchewan,2016A000247,"Net income, total",Dollars,81,thousands,3,v8712,9.9,749186,,,,0
1977,Alberta,2016A000248,"Cash receipts, total",Dollars,81,thousands,3,v8726,10.1,1962715,,,,0
1977,Alberta,2016A000248,Operating expenses after rebates,Dollars,81,thousands,3,v8727,10.11,1280977,,,,0
1977,Alberta,2016A000248,Net cash income,Dollars,81,thousands,3,v8728,10.12,681738,,,,0
1977,Alberta,2016A000248,Income-in-kind,Dollars,81,thousands,3,v8721,10.5,20348,,,,0
1977,Alberta,2016A000248,Depreciation charges,Dollars,81,thousands,3,v8729,10.13,361430,,,,0
1977,Alberta,2016A000248,Realized net income,Dollars,81,thousands,3,v8724,10.8,340656,,,,0
1977,Alberta,2016A000248,Value of inventory change,Dollars,81,thousands,3,v8718,10.2,-74879,,,,0
1977,Alberta,2016A000248,"Net income, total",Dollars,81,thousands,3,v8725,10.9,265777,,,,0
1977,British Columbia,2016A000259,"Cash receipts, total",Dollars,81,thousands,3,v8739,11.1,523858,,,,0
1977,British Columbia,2016A000259,Operating expenses after rebates,Dollars,81,thousands,3,v8740,11.11,428530,,,,0
1977,British Columbia,2016A000259,Net cash income,Dollars,81,thousands,3,v8741,11.12,95328,,,,0
1977,British Columbia,2016A000259,Income-in-kind,Dollars,81,thousands,3,v8734,11.5,7458,,,,0
1977,British Columbia,2016A000259,Depreciation charges,Dollars,81,thousands,3,v8742,11.13,54518,,,,0
1977,British Columbia,2016A000259,Realized net income,Dollars,81,thousands,3,v8737,11.8,48268,,,,0
1977,British Columbia,2016A000259,Value of inventory change,Dollars,81,thousands,3,v8731,11.2,16103,,,,0
1977,British Columbia,2016A000259,"Net income, total",Dollars,81,thousands,3,v8738,11.9,64371,,,,0
1978,Canada,2016A000011124,"Cash receipts, total",Dollars,81,thousands,3,v8622,1.1,12065650,,,,0
1978,Canada,2016A000011124,Operating expenses after rebates,Dollars,81,thousands,3,v8623,1.11,7867043,,,,0
1978,Canada,2016A000011124,Net cash income,Dollars,81,thousands,3,v8624,1.12,4198607,,,,0
1978,Canada,2016A000011124,Income-in-kind,Dollars,81,thousands,3,v8617,1.5,179361,,,,0
1978,Canada,2016A000011124,Depreciation charges,Dollars,81,thousands,3,v8625,1.13,1717280,,,,0
1978,Canada,2016A000011124,Realized net income,Dollars,81,thousands,3,v8620,1.8,2660688,,,,0
1978,Canada,2016A000011124,Value of inventory change,Dollars,81,thousands,3,v8614,1.2,221612,,,,0
1978,Canada,2016A000011124,"Net income, total",Dollars,81,thousands,3,v8621,1.9,2882300,,,,0
1978,Newfoundland and Labrador,2016A000210,"Cash receipts, total",Dollars,81,thousands,3,v8076,2.1,23420,,,,0
1978,Newfoundland and Labrador,2016A000210,Operating expenses after rebates,Dollars,81,thousands,3,v8077,2.11,15458,,,,0
1978,Newfoundland and Labrador,2016A000210,Net cash income,Dollars,81,thousands,3,v8078,2.12,7962,,,,0
1978,Newfoundland and Labrador,2016A000210,Income-in-kind,Dollars,81,thousands,3,v8073,2.5,305,,,,0
1978,Newfoundland and Labrador,2016A000210,Depreciation charges,Dollars,81,thousands,3,v8079,2.13,1468,,,,0
1978,Newfoundland and Labrador,2016A000210,Realized net income,Dollars,81,thousands,3,v8074,2.8,6799,,,,0
1978,Newfoundland and Labrador,2016A000210,Value of inventory change,Dollars,81,thousands,3,v8072,2.2,876,,,,0
1978,Newfoundland and Labrador,2016A000210,"Net income, total",Dollars,81,thousands,3,v8075,2.9,7675,,,,0
1978,Prince Edward Island,2016A000211,"Cash receipts, total",Dollars,81,thousands,3,v8635,3.1,100379,,,,0
1978,Prince Edward Island,2016A000211,Operating expenses after rebates,Dollars,81,thousands,3,v8636,3.11,74450,,,,0
1978,Prince Edward Island,2016A000211,Net cash income,Dollars,81,thousands,3,v8637,3.12,25929,,,,0
1978,Prince Edward Island,2016A000211,Income-in-kind,Dollars,81,thousands,3,v8630,3.5,2421,,,,0
1978,Prince Edward Island,2016A000211,Depreciation charges,Dollars,81,thousands,3,v8638,3.13,11697,,,,0
1978,Prince Edward Island,2016A000211,Realized net income,Dollars,81,thousands,3,v8633,3.8,16653,,,,0
1978,Prince Edward Island,2016A000211,Value of inventory change,Dollars,81,thousands,3,v8627,3.2,4400,,,,0
1978,Prince Edward Island,2016A000211,"Net income, total",Dollars,81,thousands,3,v8634,3.9,21053,,,,0
1978,Nova Scotia,2016A000212,"Cash receipts, total",Dollars,81,thousands,3,v8648,4.1,157822,,,,0
1978,Nova Scotia,2016A000212,Operating expenses after rebates,Dollars,81,thousands,3,v8649,4.11,105919,,,,0
1978,Nova Scotia,2016A000212,Net cash income,Dollars,81,thousands,3,v8650,4.12,51903,,,,0
1978,Nova Scotia,2016A000212,Income-in-kind,Dollars,81,thousands,3,v8643,4.5,4285,,,,0
1978,Nova Scotia,2016A000212,Depreciation charges,Dollars,81,thousands,3,v8651,4.13,14495,,,,0
1978,Nova Scotia,2016A000212,Realized net income,Dollars,81,thousands,3,v8646,4.8,41693,,,,0
1978,Nova Scotia,2016A000212,Value of inventory change,Dollars,81,thousands,3,v8640,4.2,913,,,,0
1978,Nova Scotia,2016A000212,"Net income, total",Dollars,81,thousands,3,v8647,4.9,42606,,,,0
1978,New Brunswick,2016A000213,"Cash receipts, total",Dollars,81,thousands,3,v8661,5.1,122972,,,,0
1978,New Brunswick,2016A000213,Operating expenses after rebates,Dollars,81,thousands,3,v8662,5.11,84375,,,,0
1978,New Brunswick,2016A000213,Net cash income,Dollars,81,thousands,3,v8663,5.12,38597,,,,0
1978,New Brunswick,2016A000213,Income-in-kind,Dollars,81,thousands,3,v8656,5.5,3127,,,,0
1978,New Brunswick,2016A000213,Depreciation charges,Dollars,81,thousands,3,v8664,5.13,12380,,,,0
1978,New Brunswick,2016A000213,Realized net income,Dollars,81,thousands,3,v8659,5.8,29344,,,,0
1978,New Brunswick,2016A000213,Value of inventory change,Dollars,81,thousands,3,v8653,5.2,3457,,,,0
1978,New Brunswick,2016A000213,"Net income, total",Dollars,81,thousands,3,v8660,5.9,32801,,,,0
1978,Quebec,2016A000224,"Cash receipts, total",Dollars,81,thousands,3,v8674,6.1,1703426,,,,0
1978,Quebec,2016A000224,Operating expenses after rebates,Dollars,81,thousands,3,v8675,6.11,1169713,,,,0
1978,Quebec,2016A000224,Net cash income,Dollars,81,thousands,3,v8676,6.12,533713,,,,0
1978,Quebec,2016A000224,Income-in-kind,Dollars,81,thousands,3,v8669,6.5,50734,,,,0
1978,Quebec,2016A000224,Depreciation charges,Dollars,81,thousands,3,v8677,6.13,157290,,,,0
1978,Quebec,2016A000224,Realized net income,Dollars,81,thousands,3,v8672,6.8,427157,,,,0
1978,Quebec,2016A000224,Value of inventory change,Dollars,81,thousands,3,v8666,6.2,19575,,,,0
1978,Quebec,2016A000224,"Net income, total",Dollars,81,thousands,3,v8673,6.9,446732,,,,0
1978,Ontario,2016A000235,"Cash receipts, total",Dollars,81,thousands,3,v8687,7.1,3423236,,,,0
1978,Ontario,2016A000235,Operating expenses after rebates,Dollars,81,thousands,3,v8688,7.11,2435078,,,,0
1978,Ontario,2016A000235,Net cash income,Dollars,81,thousands,3,v8689,7.12,988158,,,,0
1978,Ontario,2016A000235,Income-in-kind,Dollars,81,thousands,3,v8682,7.5,49735,,,,0
1978,Ontario,2016A000235,Depreciation charges,Dollars,81,thousands,3,v8690,7.13,427378,,,,0
1978,Ontario,2016A000235,Realized net income,Dollars,81,thousands,3,v8685,7.8,610515,,,,0
1978,Ontario,2016A000235,Value of inventory change,Dollars,81,thousands,3,v8679,7.2,-17048,,,,0
1978,Ontario,2016A000235,"Net income, total",Dollars,81,thousands,3,v8686,7.9,593467,,,,0
1978,Manitoba,2016A000246,"Cash receipts, total",Dollars,81,thousands,3,v8700,8.1,1146682,,,,0
1978,Manitoba,2016A000246,Operating expenses after rebates,Dollars,81,thousands,3,v8701,8.11,715393,,,,0
1978,Manitoba,2016A000246,Net cash income,Dollars,81,thousands,3,v8702,8.12,431289,,,,0
1978,Manitoba,2016A000246,Income-in-kind,Dollars,81,thousands,3,v8695,8.5,11611,,,,0
1978,Manitoba,2016A000246,Depreciation charges,Dollars,81,thousands,3,v8703,8.13,166021,,,,0
1978,Manitoba,2016A000246,Realized net income,Dollars,81,thousands,3,v8698,8.8,276879,,,,0
1978,Manitoba,2016A000246,Value of inventory change,Dollars,81,thousands,3,v8692,8.2,48509,,,,0
1978,Manitoba,2016A000246,"Net income, total",Dollars,81,thousands,3,v8699,8.9,325388,,,,0
1978,Saskatchewan,2016A000247,"Cash receipts, total",Dollars,81,thousands,3,v8713,9.1,2503044,,,,0
1978,Saskatchewan,2016A000247,Operating expenses after rebates,Dollars,81,thousands,3,v8714,9.11,1317439,,,,0
1978,Saskatchewan,2016A000247,Net cash income,Dollars,81,thousands,3,v8715,9.12,1185605,,,,0
1978,Saskatchewan,2016A000247,Income-in-kind,Dollars,81,thousands,3,v8708,9.5,24534,,,,0
1978,Saskatchewan,2016A000247,Depreciation charges,Dollars,81,thousands,3,v8716,9.13,446070,,,,0
1978,Saskatchewan,2016A000247,Realized net income,Dollars,81,thousands,3,v8711,9.8,764069,,,,0
1978,Saskatchewan,2016A000247,Value of inventory change,Dollars,81,thousands,3,v8705,9.2,52924,,,,0
1978,Saskatchewan,2016A000247,"Net income, total",Dollars,81,thousands,3,v8712,9.9,816993,,,,0
1978,Alberta,2016A000248,"Cash receipts, total",Dollars,81,thousands,3,v8726,10.1,2288979,,,,0
1978,Alberta,2016A000248,Operating expenses after rebates,Dollars,81,thousands,3,v8727,10.11,1462603,,,,0
1978,Alberta,2016A000248,Net cash income,Dollars,81,thousands,3,v8728,10.12,826376,,,,0
1978,Alberta,2016A000248,Income-in-kind,Dollars,81,thousands,3,v8721,10.5,24091,,,,0
1978,Alberta,2016A000248,Depreciation charges,Dollars,81,thousands,3,v8729,10.13,416480,,,,0
1978,Alberta,2016A000248,Realized net income,Dollars,81,thousands,3,v8724,10.8,433987,,,,0
1978,Alberta,2016A000248,Value of inventory change,Dollars,81,thousands,3,v8718,10.2,101976,,,,0
1978,Alberta,2016A000248,"Net income, total",Dollars,81,thousands,3,v8725,10.9,535963,,,,0
1978,British Columbia,2016A000259,"Cash receipts, total",Dollars,81,thousands,3,v8739,11.1,595690,,,,0
1978,British Columbia,2016A000259,Operating expenses after rebates,Dollars,81,thousands,3,v8740,11.11,486615,,,,0
1978,British Columbia,2016A000259,Net cash income,Dollars,81,thousands,3,v8741,11.12,109075,,,,0
1978,British Columbia,2016A000259,Income-in-kind,Dollars,81,thousands,3,v8734,11.5,8518,,,,0
1978,British Columbia,2016A000259,Depreciation charges,Dollars,81,thousands,3,v8742,11.13,64001,,,,0
1978,British Columbia,2016A000259,Realized net income,Dollars,81,thousands,3,v8737,11.8,53592,,,,0
1978,British Columbia,2016A000259,Value of inventory change,Dollars,81,thousands,3,v8731,11.2,6030,,,,0
1978,British Columbia,2016A000259,"Net income, total",Dollars,81,thousands,3,v8738,11.9,59622,,,,0
1979,Canada,2016A000011124,"Cash receipts, total",Dollars,81,thousands,3,v8622,1.1,14412524,,,,0
1979,Canada,2016A000011124,Operating expenses after rebates,Dollars,81,thousands,3,v8623,1.11,9530857,,,,0
1979,Canada,2016A000011124,Net cash income,Dollars,81,thousands,3,v8624,1.12,4881667,,,,0
1979,Canada,2016A000011124,Income-in-kind,Dollars,81,thousands,3,v8617,1.5,209536,,,,0
1979,Canada,2016A000011124,Depreciation charges,Dollars,81,thousands,3,v8625,1.13,2011529,,,,0
1979,Canada,2016A000011124,Realized net income,Dollars,81,thousands,3,v8620,1.8,3079674,,,,0
1979,Canada,2016A000011124,Value of inventory change,Dollars,81,thousands,3,v8614,1.2,-36027,,,,0
1979,Canada,2016A000011124,"Net income, total",Dollars,81,thousands,3,v8621,1.9,3043647,,,,0
1979,Newfoundland and Labrador,2016A000210,"Cash receipts, total",Dollars,81,thousands,3,v8076,2.1,26445,,,,0
1979,Newfoundland and Labrador,2016A000210,Operating expenses after rebates,Dollars,81,thousands,3,v8077,2.11,18765,,,,0
1979,Newfoundland and Labrador,2016A000210,Net cash income,Dollars,81,thousands,3,v8078,2.12,7680,,,,0
1979,Newfoundland and Labrador,2016A000210,Income-in-kind,Dollars,81,thousands,3,v8073,2.5,445,,,,0
1979,Newfoundland and Labrador,2016A000210,Depreciation charges,Dollars,81,thousands,3,v8079,2.13,1615,,,,0
1979,Newfoundland and Labrador,2016A000210,Realized net income,Dollars,81,thousands,3,v8074,2.8,6510,,,,0
1979,Newfoundland and Labrador,2016A000210,Value of inventory change,Dollars,81,thousands,3,v8072,2.2,74,,,,0
1979,Newfoundland and Labrador,2016A000210,"Net income, total",Dollars,81,thousands,3,v8075,2.9,6584,,,,0
1979,Prince Edward Island,2016A000211,"Cash receipts, total",Dollars,81,thousands,3,v8635,3.1,120793,,,,0
1979,Prince Edward Island,2016A000211,Operating expenses after rebates,Dollars,81,thousands,3,v8636,3.11,81599,,,,0
1979,Prince Edward Island,2016A000211,Net cash income,Dollars,81,thousands,3,v8637,3.12,39194,,,,0
1979,Prince Edward Island,2016A000211,Income-in-kind,Dollars,81,thousands,3,v8630,3.5,2854,,,,0
1979,Prince Edward Island,2016A000211,Depreciation charges,Dollars,81,thousands,3,v8638,3.13,13918,,,,0
1979,Prince Edward Island,2016A000211,Realized net income,Dollars,81,thousands,3,v8633,3.8,28130,,,,0
1979,Prince Edward Island,2016A000211,Value of inventory change,Dollars,81,thousands,3,v8627,3.2,2169,,,,0
1979,Prince Edward Island,2016A000211,"Net income, total",Dollars,81,thousands,3,v8634,3.9,30299,,,,0
1979,Nova Scotia,2016A000212,"Cash receipts, total",Dollars,81,thousands,3,v8648,4.1,178798,,,,0
1979,Nova Scotia,2016A000212,Operating expenses after rebates,Dollars,81,thousands,3,v8649,4.11,128567,,,,0
1979,Nova Scotia,2016A000212,Net cash income,Dollars,81,thousands,3,v8650,4.12,50231,,,,0
1979,Nova Scotia,2016A000212,Income-in-kind,Dollars,81,thousands,3,v8643,4.5,4611,,,,0
1979,Nova Scotia,2016A000212,Depreciation charges,Dollars,81,thousands,3,v8651,4.13,16936,,,,0
1979,Nova Scotia,2016A000212,Realized net income,Dollars,81,thousands,3,v8646,4.8,37906,,,,0
1979,Nova Scotia,2016A000212,Value of inventory change,Dollars,81,thousands,3,v8640,4.2,4653,,,,0
1979,Nova Scotia,2016A000212,"Net income, total",Dollars,81,thousands,3,v8647,4.9,42559,,,,0
1979,New Brunswick,2016A000213,"Cash receipts, total",Dollars,81,thousands,3,v8661,5.1,140576,,,,0
1979,New Brunswick,2016A000213,Operating expenses after rebates,Dollars,81,thousands,3,v8662,5.11,96395,,,,0
1979,New Brunswick,2016A000213,Net cash income,Dollars,81,thousands,3,v8663,5.12,44181,,,,0
1979,New Brunswick,2016A000213,Income-in-kind,Dollars,81,thousands,3,v8656,5.5,4201,,,,0
1979,New Brunswick,2016A000213,Depreciation charges,Dollars,81,thousands,3,v8664,5.13,14076,,,,0
1979,New Brunswick,2016A000213,Realized net income,Dollars,81,thousands,3,v8659,5.8,34306,,,,0
1979,New Brunswick,2016A000213,Value of inventory change,Dollars,81,thousands,3,v8653,5.2,740,,,,0
1979,New Brunswick,2016A000213,"Net income, total",Dollars,81,thousands,3,v8660,5.9,35046,,,,0
1979,Quebec,2016A000224,"Cash receipts, total",Dollars,81,thousands,3,v8674,6.1,1991830,,,,0
1979,Quebec,2016A000224,Operating expenses after rebates,Dollars,81,thousands,3,v8675,6.11,1399111,,,,0
1979,Quebec,2016A000224,Net cash income,Dollars,81,thousands,3,v8676,6.12,592719,,,,0
1979,Quebec,2016A000224,Income-in-kind,Dollars,81,thousands,3,v8669,6.5,60525,,,,0
1979,Quebec,2016A000224,Depreciation charges,Dollars,81,thousands,3,v8677,6.13,184472,,,,0
1979,Quebec,2016A000224,Realized net income,Dollars,81,thousands,3,v8672,6.8,468772,,,,0
1979,Quebec,2016A000224,Value of inventory change,Dollars,81,thousands,3,v8666,6.2,69346,,,,0
1979,Quebec,2016A000224,"Net income, total",Dollars,81,thousands,3,v8673,6.9,538118,,,,0
1979,Ontario,2016A000235,"Cash receipts, total",Dollars,81,thousands,3,v8687,7.1,4028559,,,,0
1979,Ontario,2016A000235,Operating expenses after rebates,Dollars,81,thousands,3,v8688,7.11,2921398,,,,0
1979,Ontario,2016A000235,Net cash income,Dollars,81,thousands,3,v8689,7.12,1107161,,,,0
1979,Ontario,2016A000235,Income-in-kind,Dollars,81,thousands,3,v8682,7.5,56441,,,,0
1979,Ontario,2016A000235,Depreciation charges,Dollars,81,thousands,3,v8690,7.13,485762,,,,0
1979,Ontario,2016A000235,Realized net income,Dollars,81,thousands,3,v8685,7.8,677840,,,,0
1979,Ontario,2016A000235,Value of inventory change,Dollars,81,thousands,3,v8679,7.2,56437,,,,0
1979,Ontario,2016A000235,"Net income, total",Dollars,81,thousands,3,v8686,7.9,734277,,,,0
1979,Manitoba,2016A000246,"Cash receipts, total",Dollars,81,thousands,3,v8700,8.1,1343084,,,,0
1979,Manitoba,2016A000246,Operating expenses after rebates,Dollars,81,thousands,3,v8701,8.11,895727,,,,0
1979,Manitoba,2016A000246,Net cash income,Dollars,81,thousands,3,v8702,8.12,447357,,,,0
1979,Manitoba,2016A000246,Income-in-kind,Dollars,81,thousands,3,v8695,8.5,12958,,,,0
1979,Manitoba,2016A000246,Depreciation charges,Dollars,81,thousands,3,v8703,8.13,193799,,,,0
1979,Manitoba,2016A000246,Realized net income,Dollars,81,thousands,3,v8698,8.8,266516,,,,0
1979,Manitoba,2016A000246,Value of inventory change,Dollars,81,thousands,3,v8692,8.2,-52583,,,,0
1979,Manitoba,2016A000246,"Net income, total",Dollars,81,thousands,3,v8699,8.9,213933,,,,0
1979,Saskatchewan,2016A000247,"Cash receipts, total",Dollars,81,thousands,3,v8713,9.1,3065992,,,,0
1979,Saskatchewan,2016A000247,Operating expenses after rebates,Dollars,81,thousands,3,v8714,9.11,1627501,,,,0
1979,Saskatchewan,2016A000247,Net cash income,Dollars,81,thousands,3,v8715,9.12,1438491,,,,0
1979,Saskatchewan,2016A000247,Income-in-kind,Dollars,81,thousands,3,v8708,9.5,29250,,,,0
1979,Saskatchewan,2016A000247,Depreciation charges,Dollars,81,thousands,3,v8716,9.13,518194,,,,0
1979,Saskatchewan,2016A000247,Realized net income,Dollars,81,thousands,3,v8711,9.8,949547,,,,0
1979,Saskatchewan,2016A000247,Value of inventory change,Dollars,81,thousands,3,v8705,9.2,-216337,,,,0
1979,Saskatchewan,2016A000247,"Net income, total",Dollars,81,thousands,3,v8712,9.9,733210,,,,0
1979,Alberta,2016A000248,"Cash receipts, total",Dollars,81,thousands,3,v8726,10.1,2842961,,,,0
1979,Alberta,2016A000248,Operating expenses after rebates,Dollars,81,thousands,3,v8727,10.11,1816670,,,,0
1979,Alberta,2016A000248,Net cash income,Dollars,81,thousands,3,v8728,10.12,1026291,,,,0
1979,Alberta,2016A000248,Income-in-kind,Dollars,81,thousands,3,v8721,10.5,27762,,,,0
1979,Alberta,2016A000248,Depreciation charges,Dollars,81,thousands,3,v8729,10.13,507030,,,,0
1979,Alberta,2016A000248,Realized net income,Dollars,81,thousands,3,v8724,10.8,547023,,,,0
1979,Alberta,2016A000248,Value of inventory change,Dollars,81,thousands,3,v8718,10.2,63898,,,,0
1979,Alberta,2016A000248,"Net income, total",Dollars,81,thousands,3,v8725,10.9,610921,,,,0
1979,British Columbia,2016A000259,"Cash receipts, total",Dollars,81,thousands,3,v8739,11.1,673486,,,,0
1979,British Columbia,2016A000259,Operating expenses after rebates,Dollars,81,thousands,3,v8740,11.11,545124,,,,0
1979,British Columbia,2016A000259,Net cash income,Dollars,81,thousands,3,v8741,11.12,128362,,,,0
1979,British Columbia,2016A000259,Income-in-kind,Dollars,81,thousands,3,v8734,11.5,10489,,,,0
1979,British Columbia,2016A000259,Depreciation charges,Dollars,81,thousands,3,v8742,11.13,75727,,,,0
1979,British Columbia,2016A000259,Realized net income,Dollars,81,thousands,3,v8737,11.8,63124,,,,0
1979,British Columbia,2016A000259,Value of inventory change,Dollars,81,thousands,3,v8731,11.2,35576,,,,0
1979,British Columbia,2016A000259,"Net income, total",Dollars,81,thousands,3,v8738,11.9,98700,,,,0
1980,Canada,2016A000011124,"Cash receipts, total",Dollars,81,thousands,3,v8622,1.1,15958977,,,,0
1980,Canada,2016A000011124,Operating expenses after rebates,Dollars,81,thousands,3,v8623,1.11,11085940,,,,0
1980,Canada,2016A000011124,Net cash income,Dollars,81,thousands,3,v8624,1.12,4873037,,,,0
1980,Canada,2016A000011124,Income-in-kind,Dollars,81,thousands,3,v8617,1.5,207243,,,,0
1980,Canada,2016A000011124,Depreciation charges,Dollars,81,thousands,3,v8625,1.13,2349406,,,,0
1980,Canada,2016A000011124,Realized net income,Dollars,81,thousands,3,v8620,1.8,2730874,,,,0
1980,Canada,2016A000011124,Value of inventory change,Dollars,81,thousands,3,v8614,1.2,-252291,,,,0
1980,Canada,2016A000011124,"Net income, total",Dollars,81,thousands,3,v8621,1.9,2478583,,,,0
1980,Newfoundland and Labrador,2016A000210,"Cash receipts, total",Dollars,81,thousands,3,v8076,2.1,27979,,,,0
1980,Newfoundland and Labrador,2016A000210,Operating expenses after rebates,Dollars,81,thousands,3,v8077,2.11,22387,,,,0
1980,Newfoundland and Labrador,2016A000210,Net cash income,Dollars,81,thousands,3,v8078,2.12,5592,,,,0
1980,Newfoundland and Labrador,2016A000210,Income-in-kind,Dollars,81,thousands,3,v8073,2.5,334,,,,0
1980,Newfoundland and Labrador,2016A000210,Depreciation charges,Dollars,81,thousands,3,v8079,2.13,1794,,,,0
1980,Newfoundland and Labrador,2016A000210,Realized net income,Dollars,81,thousands,3,v8074,2.8,4132,,,,0
1980,Newfoundland and Labrador,2016A000210,Value of inventory change,Dollars,81,thousands,3,v8072,2.2,-499,,,,0
1980,Newfoundland and Labrador,2016A000210,"Net income, total",Dollars,81,thousands,3,v8075,2.9,3633,,,,0
1980,Prince Edward Island,2016A000211,"Cash receipts, total",Dollars,81,thousands,3,v8635,3.1,140075,,,,0
1980,Prince Edward Island,2016A000211,Operating expenses after rebates,Dollars,81,thousands,3,v8636,3.11,94278,,,,0
1980,Prince Edward Island,2016A000211,Net cash income,Dollars,81,thousands,3,v8637,3.12,45797,,,,0
1980,Prince Edward Island,2016A000211,Income-in-kind,Dollars,81,thousands,3,v8630,3.5,2345,,,,0
1980,Prince Edward Island,2016A000211,Depreciation charges,Dollars,81,thousands,3,v8638,3.13,16169,,,,0
1980,Prince Edward Island,2016A000211,Realized net income,Dollars,81,thousands,3,v8633,3.8,31973,,,,0
1980,Prince Edward Island,2016A000211,Value of inventory change,Dollars,81,thousands,3,v8627,3.2,-8233,,,,0
1980,Prince Edward Island,2016A000211,"Net income, total",Dollars,81,thousands,3,v8634,3.9,23740,,,,0
1980,Nova Scotia,2016A000212,"Cash receipts, total",Dollars,81,thousands,3,v8648,4.1,196361,,,,0
1980,Nova Scotia,2016A000212,Operating expenses after rebates,Dollars,81,thousands,3,v8649,4.11,147478,,,,0
1980,Nova Scotia,2016A000212,Net cash income,Dollars,81,thousands,3,v8650,4.12,48883,,,,0
1980,Nova Scotia,2016A000212,Income-in-kind,Dollars,81,thousands,3,v8643,4.5,5394,,,,0
1980,Nova Scotia,2016A000212,Depreciation charges,Dollars,81,thousands,3,v8651,4.13,20570,,,,0
1980,Nova Scotia,2016A000212,Realized net income,Dollars,81,thousands,3,v8646,4.8,33707,,,,0
1980,Nova Scotia,2016A000212,Value of inventory change,Dollars,81,thousands,3,v8640,4.2,2065,,,,0
1980,Nova Scotia,2016A000212,"Net income, total",Dollars,81,thousands,3,v8647,4.9,35772,,,,0
1980,New Brunswick,2016A000213,"Cash receipts, total",Dollars,81,thousands,3,v8661,5.1,151997,,,,0
1980,New Brunswick,2016A000213,Operating expenses after rebates,Dollars,81,thousands,3,v8662,5.11,121535,,,,0
1980,New Brunswick,2016A000213,Net cash income,Dollars,81,thousands,3,v8663,5.12,30462,,,,0
1980,New Brunswick,2016A000213,Income-in-kind,Dollars,81,thousands,3,v8656,5.5,3293,,,,0
1980,New Brunswick,2016A000213,Depreciation charges,Dollars,81,thousands,3,v8664,5.13,16066,,,,0
1980,New Brunswick,2016A000213,Realized net income,Dollars,81,thousands,3,v8659,5.8,17689,,,,0
1980,New Brunswick,2016A000213,Value of inventory change,Dollars,81,thousands,3,v8653,5.2,-1399,,,,0
1980,New Brunswick,2016A000213,"Net income, total",Dollars,81,thousands,3,v8660,5.9,16290,,,,0
1980,Quebec,2016A000224,"Cash receipts, total",Dollars,81,thousands,3,v8674,6.1,2291655,,,,0
1980,Quebec,2016A000224,Operating expenses after rebates,Dollars,81,thousands,3,v8675,6.11,1619614,,,,0
1980,Quebec,2016A000224,Net cash income,Dollars,81,thousands,3,v8676,6.12,672041,,,,0
1980,Quebec,2016A000224,Income-in-kind,Dollars,81,thousands,3,v8669,6.5,52163,,,,0
1980,Quebec,2016A000224,Depreciation charges,Dollars,81,thousands,3,v8677,6.13,217216,,,,0
1980,Quebec,2016A000224,Realized net income,Dollars,81,thousands,3,v8672,6.8,506988,,,,0
1980,Quebec,2016A000224,Value of inventory change,Dollars,81,thousands,3,v8666,6.2,40030,,,,0
1980,Quebec,2016A000224,"Net income, total",Dollars,81,thousands,3,v8673,6.9,547018,,,,0
1980,Ontario,2016A000235,"Cash receipts, total",Dollars,81,thousands,3,v8687,7.1,4400684,,,,0
1980,Ontario,2016A000235,Operating expenses after rebates,Dollars,81,thousands,3,v8688,7.11,3412476,,,,0
1980,Ontario,2016A000235,Net cash income,Dollars,81,thousands,3,v8689,7.12,988208,,,,0
1980,Ontario,2016A000235,Income-in-kind,Dollars,81,thousands,3,v8682,7.5,52801,,,,0
1980,Ontario,2016A000235,Depreciation charges,Dollars,81,thousands,3,v8690,7.13,558720,,,,0
1980,Ontario,2016A000235,Realized net income,Dollars,81,thousands,3,v8685,7.8,482289,,,,0
1980,Ontario,2016A000235,Value of inventory change,Dollars,81,thousands,3,v8679,7.2,100431,,,,0
1980,Ontario,2016A000235,"Net income, total",Dollars,81,thousands,3,v8686,7.9,582720,,,,0
1980,Manitoba,2016A000246,"Cash receipts, total",Dollars,81,thousands,3,v8700,8.1,1494293,,,,0
1980,Manitoba,2016A000246,Operating expenses after rebates,Dollars,81,thousands,3,v8701,8.11,1035256,,,,0
1980,Manitoba,2016A000246,Net cash income,Dollars,81,thousands,3,v8702,8.12,459037,,,,0
1980,Manitoba,2016A000246,Income-in-kind,Dollars,81,thousands,3,v8695,8.5,15296,,,,0
1980,Manitoba,2016A000246,Depreciation charges,Dollars,81,thousands,3,v8703,8.13,224299,,,,0
1980,Manitoba,2016A000246,Realized net income,Dollars,81,thousands,3,v8698,8.8,250034,,,,0
1980,Manitoba,2016A000246,Value of inventory change,Dollars,81,thousands,3,v8692,8.2,-236443,,,,0
1980,Manitoba,2016A000246,"Net income, total",Dollars,81,thousands,3,v8699,8.9,13591,,,,0
1980,Saskatchewan,2016A000247,"Cash receipts, total",Dollars,81,thousands,3,v8713,9.1,3332012,,,,0
1980,Saskatchewan,2016A000247,Operating expenses after rebates,Dollars,81,thousands,3,v8714,9.11,1867913,,,,0
1980,Saskatchewan,2016A000247,Net cash income,Dollars,81,thousands,3,v8715,9.12,1464099,,,,0
1980,Saskatchewan,2016A000247,Income-in-kind,Dollars,81,thousands,3,v8708,9.5,31875,,,,0
1980,Saskatchewan,2016A000247,Depreciation charges,Dollars,81,thousands,3,v8716,9.13,603908,,,,0
1980,Saskatchewan,2016A000247,Realized net income,Dollars,81,thousands,3,v8711,9.8,892066,,,,0
1980,Saskatchewan,2016A000247,Value of inventory change,Dollars,81,thousands,3,v8705,9.2,-319126,,,,0
1980,Saskatchewan,2016A000247,"Net income, total",Dollars,81,thousands,3,v8712,9.9,572940,,,,0
1980,Alberta,2016A000248,"Cash receipts, total",Dollars,81,thousands,3,v8726,10.1,3144451,,,,0
1980,Alberta,2016A000248,Operating expenses after rebates,Dollars,81,thousands,3,v8727,10.11,2123364,,,,0
1980,Alberta,2016A000248,Net cash income,Dollars,81,thousands,3,v8728,10.12,1021087,,,,0
1980,Alberta,2016A000248,Income-in-kind,Dollars,81,thousands,3,v8721,10.5,29850,,,,0
1980,Alberta,2016A000248,Depreciation charges,Dollars,81,thousands,3,v8729,10.13,599711,,,,0
1980,Alberta,2016A000248,Realized net income,Dollars,81,thousands,3,v8724,10.8,451226,,,,0
1980,Alberta,2016A000248,Value of inventory change,Dollars,81,thousands,3,v8718,10.2,153938,,,,0
1980,Alberta,2016A000248,"Net income, total",Dollars,81,thousands,3,v8725,10.9,605164,,,,0
1980,British Columbia,2016A000259,"Cash receipts, total",Dollars,81,thousands,3,v8739,11.1,779470,,,,0
1980,British Columbia,2016A000259,Operating expenses after rebates,Dollars,81,thousands,3,v8740,11.11,641639,,,,0
1980,British Columbia,2016A000259,Net cash income,Dollars,81,thousands,3,v8741,11.12,137831,,,,0
1980,British Columbia,2016A000259,Income-in-kind,Dollars,81,thousands,3,v8734,11.5,13892,,,,0
1980,British Columbia,2016A000259,Depreciation charges,Dollars,81,thousands,3,v8742,11.13,90953,,,,0
1980,British Columbia,2016A000259,Realized net income,Dollars,81,thousands,3,v8737,11.8,60770,,,,0
1980,British Columbia,2016A000259,Value of inventory change,Dollars,81,thousands,3,v8731,11.2,16945,,,,0
1980,British Columbia,2016A000259,"Net income, total",Dollars,81,thousands,3,v8738,11.9,77715,,,,0
1981,Canada,2016A000011124,"Cash receipts, total",Dollars,81,thousands,3,v8622,1.1,18534208,,,,0
1981,Canada,2016A000011124,Operating expenses after rebates,Dollars,81,thousands,3,v8623,1.11,13188388,,,,0
1981,Canada,2016A000011124,Net cash income,Dollars,81,thousands,3,v8624,1.12,5345820,,,,0
1981,Canada,2016A000011124,Income-in-kind,Dollars,81,thousands,3,v8617,1.5,216786,,,,0
1981,Canada,2016A000011124,Depreciation charges,Dollars,81,thousands,3,v8625,1.13,2612683,,,,0
1981,Canada,2016A000011124,Realized net income,Dollars,81,thousands,3,v8620,1.8,2949923,,,,0
1981,Canada,2016A000011124,Value of inventory change,Dollars,81,thousands,3,v8614,1.2,782649,,,,0
1981,Canada,2016A000011124,"Net income, total",Dollars,81,thousands,3,v8621,1.9,3732572,,,,0
1981,Newfoundland and Labrador,2016A000210,"Cash receipts, total",Dollars,81,thousands,3,v8076,2.1,32239,,,,0
1981,Newfoundland and Labrador,2016A000210,Operating expenses after rebates,Dollars,81,thousands,3,v8077,2.11,28702,,,,0
1981,Newfoundland and Labrador,2016A000210,Net cash income,Dollars,81,thousands,3,v8078,2.12,3537,,,,0
1981,Newfoundland and Labrador,2016A000210,Income-in-kind,Dollars,81,thousands,3,v8073,2.5,408,,,,0
1981,Newfoundland and Labrador,2016A000210,Depreciation charges,Dollars,81,thousands,3,v8079,2.13,1918,,,,0
1981,Newfoundland and Labrador,2016A000210,Realized net income,Dollars,81,thousands,3,v8074,2.8,2027,,,,0
1981,Newfoundland and Labrador,2016A000210,Value of inventory change,Dollars,81,thousands,3,v8072,2.2,627,,,,0
1981,Newfoundland and Labrador,2016A000210,"Net income, total",Dollars,81,thousands,3,v8075,2.9,2654,,,,0
1981,Prince Edward Island,2016A000211,"Cash receipts, total",Dollars,81,thousands,3,v8635,3.1,189582,,,,0
1981,Prince Edward Island,2016A000211,Operating expenses after rebates,Dollars,81,thousands,3,v8636,3.11,115022,,,,0
1981,Prince Edward Island,2016A000211,Net cash income,Dollars,81,thousands,3,v8637,3.12,74560,,,,0
1981,Prince Edward Island,2016A000211,Income-in-kind,Dollars,81,thousands,3,v8630,3.5,2903,,,,0
1981,Prince Edward Island,2016A000211,Depreciation charges,Dollars,81,thousands,3,v8638,3.13,18109,,,,0
1981,Prince Edward Island,2016A000211,Realized net income,Dollars,81,thousands,3,v8633,3.8,59354,,,,0
1981,Prince Edward Island,2016A000211,Value of inventory change,Dollars,81,thousands,3,v8627,3.2,20996,,,,0
1981,Prince Edward Island,2016A000211,"Net income, total",Dollars,81,thousands,3,v8634,3.9,80350,,,,0
1981,Nova Scotia,2016A000212,"Cash receipts, total",Dollars,81,thousands,3,v8648,4.1,227003,,,,0
1981,Nova Scotia,2016A000212,Operating expenses after rebates,Dollars,81,thousands,3,v8649,4.11,172748,,,,0
1981,Nova Scotia,2016A000212,Net cash income,Dollars,81,thousands,3,v8650,4.12,54255,,,,0
1981,Nova Scotia,2016A000212,Income-in-kind,Dollars,81,thousands,3,v8643,4.5,3793,,,,0
1981,Nova Scotia,2016A000212,Depreciation charges,Dollars,81,thousands,3,v8651,4.13,22612,,,,0
1981,Nova Scotia,2016A000212,Realized net income,Dollars,81,thousands,3,v8646,4.8,35436,,,,0
1981,Nova Scotia,2016A000212,Value of inventory change,Dollars,81,thousands,3,v8640,4.2,-1398,,,,0
1981,Nova Scotia,2016A000212,"Net income, total",Dollars,81,thousands,3,v8647,4.9,34038,,,,0
1981,New Brunswick,2016A000213,"Cash receipts, total",Dollars,81,thousands,3,v8661,5.1,194913,,,,0
1981,New Brunswick,2016A000213,Operating expenses after rebates,Dollars,81,thousands,3,v8662,5.11,150796,,,,0
1981,New Brunswick,2016A000213,Net cash income,Dollars,81,thousands,3,v8663,5.12,44117,,,,0
1981,New Brunswick,2016A000213,Income-in-kind,Dollars,81,thousands,3,v8656,5.5,4008,,,,0
1981,New Brunswick,2016A000213,Depreciation charges,Dollars,81,thousands,3,v8664,5.13,17920,,,,0
1981,New Brunswick,2016A000213,Realized net income,Dollars,81,thousands,3,v8659,5.8,30205,,,,0
1981,New Brunswick,2016A000213,Value of inventory change,Dollars,81,thousands,3,v8653,5.2,9596,,,,0
1981,New Brunswick,2016A000213,"Net income, total",Dollars,81,thousands,3,v8660,5.9,39801,,,,0
1981,Quebec,2016A000224,"Cash receipts, total",Dollars,81,thousands,3,v8674,6.1,2681494,,,,0
1981,Quebec,2016A000224,Operating expenses after rebates,Dollars,81,thousands,3,v8675,6.11,1973827,,,,0
1981,Quebec,2016A000224,Net cash income,Dollars,81,thousands,3,v8676,6.12,707667,,,,0
1981,Quebec,2016A000224,Income-in-kind,Dollars,81,thousands,3,v8669,6.5,63237,,,,0
1981,Quebec,2016A000224,Depreciation charges,Dollars,81,thousands,3,v8677,6.13,240928,,,,0
1981,Quebec,2016A000224,Realized net income,Dollars,81,thousands,3,v8672,6.8,529976,,,,0
1981,Quebec,2016A000224,Value of inventory change,Dollars,81,thousands,3,v8666,6.2,-12236,,,,0
1981,Quebec,2016A000224,"Net income, total",Dollars,81,thousands,3,v8673,6.9,517740,,,,0
1981,Ontario,2016A000235,"Cash receipts, total",Dollars,81,thousands,3,v8687,7.1,4836578,,,,0
1981,Ontario,2016A000235,Operating expenses after rebates,Dollars,81,thousands,3,v8688,7.11,3683217,,,,0
1981,Ontario,2016A000235,Net cash income,Dollars,81,thousands,3,v8689,7.12,1153361,,,,0
1981,Ontario,2016A000235,Income-in-kind,Dollars,81,thousands,3,v8682,7.5,66426,,,,0
1981,Ontario,2016A000235,Depreciation charges,Dollars,81,thousands,3,v8690,7.13,610519,,,,0
1981,Ontario,2016A000235,Realized net income,Dollars,81,thousands,3,v8685,7.8,609268,,,,0
1981,Ontario,2016A000235,Value of inventory change,Dollars,81,thousands,3,v8679,7.2,-40389,,,,0
1981,Ontario,2016A000235,"Net income, total",Dollars,81,thousands,3,v8686,7.9,568879,,,,0
1981,Manitoba,2016A000246,"Cash receipts, total",Dollars,81,thousands,3,v8700,8.1,1651428,,,,0
1981,Manitoba,2016A000246,Operating expenses after rebates,Dollars,81,thousands,3,v8701,8.11,1251288,,,,0
1981,Manitoba,2016A000246,Net cash income,Dollars,81,thousands,3,v8702,8.12,400140,,,,0
1981,Manitoba,2016A000246,Income-in-kind,Dollars,81,thousands,3,v8695,8.5,14887,,,,0
1981,Manitoba,2016A000246,Depreciation charges,Dollars,81,thousands,3,v8703,8.13,251006,,,,0
1981,Manitoba,2016A000246,Realized net income,Dollars,81,thousands,3,v8698,8.8,164021,,,,0
1981,Manitoba,2016A000246,Value of inventory change,Dollars,81,thousands,3,v8692,8.2,227125,,,,0
1981,Manitoba,2016A000246,"Net income, total",Dollars,81,thousands,3,v8699,8.9,391146,,,,0
1981,Saskatchewan,2016A000247,"Cash receipts, total",Dollars,81,thousands,3,v8713,9.1,3993891,,,,0
1981,Saskatchewan,2016A000247,Operating expenses after rebates,Dollars,81,thousands,3,v8714,9.11,2345457,,,,0
1981,Saskatchewan,2016A000247,Net cash income,Dollars,81,thousands,3,v8715,9.12,1648434,,,,0
1981,Saskatchewan,2016A000247,Income-in-kind,Dollars,81,thousands,3,v8708,9.5,27286,,,,0
1981,Saskatchewan,2016A000247,Depreciation charges,Dollars,81,thousands,3,v8716,9.13,674596,,,,0
1981,Saskatchewan,2016A000247,Realized net income,Dollars,81,thousands,3,v8711,9.8,1001124,,,,0
1981,Saskatchewan,2016A000247,Value of inventory change,Dollars,81,thousands,3,v8705,9.2,478252,,,,0
1981,Saskatchewan,2016A000247,"Net income, total",Dollars,81,thousands,3,v8712,9.9,1479376,,,,0
1981,Alberta,2016A000248,"Cash receipts, total",Dollars,81,thousands,3,v8726,10.1,3849946,,,,0
1981,Alberta,2016A000248,Operating expenses after rebates,Dollars,81,thousands,3,v8727,10.11,2685203,,,,0
1981,Alberta,2016A000248,Net cash income,Dollars,81,thousands,3,v8728,10.12,1164743,,,,0
1981,Alberta,2016A000248,Income-in-kind,Dollars,81,thousands,3,v8721,10.5,23404,,,,0
1981,Alberta,2016A000248,Depreciation charges,Dollars,81,thousands,3,v8729,10.13,671675,,,,0
1981,Alberta,2016A000248,Realized net income,Dollars,81,thousands,3,v8724,10.8,516472,,,,0
1981,Alberta,2016A000248,Value of inventory change,Dollars,81,thousands,3,v8718,10.2,113451,,,,0
1981,Alberta,2016A000248,"Net income, total",Dollars,81,thousands,3,v8725,10.9,629923,,,,0
1981,British Columbia,2016A000259,"Cash receipts, total",Dollars,81,thousands,3,v8739,11.1,877134,,,,0
1981,British Columbia,2016A000259,Operating expenses after rebates,Dollars,81,thousands,3,v8740,11.11,782128,,,,0
1981,British Columbia,2016A000259,Net cash income,Dollars,81,thousands,3,v8741,11.12,95006,,,,0
1981,British Columbia,2016A000259,Income-in-kind,Dollars,81,thousands,3,v8734,11.5,10434,,,,0
1981,British Columbia,2016A000259,Depreciation charges,Dollars,81,thousands,3,v8742,11.13,103400,,,,0
1981,British Columbia,2016A000259,Realized net income,Dollars,81,thousands,3,v8737,11.8,2040,,,,0
1981,British Columbia,2016A000259,Value of inventory change,Dollars,81,thousands,3,v8731,11.2,-13375,,,,0
1981,British Columbia,2016A000259,"Net income, total",Dollars,81,thousands,3,v8738,11.9,-11335,,,,0
1982,Canada,2016A000011124,"Cash receipts, total",Dollars,81,thousands,3,v8622,1.1,18882646,,,,0
1982,Canada,2016A000011124,Operating expenses after rebates,Dollars,81,thousands,3,v8623,1.11,13801855,,,,0
1982,Canada,2016A000011124,Net cash income,Dollars,81,thousands,3,v8624,1.12,5080791,,,,0
1982,Canada,2016A000011124,Income-in-kind,Dollars,81,thousands,3,v8617,1.5,205757,,,,0
1982,Canada,2016A000011124,Depreciation charges,Dollars,81,thousands,3,v8625,1.13,2789531,,,,0
1982,Canada,2016A000011124,Realized net income,Dollars,81,thousands,3,v8620,1.8,2497017,,,,0
1982,Canada,2016A000011124,Value of inventory change,Dollars,81,thousands,3,v8614,1.2,-25632,,,,0
1982,Canada,2016A000011124,"Net income, total",Dollars,81,thousands,3,v8621,1.9,2471385,,,,0
1982,Newfoundland and Labrador,2016A000210,"Cash receipts, total",Dollars,81,thousands,3,v8076,2.1,33403,,,,0
1982,Newfoundland and Labrador,2016A000210,Operating expenses after rebates,Dollars,81,thousands,3,v8077,2.11,30528,,,,0
1982,Newfoundland and Labrador,2016A000210,Net cash income,Dollars,81,thousands,3,v8078,2.12,2875,,,,0
1982,Newfoundland and Labrador,2016A000210,Income-in-kind,Dollars,81,thousands,3,v8073,2.5,390,,,,0
1982,Newfoundland and Labrador,2016A000210,Depreciation charges,Dollars,81,thousands,3,v8079,2.13,1913,,,,0
1982,Newfoundland and Labrador,2016A000210,Realized net income,Dollars,81,thousands,3,v8074,2.8,1352,,,,0
1982,Newfoundland and Labrador,2016A000210,Value of inventory change,Dollars,81,thousands,3,v8072,2.2,-802,,,,0
1982,Newfoundland and Labrador,2016A000210,"Net income, total",Dollars,81,thousands,3,v8075,2.9,550,,,,0
1982,Prince Edward Island,2016A000211,"Cash receipts, total",Dollars,81,thousands,3,v8635,3.1,161900,,,,0
1982,Prince Edward Island,2016A000211,Operating expenses after rebates,Dollars,81,thousands,3,v8636,3.11,125103,,,,0
1982,Prince Edward Island,2016A000211,Net cash income,Dollars,81,thousands,3,v8637,3.12,36797,,,,0
1982,Prince Edward Island,2016A000211,Income-in-kind,Dollars,81,thousands,3,v8630,3.5,2333,,,,0
1982,Prince Edward Island,2016A000211,Depreciation charges,Dollars,81,thousands,3,v8638,3.13,18560,,,,0
1982,Prince Edward Island,2016A000211,Realized net income,Dollars,81,thousands,3,v8633,3.8,20570,,,,0
1982,Prince Edward Island,2016A000211,Value of inventory change,Dollars,81,thousands,3,v8627,3.2,794,,,,0
1982,Prince Edward Island,2016A000211,"Net income, total",Dollars,81,thousands,3,v8634,3.9,21364,,,,0
1982,Nova Scotia,2016A000212,"Cash receipts, total",Dollars,81,thousands,3,v8648,4.1,232242,,,,0
1982,Nova Scotia,2016A000212,Operating expenses after rebates,Dollars,81,thousands,3,v8649,4.11,189191,,,,0
1982,Nova Scotia,2016A000212,Net cash income,Dollars,81,thousands,3,v8650,4.12,43051,,,,0
1982,Nova Scotia,2016A000212,Income-in-kind,Dollars,81,thousands,3,v8643,4.5,4462,,,,0
1982,Nova Scotia,2016A000212,Depreciation charges,Dollars,81,thousands,3,v8651,4.13,23942,,,,0
1982,Nova Scotia,2016A000212,Realized net income,Dollars,81,thousands,3,v8646,4.8,23571,,,,0
1982,Nova Scotia,2016A000212,Value of inventory change,Dollars,81,thousands,3,v8640,4.2,294,,,,0
1982,Nova Scotia,2016A000212,"Net income, total",Dollars,81,thousands,3,v8647,4.9,23865,,,,0
1982,New Brunswick,2016A000213,"Cash receipts, total",Dollars,81,thousands,3,v8661,5.1,190327,,,,0
1982,New Brunswick,2016A000213,Operating expenses after rebates,Dollars,81,thousands,3,v8662,5.11,163002,,,,0
1982,New Brunswick,2016A000213,Net cash income,Dollars,81,thousands,3,v8663,5.12,27325,,,,0
1982,New Brunswick,2016A000213,Income-in-kind,Dollars,81,thousands,3,v8656,5.5,3883,,,,0
1982,New Brunswick,2016A000213,Depreciation charges,Dollars,81,thousands,3,v8664,5.13,18117,,,,0
1982,New Brunswick,2016A000213,Realized net income,Dollars,81,thousands,3,v8659,5.8,13091,,,,0
1982,New Brunswick,2016A000213,Value of inventory change,Dollars,81,thousands,3,v8653,5.2,1438,,,,0
1982,New Brunswick,2016A000213,"Net income, total",Dollars,81,thousands,3,v8660,5.9,14529,,,,0
1982,Quebec,2016A000224,"Cash receipts, total",Dollars,81,thousands,3,v8674,6.1,2840677,,,,0
1982,Quebec,2016A000224,Operating expenses after rebates,Dollars,81,thousands,3,v8675,6.11,2086314,,,,0
1982,Quebec,2016A000224,Net cash income,Dollars,81,thousands,3,v8676,6.12,754363,,,,0
1982,Quebec,2016A000224,Income-in-kind,Dollars,81,thousands,3,v8669,6.5,60671,,,,0
1982,Quebec,2016A000224,Depreciation charges,Dollars,81,thousands,3,v8677,6.13,259335,,,,0
1982,Quebec,2016A000224,Realized net income,Dollars,81,thousands,3,v8672,6.8,555699,,,,0
1982,Quebec,2016A000224,Value of inventory change,Dollars,81,thousands,3,v8666,6.2,-33101,,,,0
1982,Quebec,2016A000224,"Net income, total",Dollars,81,thousands,3,v8673,6.9,522598,,,,0
1982,Ontario,2016A000235,"Cash receipts, total",Dollars,81,thousands,3,v8687,7.1,4861515,,,,0
1982,Ontario,2016A000235,Operating expenses after rebates,Dollars,81,thousands,3,v8688,7.11,3815051,,,,0
1982,Ontario,2016A000235,Net cash income,Dollars,81,thousands,3,v8689,7.12,1046464,,,,0
1982,Ontario,2016A000235,Income-in-kind,Dollars,81,thousands,3,v8682,7.5,62868,,,,0
1982,Ontario,2016A000235,Depreciation charges,Dollars,81,thousands,3,v8690,7.13,628073,,,,0
1982,Ontario,2016A000235,Realized net income,Dollars,81,thousands,3,v8685,7.8,481259,,,,0
1982,Ontario,2016A000235,Value of inventory change,Dollars,81,thousands,3,v8679,7.2,-134420,,,,0
1982,Ontario,2016A000235,"Net income, total",Dollars,81,thousands,3,v8686,7.9,346839,,,,0
1982,Manitoba,2016A000246,"Cash receipts, total",Dollars,81,thousands,3,v8700,8.1,1724981,,,,0
1982,Manitoba,2016A000246,Operating expenses after rebates,Dollars,81,thousands,3,v8701,8.11,1287879,,,,0
1982,Manitoba,2016A000246,Net cash income,Dollars,81,thousands,3,v8702,8.12,437102,,,,0
1982,Manitoba,2016A000246,Income-in-kind,Dollars,81,thousands,3,v8695,8.5,13918,,,,0
1982,Manitoba,2016A000246,Depreciation charges,Dollars,81,thousands,3,v8703,8.13,274349,,,,0
1982,Manitoba,2016A000246,Realized net income,Dollars,81,thousands,3,v8698,8.8,176671,,,,0
1982,Manitoba,2016A000246,Value of inventory change,Dollars,81,thousands,3,v8692,8.2,78243,,,,0
1982,Manitoba,2016A000246,"Net income, total",Dollars,81,thousands,3,v8699,8.9,254914,,,,0
1982,Saskatchewan,2016A000247,"Cash receipts, total",Dollars,81,thousands,3,v8713,9.1,4063725,,,,0
1982,Saskatchewan,2016A000247,Operating expenses after rebates,Dollars,81,thousands,3,v8714,9.11,2495479,,,,0
1982,Saskatchewan,2016A000247,Net cash income,Dollars,81,thousands,3,v8715,9.12,1568246,,,,0
1982,Saskatchewan,2016A000247,Income-in-kind,Dollars,81,thousands,3,v8708,9.5,26034,,,,0
1982,Saskatchewan,2016A000247,Depreciation charges,Dollars,81,thousands,3,v8716,9.13,740205,,,,0
1982,Saskatchewan,2016A000247,Realized net income,Dollars,81,thousands,3,v8711,9.8,854075,,,,0
1982,Saskatchewan,2016A000247,Value of inventory change,Dollars,81,thousands,3,v8705,9.2,127062,,,,0
1982,Saskatchewan,2016A000247,"Net income, total",Dollars,81,thousands,3,v8712,9.9,981137,,,,0
1982,Alberta,2016A000248,"Cash receipts, total",Dollars,81,thousands,3,v8726,10.1,3812093,,,,0
1982,Alberta,2016A000248,Operating expenses after rebates,Dollars,81,thousands,3,v8727,10.11,2754889,,,,0
1982,Alberta,2016A000248,Net cash income,Dollars,81,thousands,3,v8728,10.12,1057204,,,,0
1982,Alberta,2016A000248,Income-in-kind,Dollars,81,thousands,3,v8721,10.5,21124,,,,0
1982,Alberta,2016A000248,Depreciation charges,Dollars,81,thousands,3,v8729,10.13,721112,,,,0
1982,Alberta,2016A000248,Realized net income,Dollars,81,thousands,3,v8724,10.8,357216,,,,0
1982,Alberta,2016A000248,Value of inventory change,Dollars,81,thousands,3,v8718,10.2,-54749,,,,0
1982,Alberta,2016A000248,"Net income, total",Dollars,81,thousands,3,v8725,10.9,302467,,,,0
1982,British Columbia,2016A000259,"Cash receipts, total",Dollars,81,thousands,3,v8739,11.1,961783,,,,0
1982,British Columbia,2016A000259,Operating expenses after rebates,Dollars,81,thousands,3,v8740,11.11,854419,,,,0
1982,British Columbia,2016A000259,Net cash income,Dollars,81,thousands,3,v8741,11.12,107364,,,,0
1982,British Columbia,2016A000259,Income-in-kind,Dollars,81,thousands,3,v8734,11.5,10074,,,,0
1982,British Columbia,2016A000259,Depreciation charges,Dollars,81,thousands,3,v8742,11.13,103925,,,,0
1982,British Columbia,2016A000259,Realized net income,Dollars,81,thousands,3,v8737,11.8,13513,,,,0
1982,British Columbia,2016A000259,Value of inventory change,Dollars,81,thousands,3,v8731,11.2,-10391,,,,0
1982,British Columbia,2016A000259,"Net income, total",Dollars,81,thousands,3,v8738,11.9,3122,,,,0
1983,Canada,2016A000011124,"Cash receipts, total",Dollars,81,thousands,3,v8622,1.1,18859508,,,,0
1983,Canada,2016A000011124,Operating expenses after rebates,Dollars,81,thousands,3,v8623,1.11,13961563,,,,0
1983,Canada,2016A000011124,Net cash income,Dollars,81,thousands,3,v8624,1.12,4897945,,,,0
1983,Canada,2016A000011124,Income-in-kind,Dollars,81,thousands,3,v8617,1.5,204573,,,,0
1983,Canada,2016A000011124,Depreciation charges,Dollars,81,thousands,3,v8625,1.13,2826978,,,,0
1983,Canada,2016A000011124,Realized net income,Dollars,81,thousands,3,v8620,1.8,2275540,,,,0
1983,Canada,2016A000011124,Value of inventory change,Dollars,81,thousands,3,v8614,1.2,-678623,,,,0
1983,Canada,2016A000011124,"Net income, total",Dollars,81,thousands,3,v8621,1.9,1596917,,,,0
1983,Newfoundland and Labrador,2016A000210,"Cash receipts, total",Dollars,81,thousands,3,v8076,2.1,34949,,,,0
1983,Newfoundland and Labrador,2016A000210,Operating expenses after rebates,Dollars,81,thousands,3,v8077,2.11,31263,,,,0
1983,Newfoundland and Labrador,2016A000210,Net cash income,Dollars,81,thousands,3,v8078,2.12,3686,,,,0
1983,Newfoundland and Labrador,2016A000210,Income-in-kind,Dollars,81,thousands,3,v8073,2.5,394,,,,0
1983,Newfoundland and Labrador,2016A000210,Depreciation charges,Dollars,81,thousands,3,v8079,2.13,1907,,,,0
1983,Newfoundland and Labrador,2016A000210,Realized net income,Dollars,81,thousands,3,v8074,2.8,2173,,,,0
1983,Newfoundland and Labrador,2016A000210,Value of inventory change,Dollars,81,thousands,3,v8072,2.2,1171,,,,0
1983,Newfoundland and Labrador,2016A000210,"Net income, total",Dollars,81,thousands,3,v8075,2.9,3344,,,,0
1983,Prince Edward Island,2016A000211,"Cash receipts, total",Dollars,81,thousands,3,v8635,3.1,172431,,,,0
1983,Prince Edward Island,2016A000211,Operating expenses after rebates,Dollars,81,thousands,3,v8636,3.11,132718,,,,0
1983,Prince Edward Island,2016A000211,Net cash income,Dollars,81,thousands,3,v8637,3.12,39713,,,,0
1983,Prince Edward Island,2016A000211,Income-in-kind,Dollars,81,thousands,3,v8630,3.5,2444,,,,0
1983,Prince Edward Island,2016A000211,Depreciation charges,Dollars,81,thousands,3,v8638,3.13,17991,,,,0
1983,Prince Edward Island,2016A000211,Realized net income,Dollars,81,thousands,3,v8633,3.8,24166,,,,0
1983,Prince Edward Island,2016A000211,Value of inventory change,Dollars,81,thousands,3,v8627,3.2,-4962,,,,0
1983,Prince Edward Island,2016A000211,"Net income, total",Dollars,81,thousands,3,v8634,3.9,19204,,,,0
1983,Nova Scotia,2016A000212,"Cash receipts, total",Dollars,81,thousands,3,v8648,4.1,236496,,,,0
1983,Nova Scotia,2016A000212,Operating expenses after rebates,Dollars,81,thousands,3,v8649,4.11,197886,,,,0
1983,Nova Scotia,2016A000212,Net cash income,Dollars,81,thousands,3,v8650,4.12,38610,,,,0
1983,Nova Scotia,2016A000212,Income-in-kind,Dollars,81,thousands,3,v8643,4.5,4372,,,,0
1983,Nova Scotia,2016A000212,Depreciation charges,Dollars,81,thousands,3,v8651,4.13,25061,,,,0
1983,Nova Scotia,2016A000212,Realized net income,Dollars,81,thousands,3,v8646,4.8,17921,,,,0
1983,Nova Scotia,2016A000212,Value of inventory change,Dollars,81,thousands,3,v8640,4.2,-47,,,,0
1983,Nova Scotia,2016A000212,"Net income, total",Dollars,81,thousands,3,v8647,4.9,17874,,,,0
1983,New Brunswick,2016A000213,"Cash receipts, total",Dollars,81,thousands,3,v8661,5.1,199979,,,,0
1983,New Brunswick,2016A000213,Operating expenses after rebates,Dollars,81,thousands,3,v8662,5.11,160759,,,,0
1983,New Brunswick,2016A000213,Net cash income,Dollars,81,thousands,3,v8663,5.12,39220,,,,0
1983,New Brunswick,2016A000213,Income-in-kind,Dollars,81,thousands,3,v8656,5.5,4046,,,,0
1983,New Brunswick,2016A000213,Depreciation charges,Dollars,81,thousands,3,v8664,5.13,18258,,,,0
1983,New Brunswick,2016A000213,Realized net income,Dollars,81,thousands,3,v8659,5.8,25008,,,,0
1983,New Brunswick,2016A000213,Value of inventory change,Dollars,81,thousands,3,v8653,5.2,-8460,,,,0
1983,New Brunswick,2016A000213,"Net income, total",Dollars,81,thousands,3,v8660,5.9,16548,,,,0
1983,Quebec,2016A000224,"Cash receipts, total",Dollars,81,thousands,3,v8674,6.1,2707935,,,,0
1983,Quebec,2016A000224,Operating expenses after rebates,Dollars,81,thousands,3,v8675,6.11,2102357,,,,0
1983,Quebec,2016A000224,Net cash income,Dollars,81,thousands,3,v8676,6.12,605578,,,,0
1983,Quebec,2016A000224,Income-in-kind,Dollars,81,thousands,3,v8669,6.5,61694,,,,0
1983,Quebec,2016A000224,Depreciation charges,Dollars,81,thousands,3,v8677,6.13,260448,,,,0
1983,Quebec,2016A000224,Realized net income,Dollars,81,thousands,3,v8672,6.8,406824,,,,0
1983,Quebec,2016A000224,Value of inventory change,Dollars,81,thousands,3,v8666,6.2,-36759,,,,0
1983,Quebec,2016A000224,"Net income, total",Dollars,81,thousands,3,v8673,6.9,370065,,,,0
1983,Ontario,2016A000235,"Cash receipts, total",Dollars,81,thousands,3,v8687,7.1,5010213,,,,0
1983,Ontario,2016A000235,Operating expenses after rebates,Dollars,81,thousands,3,v8688,7.11,3766328,,,,0
1983,Ontario,2016A000235,Net cash income,Dollars,81,thousands,3,v8689,7.12,1243885,,,,0
1983,Ontario,2016A000235,Income-in-kind,Dollars,81,thousands,3,v8682,7.5,63653,,,,0
1983,Ontario,2016A000235,Depreciation charges,Dollars,81,thousands,3,v8690,7.13,617502,,,,0
1983,Ontario,2016A000235,Realized net income,Dollars,81,thousands,3,v8685,7.8,690036,,,,0
1983,Ontario,2016A000235,Value of inventory change,Dollars,81,thousands,3,v8679,7.2,-104635,,,,0
1983,Ontario,2016A000235,"Net income, total",Dollars,81,thousands,3,v8686,7.9,585401,,,,0
1983,Manitoba,2016A000246,"Cash receipts, total",Dollars,81,thousands,3,v8700,8.1,1803369,,,,0
1983,Manitoba,2016A000246,Operating expenses after rebates,Dollars,81,thousands,3,v8701,8.11,1351396,,,,0
1983,Manitoba,2016A000246,Net cash income,Dollars,81,thousands,3,v8702,8.12,451973,,,,0
1983,Manitoba,2016A000246,Income-in-kind,Dollars,81,thousands,3,v8695,8.5,13704,,,,0
1983,Manitoba,2016A000246,Depreciation charges,Dollars,81,thousands,3,v8703,8.13,283751,,,,0
1983,Manitoba,2016A000246,Realized net income,Dollars,81,thousands,3,v8698,8.8,181926,,,,0
1983,Manitoba,2016A000246,Value of inventory change,Dollars,81,thousands,3,v8692,8.2,-164230,,,,0
1983,Manitoba,2016A000246,"Net income, total",Dollars,81,thousands,3,v8699,8.9,17696,,,,0
1983,Saskatchewan,2016A000247,"Cash receipts, total",Dollars,81,thousands,3,v8713,9.1,4026199,,,,0
1983,Saskatchewan,2016A000247,Operating expenses after rebates,Dollars,81,thousands,3,v8714,9.11,2673406,,,,0
1983,Saskatchewan,2016A000247,Net cash income,Dollars,81,thousands,3,v8715,9.12,1352793,,,,0
1983,Saskatchewan,2016A000247,Income-in-kind,Dollars,81,thousands,3,v8708,9.5,23681,,,,0
1983,Saskatchewan,2016A000247,Depreciation charges,Dollars,81,thousands,3,v8716,9.13,769726,,,,0
1983,Saskatchewan,2016A000247,Realized net income,Dollars,81,thousands,3,v8711,9.8,606748,,,,0
1983,Saskatchewan,2016A000247,Value of inventory change,Dollars,81,thousands,3,v8705,9.2,-178509,,,,0
1983,Saskatchewan,2016A000247,"Net income, total",Dollars,81,thousands,3,v8712,9.9,428239,,,,0
1983,Alberta,2016A000248,"Cash receipts, total",Dollars,81,thousands,3,v8726,10.1,3751296,,,,0
1983,Alberta,2016A000248,Operating expenses after rebates,Dollars,81,thousands,3,v8727,10.11,2734203,,,,0
1983,Alberta,2016A000248,Net cash income,Dollars,81,thousands,3,v8728,10.12,1017093,,,,0
1983,Alberta,2016A000248,Income-in-kind,Dollars,81,thousands,3,v8721,10.5,20090,,,,0
1983,Alberta,2016A000248,Depreciation charges,Dollars,81,thousands,3,v8729,10.13,725800,,,,0
1983,Alberta,2016A000248,Realized net income,Dollars,81,thousands,3,v8724,10.8,311383,,,,0
1983,Alberta,2016A000248,Value of inventory change,Dollars,81,thousands,3,v8718,10.2,-190906,,,,0
1983,Alberta,2016A000248,"Net income, total",Dollars,81,thousands,3,v8725,10.9,120477,,,,0
1983,British Columbia,2016A000259,"Cash receipts, total",Dollars,81,thousands,3,v8739,11.1,916641,,,,0
1983,British Columbia,2016A000259,Operating expenses after rebates,Dollars,81,thousands,3,v8740,11.11,811247,,,,0
1983,British Columbia,2016A000259,Net cash income,Dollars,81,thousands,3,v8741,11.12,105394,,,,0
1983,British Columbia,2016A000259,Income-in-kind,Dollars,81,thousands,3,v8734,11.5,10495,,,,0
1983,British Columbia,2016A000259,Depreciation charges,Dollars,81,thousands,3,v8742,11.13,106534,,,,0
1983,British Columbia,2016A000259,Realized net income,Dollars,81,thousands,3,v8737,11.8,9355,,,,0
1983,British Columbia,2016A000259,Value of inventory change,Dollars,81,thousands,3,v8731,11.2,8714,,,,0
1983,British Columbia,2016A000259,"Net income, total",Dollars,81,thousands,3,v8738,11.9,18069,,,,0
1984,Canada,2016A000011124,"Cash receipts, total",Dollars,81,thousands,3,v8622,1.1,20481125,,,,0
1984,Canada,2016A000011124,Operating expenses after rebates,Dollars,81,thousands,3,v8623,1.11,14702175,,,,0
1984,Canada,2016A000011124,Net cash income,Dollars,81,thousands,3,v8624,1.12,5778950,,,,0
1984,Canada,2016A000011124,Income-in-kind,Dollars,81,thousands,3,v8617,1.5,203628,,,,0
1984,Canada,2016A000011124,Depreciation charges,Dollars,81,thousands,3,v8625,1.13,2818633,,,,0
1984,Canada,2016A000011124,Realized net income,Dollars,81,thousands,3,v8620,1.8,3163945,,,,0
1984,Canada,2016A000011124,Value of inventory change,Dollars,81,thousands,3,v8614,1.2,-972852,,,,0
1984,Canada,2016A000011124,"Net income, total",Dollars,81,thousands,3,v8621,1.9,2191093,,,,0
1984,Newfoundland and Labrador,2016A000210,"Cash receipts, total",Dollars,81,thousands,3,v8076,2.1,41497,,,,0
1984,Newfoundland and Labrador,2016A000210,Operating expenses after rebates,Dollars,81,thousands,3,v8077,2.11,35239,,,,0
1984,Newfoundland and Labrador,2016A000210,Net cash income,Dollars,81,thousands,3,v8078,2.12,6258,,,,0
1984,Newfoundland and Labrador,2016A000210,Income-in-kind,Dollars,81,thousands,3,v8073,2.5,447,,,,0
1984,Newfoundland and Labrador,2016A000210,Depreciation charges,Dollars,81,thousands,3,v8079,2.13,1933,,,,0
1984,Newfoundland and Labrador,2016A000210,Realized net income,Dollars,81,thousands,3,v8074,2.8,4772,,,,0
1984,Newfoundland and Labrador,2016A000210,Value of inventory change,Dollars,81,thousands,3,v8072,2.2,323,,,,0
1984,Newfoundland and Labrador,2016A000210,"Net income, total",Dollars,81,thousands,3,v8075,2.9,5095,,,,0
1984,Prince Edward Island,2016A000211,"Cash receipts, total",Dollars,81,thousands,3,v8635,3.1,191773,,,,0
1984,Prince Edward Island,2016A000211,Operating expenses after rebates,Dollars,81,thousands,3,v8636,3.11,139481,,,,0
1984,Prince Edward Island,2016A000211,Net cash income,Dollars,81,thousands,3,v8637,3.12,52292,,,,0
1984,Prince Edward Island,2016A000211,Income-in-kind,Dollars,81,thousands,3,v8630,3.5,2395,,,,0
1984,Prince Edward Island,2016A000211,Depreciation charges,Dollars,81,thousands,3,v8638,3.13,18322,,,,0
1984,Prince Edward Island,2016A000211,Realized net income,Dollars,81,thousands,3,v8633,3.8,36365,,,,0
1984,Prince Edward Island,2016A000211,Value of inventory change,Dollars,81,thousands,3,v8627,3.2,17511,,,,0
1984,Prince Edward Island,2016A000211,"Net income, total",Dollars,81,thousands,3,v8634,3.9,53876,,,,0
1984,Nova Scotia,2016A000212,"Cash receipts, total",Dollars,81,thousands,3,v8648,4.1,258997,,,,0
1984,Nova Scotia,2016A000212,Operating expenses after rebates,Dollars,81,thousands,3,v8649,4.11,209932,,,,0
1984,Nova Scotia,2016A000212,Net cash income,Dollars,81,thousands,3,v8650,4.12,49065,,,,0
1984,Nova Scotia,2016A000212,Income-in-kind,Dollars,81,thousands,3,v8643,4.5,4124,,,,0
1984,Nova Scotia,2016A000212,Depreciation charges,Dollars,81,thousands,3,v8651,4.13,26115,,,,0
1984,Nova Scotia,2016A000212,Realized net income,Dollars,81,thousands,3,v8646,4.8,27074,,,,0
1984,Nova Scotia,2016A000212,Value of inventory change,Dollars,81,thousands,3,v8640,4.2,-615,,,,0
1984,Nova Scotia,2016A000212,"Net income, total",Dollars,81,thousands,3,v8647,4.9,26459,,,,0
1984,New Brunswick,2016A000213,"Cash receipts, total",Dollars,81,thousands,3,v8661,5.1,217348,,,,0
1984,New Brunswick,2016A000213,Operating expenses after rebates,Dollars,81,thousands,3,v8662,5.11,168620,,,,0
1984,New Brunswick,2016A000213,Net cash income,Dollars,81,thousands,3,v8663,5.12,48728,,,,0
1984,New Brunswick,2016A000213,Income-in-kind,Dollars,81,thousands,3,v8656,5.5,4120,,,,0
1984,New Brunswick,2016A000213,Depreciation charges,Dollars,81,thousands,3,v8664,5.13,19752,,,,0
1984,New Brunswick,2016A000213,Realized net income,Dollars,81,thousands,3,v8659,5.8,33096,,,,0
1984,New Brunswick,2016A000213,Value of inventory change,Dollars,81,thousands,3,v8653,5.2,5117,,,,0
1984,New Brunswick,2016A000213,"Net income, total",Dollars,81,thousands,3,v8660,5.9,38213,,,,0
1984,Quebec,2016A000224,"Cash receipts, total",Dollars,81,thousands,3,v8674,6.1,3053799,,,,0
1984,Quebec,2016A000224,Operating expenses after rebates,Dollars,81,thousands,3,v8675,6.11,2145806,,,,0
1984,Quebec,2016A000224,Net cash income,Dollars,81,thousands,3,v8676,6.12,907993,,,,0
1984,Quebec,2016A000224,Income-in-kind,Dollars,81,thousands,3,v8669,6.5,60697,,,,0
1984,Quebec,2016A000224,Depreciation charges,Dollars,81,thousands,3,v8677,6.13,262896,,,,0
1984,Quebec,2016A000224,Realized net income,Dollars,81,thousands,3,v8672,6.8,705794,,,,0
1984,Quebec,2016A000224,Value of inventory change,Dollars,81,thousands,3,v8666,6.2,25369,,,,0
1984,Quebec,2016A000224,"Net income, total",Dollars,81,thousands,3,v8673,6.9,731163,,,,0
1984,Ontario,2016A000235,"Cash receipts, total",Dollars,81,thousands,3,v8687,7.1,5301832,,,,0
1984,Ontario,2016A000235,Operating expenses after rebates,Dollars,81,thousands,3,v8688,7.11,3908877,,,,0
1984,Ontario,2016A000235,Net cash income,Dollars,81,thousands,3,v8689,7.12,1392955,,,,0
1984,Ontario,2016A000235,Income-in-kind,Dollars,81,thousands,3,v8682,7.5,63329,,,,0
1984,Ontario,2016A000235,Depreciation charges,Dollars,81,thousands,3,v8690,7.13,599829,,,,0
1984,Ontario,2016A000235,Realized net income,Dollars,81,thousands,3,v8685,7.8,856455,,,,0
1984,Ontario,2016A000235,Value of inventory change,Dollars,81,thousands,3,v8679,7.2,72792,,,,0
1984,Ontario,2016A000235,"Net income, total",Dollars,81,thousands,3,v8686,7.9,929247,,,,0
1984,Manitoba,2016A000246,"Cash receipts, total",Dollars,81,thousands,3,v8700,8.1,1989523,,,,0
1984,Manitoba,2016A000246,Operating expenses after rebates,Dollars,81,thousands,3,v8701,8.11,1456147,,,,0
1984,Manitoba,2016A000246,Net cash income,Dollars,81,thousands,3,v8702,8.12,533376,,,,0
1984,Manitoba,2016A000246,Income-in-kind,Dollars,81,thousands,3,v8695,8.5,14114,,,,0
1984,Manitoba,2016A000246,Depreciation charges,Dollars,81,thousands,3,v8703,8.13,283147,,,,0
1984,Manitoba,2016A000246,Realized net income,Dollars,81,thousands,3,v8698,8.8,264343,,,,0
1984,Manitoba,2016A000246,Value of inventory change,Dollars,81,thousands,3,v8692,8.2,4817,,,,0
1984,Manitoba,2016A000246,"Net income, total",Dollars,81,thousands,3,v8699,8.9,269160,,,,0
1984,Saskatchewan,2016A000247,"Cash receipts, total",Dollars,81,thousands,3,v8713,9.1,4433930,,,,0
1984,Saskatchewan,2016A000247,Operating expenses after rebates,Dollars,81,thousands,3,v8714,9.11,2772107,,,,0
1984,Saskatchewan,2016A000247,Net cash income,Dollars,81,thousands,3,v8715,9.12,1661823,,,,0
1984,Saskatchewan,2016A000247,Income-in-kind,Dollars,81,thousands,3,v8708,9.5,23730,,,,0
1984,Saskatchewan,2016A000247,Depreciation charges,Dollars,81,thousands,3,v8716,9.13,792075,,,,0
1984,Saskatchewan,2016A000247,Realized net income,Dollars,81,thousands,3,v8711,9.8,893478,,,,0
1984,Saskatchewan,2016A000247,Value of inventory change,Dollars,81,thousands,3,v8705,9.2,-757454,,,,0
1984,Saskatchewan,2016A000247,"Net income, total",Dollars,81,thousands,3,v8712,9.9,136024,,,,0
1984,Alberta,2016A000248,"Cash receipts, total",Dollars,81,thousands,3,v8726,10.1,3987826,,,,0
1984,Alberta,2016A000248,Operating expenses after rebates,Dollars,81,thousands,3,v8727,10.11,2999462,,,,0
1984,Alberta,2016A000248,Net cash income,Dollars,81,thousands,3,v8728,10.12,988364,,,,0
1984,Alberta,2016A000248,Income-in-kind,Dollars,81,thousands,3,v8721,10.5,19823,,,,0
1984,Alberta,2016A000248,Depreciation charges,Dollars,81,thousands,3,v8729,10.13,709456,,,,0
1984,Alberta,2016A000248,Realized net income,Dollars,81,thousands,3,v8724,10.8,298731,,,,0
1984,Alberta,2016A000248,Value of inventory change,Dollars,81,thousands,3,v8718,10.2,-329240,,,,0
1984,Alberta,2016A000248,"Net income, total",Dollars,81,thousands,3,v8725,10.9,-30509,,,,0
1984,British Columbia,2016A000259,"Cash receipts, total",Dollars,81,thousands,3,v8739,11.1,1004600,,,,0
1984,British Columbia,2016A000259,Operating expenses after rebates,Dollars,81,thousands,3,v8740,11.11,866504,,,,0
1984,British Columbia,2016A000259,Net cash income,Dollars,81,thousands,3,v8741,11.12,138096,,,,0
1984,British Columbia,2016A000259,Income-in-kind,Dollars,81,thousands,3,v8734,11.5,10849,,,,0
1984,British Columbia,2016A000259,Depreciation charges,Dollars,81,thousands,3,v8742,11.13,105108,,,,0
1984,British Columbia,2016A000259,Realized net income,Dollars,81,thousands,3,v8737,11.8,43837,,,,0
1984,British Columbia,2016A000259,Value of inventory change,Dollars,81,thousands,3,v8731,11.2,-11472,,,,0
1984,British Columbia,2016A000259,"Net income, total",Dollars,81,thousands,3,v8738,11.9,32365,,,,0
1985,Canada,2016A000011124,"Cash receipts, total",Dollars,81,thousands,3,v8622,1.1,19792200,,,,0
1985,Canada,2016A000011124,Operating expenses after rebates,Dollars,81,thousands,3,v8623,1.11,15115231,,,,0
1985,Canada,2016A000011124,Net cash income,Dollars,81,thousands,3,v8624,1.12,4676969,,,,0
1985,Canada,2016A000011124,Income-in-kind,Dollars,81,thousands,3,v8617,1.5,198694,,,,0
1985,Canada,2016A000011124,Depreciation charges,Dollars,81,thousands,3,v8625,1.13,2744380,,,,0
1985,Canada,2016A000011124,Realized net income,Dollars,81,thousands,3,v8620,1.8,2131283,,,,0
1985,Canada,2016A000011124,Value of inventory change,Dollars,81,thousands,3,v8614,1.2,660759,,,,0
1985,Canada,2016A000011124,"Net income, total",Dollars,81,thousands,3,v8621,1.9,2792042,,,,0
1985,Newfoundland and Labrador,2016A000210,"Cash receipts, total",Dollars,81,thousands,3,v8076,2.1,43153,,,,0
1985,Newfoundland and Labrador,2016A000210,Operating expenses after rebates,Dollars,81,thousands,3,v8077,2.11,38138,,,,0
1985,Newfoundland and Labrador,2016A000210,Net cash income,Dollars,81,thousands,3,v8078,2.12,5015,,,,0
1985,Newfoundland and Labrador,2016A000210,Income-in-kind,Dollars,81,thousands,3,v8073,2.5,491,,,,0
1985,Newfoundland and Labrador,2016A000210,Depreciation charges,Dollars,81,thousands,3,v8079,2.13,1924,,,,0
1985,Newfoundland and Labrador,2016A000210,Realized net income,Dollars,81,thousands,3,v8074,2.8,3582,,,,0
1985,Newfoundland and Labrador,2016A000210,Value of inventory change,Dollars,81,thousands,3,v8072,2.2,-148,,,,0
1985,Newfoundland and Labrador,2016A000210,"Net income, total",Dollars,81,thousands,3,v8075,2.9,3434,,,,0
1985,Prince Edward Island,2016A000211,"Cash receipts, total",Dollars,81,thousands,3,v8635,3.1,172025,,,,0
1985,Prince Edward Island,2016A000211,Operating expenses after rebates,Dollars,81,thousands,3,v8636,3.11,143249,,,,0
1985,Prince Edward Island,2016A000211,Net cash income,Dollars,81,thousands,3,v8637,3.12,28776,,,,0
1985,Prince Edward Island,2016A000211,Income-in-kind,Dollars,81,thousands,3,v8630,3.5,2338,,,,0
1985,Prince Edward Island,2016A000211,Depreciation charges,Dollars,81,thousands,3,v8638,3.13,18543,,,,0
1985,Prince Edward Island,2016A000211,Realized net income,Dollars,81,thousands,3,v8633,3.8,12571,,,,0
1985,Prince Edward Island,2016A000211,Value of inventory change,Dollars,81,thousands,3,v8627,3.2,647,,,,0
1985,Prince Edward Island,2016A000211,"Net income, total",Dollars,81,thousands,3,v8634,3.9,13218,,,,0
1985,Nova Scotia,2016A000212,"Cash receipts, total",Dollars,81,thousands,3,v8648,4.1,258987,,,,0
1985,Nova Scotia,2016A000212,Operating expenses after rebates,Dollars,81,thousands,3,v8649,4.11,205526,,,,0
1985,Nova Scotia,2016A000212,Net cash income,Dollars,81,thousands,3,v8650,4.12,53461,,,,0
1985,Nova Scotia,2016A000212,Income-in-kind,Dollars,81,thousands,3,v8643,4.5,4076,,,,0
1985,Nova Scotia,2016A000212,Depreciation charges,Dollars,81,thousands,3,v8651,4.13,26582,,,,0
1985,Nova Scotia,2016A000212,Realized net income,Dollars,81,thousands,3,v8646,4.8,30955,,,,0
1985,Nova Scotia,2016A000212,Value of inventory change,Dollars,81,thousands,3,v8640,4.2,-2704,,,,0
1985,Nova Scotia,2016A000212,"Net income, total",Dollars,81,thousands,3,v8647,4.9,28251,,,,0
1985,New Brunswick,2016A000213,"Cash receipts, total",Dollars,81,thousands,3,v8661,5.1,216998,,,,0
1985,New Brunswick,2016A000213,Operating expenses after rebates,Dollars,81,thousands,3,v8662,5.11,177981,,,,0
1985,New Brunswick,2016A000213,Net cash income,Dollars,81,thousands,3,v8663,5.12,39017,,,,0
1985,New Brunswick,2016A000213,Income-in-kind,Dollars,81,thousands,3,v8656,5.5,4060,,,,0
1985,New Brunswick,2016A000213,Depreciation charges,Dollars,81,thousands,3,v8664,5.13,20171,,,,0
1985,New Brunswick,2016A000213,Realized net income,Dollars,81,thousands,3,v8659,5.8,22906,,,,0
1985,New Brunswick,2016A000213,Value of inventory change,Dollars,81,thousands,3,v8653,5.2,14329,,,,0
1985,New Brunswick,2016A000213,"Net income, total",Dollars,81,thousands,3,v8660,5.9,37235,,,,0
1985,Quebec,2016A000224,"Cash receipts, total",Dollars,81,thousands,3,v8674,6.1,3088627,,,,0
1985,Quebec,2016A000224,Operating expenses after rebates,Dollars,81,thousands,3,v8675,6.11,2232969,,,,0
1985,Quebec,2016A000224,Net cash income,Dollars,81,thousands,3,v8676,6.12,855658,,,,0
1985,Quebec,2016A000224,Income-in-kind,Dollars,81,thousands,3,v8669,6.5,60125,,,,0
1985,Quebec,2016A000224,Depreciation charges,Dollars,81,thousands,3,v8677,6.13,257416,,,,0
1985,Quebec,2016A000224,Realized net income,Dollars,81,thousands,3,v8672,6.8,658367,,,,0
1985,Quebec,2016A000224,Value of inventory change,Dollars,81,thousands,3,v8666,6.2,7640,,,,0
1985,Quebec,2016A000224,"Net income, total",Dollars,81,thousands,3,v8673,6.9,666007,,,,0
1985,Ontario,2016A000235,"Cash receipts, total",Dollars,81,thousands,3,v8687,7.1,5045405,,,,0
1985,Ontario,2016A000235,Operating expenses after rebates,Dollars,81,thousands,3,v8688,7.11,4004468,,,,0
1985,Ontario,2016A000235,Net cash income,Dollars,81,thousands,3,v8689,7.12,1040937,,,,0
1985,Ontario,2016A000235,Income-in-kind,Dollars,81,thousands,3,v8682,7.5,61771,,,,0
1985,Ontario,2016A000235,Depreciation charges,Dollars,81,thousands,3,v8690,7.13,576572,,,,0
1985,Ontario,2016A000235,Realized net income,Dollars,81,thousands,3,v8685,7.8,526136,,,,0
1985,Ontario,2016A000235,Value of inventory change,Dollars,81,thousands,3,v8679,7.2,148590,,,,0
1985,Ontario,2016A000235,"Net income, total",Dollars,81,thousands,3,v8686,7.9,674726,,,,0
1985,Manitoba,2016A000246,"Cash receipts, total",Dollars,81,thousands,3,v8700,8.1,2010535,,,,0
1985,Manitoba,2016A000246,Operating expenses after rebates,Dollars,81,thousands,3,v8701,8.11,1510739,,,,0
1985,Manitoba,2016A000246,Net cash income,Dollars,81,thousands,3,v8702,8.12,499796,,,,0
1985,Manitoba,2016A000246,Income-in-kind,Dollars,81,thousands,3,v8695,8.5,13445,,,,0
1985,Manitoba,2016A000246,Depreciation charges,Dollars,81,thousands,3,v8703,8.13,266706,,,,0
1985,Manitoba,2016A000246,Realized net income,Dollars,81,thousands,3,v8698,8.8,246535,,,,0
1985,Manitoba,2016A000246,Value of inventory change,Dollars,81,thousands,3,v8692,8.2,293033,,,,0
1985,Manitoba,2016A000246,"Net income, total",Dollars,81,thousands,3,v8699,8.9,539568,,,,0
1985,Saskatchewan,2016A000247,"Cash receipts, total",Dollars,81,thousands,3,v8713,9.1,4057512,,,,0
1985,Saskatchewan,2016A000247,Operating expenses after rebates,Dollars,81,thousands,3,v8714,9.11,2886599,,,,0
1985,Saskatchewan,2016A000247,Net cash income,Dollars,81,thousands,3,v8715,9.12,1170913,,,,0
1985,Saskatchewan,2016A000247,Income-in-kind,Dollars,81,thousands,3,v8708,9.5,23179,,,,0
1985,Saskatchewan,2016A000247,Depreciation charges,Dollars,81,thousands,3,v8716,9.13,767251,,,,0
1985,Saskatchewan,2016A000247,Realized net income,Dollars,81,thousands,3,v8711,9.8,426841,,,,0
1985,Saskatchewan,2016A000247,Value of inventory change,Dollars,81,thousands,3,v8705,9.2,254108,,,,0
1985,Saskatchewan,2016A000247,"Net income, total",Dollars,81,thousands,3,v8712,9.9,680949,,,,0
1985,Alberta,2016A000248,"Cash receipts, total",Dollars,81,thousands,3,v8726,10.1,3837576,,,,0
1985,Alberta,2016A000248,Operating expenses after rebates,Dollars,81,thousands,3,v8727,10.11,3028284,,,,0
1985,Alberta,2016A000248,Net cash income,Dollars,81,thousands,3,v8728,10.12,809292,,,,0
1985,Alberta,2016A000248,Income-in-kind,Dollars,81,thousands,3,v8721,10.5,18896,,,,0
1985,Alberta,2016A000248,Depreciation charges,Dollars,81,thousands,3,v8729,10.13,705522,,,,0
1985,Alberta,2016A000248,Realized net income,Dollars,81,thousands,3,v8724,10.8,122666,,,,0
1985,Alberta,2016A000248,Value of inventory change,Dollars,81,thousands,3,v8718,10.2,-20292,,,,0
1985,Alberta,2016A000248,"Net income, total",Dollars,81,thousands,3,v8725,10.9,102374,,,,0
1985,British Columbia,2016A000259,"Cash receipts, total",Dollars,81,thousands,3,v8739,11.1,1061382,,,,0
1985,British Columbia,2016A000259,Operating expenses after rebates,Dollars,81,thousands,3,v8740,11.11,887278,,,,0
1985,British Columbia,2016A000259,Net cash income,Dollars,81,thousands,3,v8741,11.12,174104,,,,0
1985,British Columbia,2016A000259,Income-in-kind,Dollars,81,thousands,3,v8734,11.5,10313,,,,0
1985,British Columbia,2016A000259,Depreciation charges,Dollars,81,thousands,3,v8742,11.13,103693,,,,0
1985,British Columbia,2016A000259,Realized net income,Dollars,81,thousands,3,v8737,11.8,80724,,,,0
1985,British Columbia,2016A000259,Value of inventory change,Dollars,81,thousands,3,v8731,11.2,-34444,,,,0
1985,British Columbia,2016A000259,"Net income, total",Dollars,81,thousands,3,v8738,11.9,46280,,,,0
1986,Canada,2016A000011124,"Cash receipts, total",Dollars,81,thousands,3,v8622,1.1,20630879,,,,0
1986,Canada,2016A000011124,Operating expenses after rebates,Dollars,81,thousands,3,v8623,1.11,15097073,,,,0
1986,Canada,2016A000011124,Net cash income,Dollars,81,thousands,3,v8624,1.12,5533806,,,,0
1986,Canada,2016A000011124,Income-in-kind,Dollars,81,thousands,3,v8617,1.5,141710,,,,0
1986,Canada,2016A000011124,Depreciation charges,Dollars,81,thousands,3,v8625,1.13,2749582,,,,0
1986,Canada,2016A000011124,Realized net income,Dollars,81,thousands,3,v8620,1.8,2925934,,,,0
1986,Canada,2016A000011124,Value of inventory change,Dollars,81,thousands,3,v8614,1.2,642036,,,,0
1986,Canada,2016A000011124,"Net income, total",Dollars,81,thousands,3,v8621,1.9,3567970,,,,0
1986,Newfoundland and Labrador,2016A000210,"Cash receipts, total",Dollars,81,thousands,3,v8076,2.1,44306,,,,0
1986,Newfoundland and Labrador,2016A000210,Operating expenses after rebates,Dollars,81,thousands,3,v8077,2.11,40881,,,,0
1986,Newfoundland and Labrador,2016A000210,Net cash income,Dollars,81,thousands,3,v8078,2.12,3425,,,,0
1986,Newfoundland and Labrador,2016A000210,Income-in-kind,Dollars,81,thousands,3,v8073,2.5,361,,,,0
1986,Newfoundland and Labrador,2016A000210,Depreciation charges,Dollars,81,thousands,3,v8079,2.13,1931,,,,0
1986,Newfoundland and Labrador,2016A000210,Realized net income,Dollars,81,thousands,3,v8074,2.8,1855,,,,0
1986,Newfoundland and Labrador,2016A000210,Value of inventory change,Dollars,81,thousands,3,v8072,2.2,-305,,,,0
1986,Newfoundland and Labrador,2016A000210,"Net income, total",Dollars,81,thousands,3,v8075,2.9,1550,,,,0
1986,Prince Edward Island,2016A000211,"Cash receipts, total",Dollars,81,thousands,3,v8635,3.1,186195,,,,0
1986,Prince Edward Island,2016A000211,Operating expenses after rebates,Dollars,81,thousands,3,v8636,3.11,146129,,,,0
1986,Prince Edward Island,2016A000211,Net cash income,Dollars,81,thousands,3,v8637,3.12,40066,,,,0
1986,Prince Edward Island,2016A000211,Income-in-kind,Dollars,81,thousands,3,v8630,3.5,2058,,,,0
1986,Prince Edward Island,2016A000211,Depreciation charges,Dollars,81,thousands,3,v8638,3.13,18664,,,,0
1986,Prince Edward Island,2016A000211,Realized net income,Dollars,81,thousands,3,v8633,3.8,23460,,,,0
1986,Prince Edward Island,2016A000211,Value of inventory change,Dollars,81,thousands,3,v8627,3.2,-5259,,,,0
1986,Prince Edward Island,2016A000211,"Net income, total",Dollars,81,thousands,3,v8634,3.9,18201,,,,0
1986,Nova Scotia,2016A000212,"Cash receipts, total",Dollars,81,thousands,3,v8648,4.1,274993,,,,0
1986,Nova Scotia,2016A000212,Operating expenses after rebates,Dollars,81,thousands,3,v8649,4.11,207089,,,,0
1986,Nova Scotia,2016A000212,Net cash income,Dollars,81,thousands,3,v8650,4.12,67904,,,,0
1986,Nova Scotia,2016A000212,Income-in-kind,Dollars,81,thousands,3,v8643,4.5,2717,,,,0
1986,Nova Scotia,2016A000212,Depreciation charges,Dollars,81,thousands,3,v8651,4.13,27228,,,,0
1986,Nova Scotia,2016A000212,Realized net income,Dollars,81,thousands,3,v8646,4.8,43393,,,,0
1986,Nova Scotia,2016A000212,Value of inventory change,Dollars,81,thousands,3,v8640,4.2,-3904,,,,0
1986,Nova Scotia,2016A000212,"Net income, total",Dollars,81,thousands,3,v8647,4.9,39489,,,,0
1986,New Brunswick,2016A000213,"Cash receipts, total",Dollars,81,thousands,3,v8661,5.1,225401,,,,0
1986,New Brunswick,2016A000213,Operating expenses after rebates,Dollars,81,thousands,3,v8662,5.11,179581,,,,0
1986,New Brunswick,2016A000213,Net cash income,Dollars,81,thousands,3,v8663,5.12,45820,,,,0
1986,New Brunswick,2016A000213,Income-in-kind,Dollars,81,thousands,3,v8656,5.5,2612,,,,0
1986,New Brunswick,2016A000213,Depreciation charges,Dollars,81,thousands,3,v8664,5.13,20396,,,,0
1986,New Brunswick,2016A000213,Realized net income,Dollars,81,thousands,3,v8659,5.8,28036,,,,0
1986,New Brunswick,2016A000213,Value of inventory change,Dollars,81,thousands,3,v8653,5.2,-16418,,,,0
1986,New Brunswick,2016A000213,"Net income, total",Dollars,81,thousands,3,v8660,5.9,11618,,,,0
1986,Quebec,2016A000224,"Cash receipts, total",Dollars,81,thousands,3,v8674,6.1,3259523,,,,0
1986,Quebec,2016A000224,Operating expenses after rebates,Dollars,81,thousands,3,v8675,6.11,2301480,,,,0
1986,Quebec,2016A000224,Net cash income,Dollars,81,thousands,3,v8676,6.12,958043,,,,0
1986,Quebec,2016A000224,Income-in-kind,Dollars,81,thousands,3,v8669,6.5,45713,,,,0
1986,Quebec,2016A000224,Depreciation charges,Dollars,81,thousands,3,v8677,6.13,271442,,,,0
1986,Quebec,2016A000224,Realized net income,Dollars,81,thousands,3,v8672,6.8,732314,,,,0
1986,Quebec,2016A000224,Value of inventory change,Dollars,81,thousands,3,v8666,6.2,-93035,,,,0
1986,Quebec,2016A000224,"Net income, total",Dollars,81,thousands,3,v8673,6.9,639279,,,,0
1986,Ontario,2016A000235,"Cash receipts, total",Dollars,81,thousands,3,v8687,7.1,5500850,,,,0
1986,Ontario,2016A000235,Operating expenses after rebates,Dollars,81,thousands,3,v8688,7.11,4000043,,,,0
1986,Ontario,2016A000235,Net cash income,Dollars,81,thousands,3,v8689,7.12,1500807,,,,0
1986,Ontario,2016A000235,Income-in-kind,Dollars,81,thousands,3,v8682,7.5,43030,,,,0
1986,Ontario,2016A000235,Depreciation charges,Dollars,81,thousands,3,v8690,7.13,564242,,,,0
1986,Ontario,2016A000235,Realized net income,Dollars,81,thousands,3,v8685,7.8,979595,,,,0
1986,Ontario,2016A000235,Value of inventory change,Dollars,81,thousands,3,v8679,7.2,-340624,,,,0
1986,Ontario,2016A000235,"Net income, total",Dollars,81,thousands,3,v8686,7.9,638971,,,,0
1986,Manitoba,2016A000246,"Cash receipts, total",Dollars,81,thousands,3,v8700,8.1,2101958,,,,0
1986,Manitoba,2016A000246,Operating expenses after rebates,Dollars,81,thousands,3,v8701,8.11,1463542,,,,0
1986,Manitoba,2016A000246,Net cash income,Dollars,81,thousands,3,v8702,8.12,638416,,,,0
1986,Manitoba,2016A000246,Income-in-kind,Dollars,81,thousands,3,v8695,8.5,9656,,,,0
1986,Manitoba,2016A000246,Depreciation charges,Dollars,81,thousands,3,v8703,8.13,274745,,,,0
1986,Manitoba,2016A000246,Realized net income,Dollars,81,thousands,3,v8698,8.8,373327,,,,0
1986,Manitoba,2016A000246,Value of inventory change,Dollars,81,thousands,3,v8692,8.2,-47339,,,,0
1986,Manitoba,2016A000246,"Net income, total",Dollars,81,thousands,3,v8699,8.9,325988,,,,0
1986,Saskatchewan,2016A000247,"Cash receipts, total",Dollars,81,thousands,3,v8713,9.1,4147534,,,,0
1986,Saskatchewan,2016A000247,Operating expenses after rebates,Dollars,81,thousands,3,v8714,9.11,2895318,,,,0
1986,Saskatchewan,2016A000247,Net cash income,Dollars,81,thousands,3,v8715,9.12,1252216,,,,0
1986,Saskatchewan,2016A000247,Income-in-kind,Dollars,81,thousands,3,v8708,9.5,13541,,,,0
1986,Saskatchewan,2016A000247,Depreciation charges,Dollars,81,thousands,3,v8716,9.13,761309,,,,0
1986,Saskatchewan,2016A000247,Realized net income,Dollars,81,thousands,3,v8711,9.8,504448,,,,0
1986,Saskatchewan,2016A000247,Value of inventory change,Dollars,81,thousands,3,v8705,9.2,680550,,,,0
1986,Saskatchewan,2016A000247,"Net income, total",Dollars,81,thousands,3,v8712,9.9,1184998,,,,0
1986,Alberta,2016A000248,"Cash receipts, total",Dollars,81,thousands,3,v8726,10.1,3783639,,,,0
1986,Alberta,2016A000248,Operating expenses after rebates,Dollars,81,thousands,3,v8727,10.11,2981260,,,,0
1986,Alberta,2016A000248,Net cash income,Dollars,81,thousands,3,v8728,10.12,802379,,,,0
1986,Alberta,2016A000248,Income-in-kind,Dollars,81,thousands,3,v8721,10.5,15901,,,,0
1986,Alberta,2016A000248,Depreciation charges,Dollars,81,thousands,3,v8729,10.13,706409,,,,0
1986,Alberta,2016A000248,Realized net income,Dollars,81,thousands,3,v8724,10.8,111871,,,,0
1986,Alberta,2016A000248,Value of inventory change,Dollars,81,thousands,3,v8718,10.2,471085,,,,0
1986,Alberta,2016A000248,"Net income, total",Dollars,81,thousands,3,v8725,10.9,582956,,,,0
1986,British Columbia,2016A000259,"Cash receipts, total",Dollars,81,thousands,3,v8739,11.1,1106481,,,,0
1986,British Columbia,2016A000259,Operating expenses after rebates,Dollars,81,thousands,3,v8740,11.11,881750,,,,0
1986,British Columbia,2016A000259,Net cash income,Dollars,81,thousands,3,v8741,11.12,224731,,,,0
1986,British Columbia,2016A000259,Income-in-kind,Dollars,81,thousands,3,v8734,11.5,6122,,,,0
1986,British Columbia,2016A000259,Depreciation charges,Dollars,81,thousands,3,v8742,11.13,103216,,,,0
1986,British Columbia,2016A000259,Realized net income,Dollars,81,thousands,3,v8737,11.8,127637,,,,0
1986,British Columbia,2016A000259,Value of inventory change,Dollars,81,thousands,3,v8731,11.2,-2715,,,,0
1986,British Columbia,2016A000259,"Net income, total",Dollars,81,thousands,3,v8738,11.9,124922,,,,0
1987,Canada,2016A000011124,"Cash receipts, total",Dollars,81,thousands,3,v8622,1.1,21345559,,,,0
1987,Canada,2016A000011124,Operating expenses after rebates,Dollars,81,thousands,3,v8623,1.11,15387188,,,,0
1987,Canada,2016A000011124,Net cash income,Dollars,81,thousands,3,v8624,1.12,5958371,,,,0
1987,Canada,2016A000011124,Income-in-kind,Dollars,81,thousands,3,v8617,1.5,120058,,,,0
1987,Canada,2016A000011124,Depreciation charges,Dollars,81,thousands,3,v8625,1.13,2711654,,,,0
1987,Canada,2016A000011124,Realized net income,Dollars,81,thousands,3,v8620,1.8,3366775,,,,0
1987,Canada,2016A000011124,Value of inventory change,Dollars,81,thousands,3,v8614,1.2,-288295,,,,0
1987,Canada,2016A000011124,"Net income, total",Dollars,81,thousands,3,v8621,1.9,3078480,,,,0
1987,Newfoundland and Labrador,2016A000210,"Cash receipts, total",Dollars,81,thousands,3,v8076,2.1,47543,,,,0
1987,Newfoundland and Labrador,2016A000210,Operating expenses after rebates,Dollars,81,thousands,3,v8077,2.11,43601,,,,0
1987,Newfoundland and Labrador,2016A000210,Net cash income,Dollars,81,thousands,3,v8078,2.12,3942,,,,0
1987,Newfoundland and Labrador,2016A000210,Income-in-kind,Dollars,81,thousands,3,v8073,2.5,320,,,,0
1987,Newfoundland and Labrador,2016A000210,Depreciation charges,Dollars,81,thousands,3,v8079,2.13,1995,,,,0
1987,Newfoundland and Labrador,2016A000210,Realized net income,Dollars,81,thousands,3,v8074,2.8,2267,,,,0
1987,Newfoundland and Labrador,2016A000210,Value of inventory change,Dollars,81,thousands,3,v8072,2.2,901,,,,0
1987,Newfoundland and Labrador,2016A000210,"Net income, total",Dollars,81,thousands,3,v8075,2.9,3168,,,,0
1987,Prince Edward Island,2016A000211,"Cash receipts, total",Dollars,81,thousands,3,v8635,3.1,215869,,,,0
1987,Prince Edward Island,2016A000211,Operating expenses after rebates,Dollars,81,thousands,3,v8636,3.11,151094,,,,0
1987,Prince Edward Island,2016A000211,Net cash income,Dollars,81,thousands,3,v8637,3.12,64775,,,,0
1987,Prince Edward Island,2016A000211,Income-in-kind,Dollars,81,thousands,3,v8630,3.5,1641,,,,0
1987,Prince Edward Island,2016A000211,Depreciation charges,Dollars,81,thousands,3,v8638,3.13,18518,,,,0
1987,Prince Edward Island,2016A000211,Realized net income,Dollars,81,thousands,3,v8633,3.8,47898,,,,0
1987,Prince Edward Island,2016A000211,Value of inventory change,Dollars,81,thousands,3,v8627,3.2,-7683,,,,0
1987,Prince Edward Island,2016A000211,"Net income, total",Dollars,81,thousands,3,v8634,3.9,40215,,,,0
1987,Nova Scotia,2016A000212,"Cash receipts, total",Dollars,81,thousands,3,v8648,4.1,301272,,,,0
1987,Nova Scotia,2016A000212,Operating expenses after rebates,Dollars,81,thousands,3,v8649,4.11,219838,,,,0
1987,Nova Scotia,2016A000212,Net cash income,Dollars,81,thousands,3,v8650,4.12,81434,,,,0
1987,Nova Scotia,2016A000212,Income-in-kind,Dollars,81,thousands,3,v8643,4.5,2263,,,,0
1987,Nova Scotia,2016A000212,Depreciation charges,Dollars,81,thousands,3,v8651,4.13,27686,,,,0
1987,Nova Scotia,2016A000212,Realized net income,Dollars,81,thousands,3,v8646,4.8,56011,,,,0
1987,Nova Scotia,2016A000212,Value of inventory change,Dollars,81,thousands,3,v8640,4.2,-2483,,,,0
1987,Nova Scotia,2016A000212,"Net income, total",Dollars,81,thousands,3,v8647,4.9,53528,,,,0
1987,New Brunswick,2016A000213,"Cash receipts, total",Dollars,81,thousands,3,v8661,5.1,241683,,,,0
1987,New Brunswick,2016A000213,Operating expenses after rebates,Dollars,81,thousands,3,v8662,5.11,189150,,,,0
1987,New Brunswick,2016A000213,Net cash income,Dollars,81,thousands,3,v8663,5.12,52533,,,,0
1987,New Brunswick,2016A000213,Income-in-kind,Dollars,81,thousands,3,v8656,5.5,2226,,,,0
1987,New Brunswick,2016A000213,Depreciation charges,Dollars,81,thousands,3,v8664,5.13,20940,,,,0
1987,New Brunswick,2016A000213,Realized net income,Dollars,81,thousands,3,v8659,5.8,33819,,,,0
1987,New Brunswick,2016A000213,Value of inventory change,Dollars,81,thousands,3,v8653,5.2,13813,,,,0
1987,New Brunswick,2016A000213,"Net income, total",Dollars,81,thousands,3,v8660,5.9,47632,,,,0
1987,Quebec,2016A000224,"Cash receipts, total",Dollars,81,thousands,3,v8674,6.1,3328365,,,,0
1987,Quebec,2016A000224,Operating expenses after rebates,Dollars,81,thousands,3,v8675,6.11,2430371,,,,0
1987,Quebec,2016A000224,Net cash income,Dollars,81,thousands,3,v8676,6.12,897994,,,,0
1987,Quebec,2016A000224,Income-in-kind,Dollars,81,thousands,3,v8669,6.5,39835,,,,0
1987,Quebec,2016A000224,Depreciation charges,Dollars,81,thousands,3,v8677,6.13,285909,,,,0
1987,Quebec,2016A000224,Realized net income,Dollars,81,thousands,3,v8672,6.8,651920,,,,0
1987,Quebec,2016A000224,Value of inventory change,Dollars,81,thousands,3,v8666,6.2,-28901,,,,0
1987,Quebec,2016A000224,"Net income, total",Dollars,81,thousands,3,v8673,6.9,623019,,,,0
1987,Ontario,2016A000235,"Cash receipts, total",Dollars,81,thousands,3,v8687,7.1,5550850,,,,0
1987,Ontario,2016A000235,Operating expenses after rebates,Dollars,81,thousands,3,v8688,7.11,4115654,,,,0
1987,Ontario,2016A000235,Net cash income,Dollars,81,thousands,3,v8689,7.12,1435196,,,,0
1987,Ontario,2016A000235,Income-in-kind,Dollars,81,thousands,3,v8682,7.5,35179,,,,0
1987,Ontario,2016A000235,Depreciation charges,Dollars,81,thousands,3,v8690,7.13,564008,,,,0
1987,Ontario,2016A000235,Realized net income,Dollars,81,thousands,3,v8685,7.8,906367,,,,0
1987,Ontario,2016A000235,Value of inventory change,Dollars,81,thousands,3,v8679,7.2,-53008,,,,0
1987,Ontario,2016A000235,"Net income, total",Dollars,81,thousands,3,v8686,7.9,853359,,,,0
1987,Manitoba,2016A000246,"Cash receipts, total",Dollars,81,thousands,3,v8700,8.1,2115945,,,,0
1987,Manitoba,2016A000246,Operating expenses after rebates,Dollars,81,thousands,3,v8701,8.11,1462256,,,,0
1987,Manitoba,2016A000246,Net cash income,Dollars,81,thousands,3,v8702,8.12,653689,,,,0
1987,Manitoba,2016A000246,Income-in-kind,Dollars,81,thousands,3,v8695,8.5,8282,,,,0
1987,Manitoba,2016A000246,Depreciation charges,Dollars,81,thousands,3,v8703,8.13,265711,,,,0
1987,Manitoba,2016A000246,Realized net income,Dollars,81,thousands,3,v8698,8.8,396260,,,,0
1987,Manitoba,2016A000246,Value of inventory change,Dollars,81,thousands,3,v8692,8.2,-71462,,,,0
1987,Manitoba,2016A000246,"Net income, total",Dollars,81,thousands,3,v8699,8.9,324798,,,,0
1987,Saskatchewan,2016A000247,"Cash receipts, total",Dollars,81,thousands,3,v8713,9.1,4383640,,,,0
1987,Saskatchewan,2016A000247,Operating expenses after rebates,Dollars,81,thousands,3,v8714,9.11,2888009,,,,0
1987,Saskatchewan,2016A000247,Net cash income,Dollars,81,thousands,3,v8715,9.12,1495631,,,,0
1987,Saskatchewan,2016A000247,Income-in-kind,Dollars,81,thousands,3,v8708,9.5,11312,,,,0
1987,Saskatchewan,2016A000247,Depreciation charges,Dollars,81,thousands,3,v8716,9.13,737814,,,,0
1987,Saskatchewan,2016A000247,Realized net income,Dollars,81,thousands,3,v8711,9.8,769129,,,,0
1987,Saskatchewan,2016A000247,Value of inventory change,Dollars,81,thousands,3,v8705,9.2,-167891,,,,0
1987,Saskatchewan,2016A000247,"Net income, total",Dollars,81,thousands,3,v8712,9.9,601238,,,,0
1987,Alberta,2016A000248,"Cash receipts, total",Dollars,81,thousands,3,v8726,10.1,4038789,,,,0
1987,Alberta,2016A000248,Operating expenses after rebates,Dollars,81,thousands,3,v8727,10.11,3000157,,,,0
1987,Alberta,2016A000248,Net cash income,Dollars,81,thousands,3,v8728,10.12,1038632,,,,0
1987,Alberta,2016A000248,Income-in-kind,Dollars,81,thousands,3,v8721,10.5,13685,,,,0
1987,Alberta,2016A000248,Depreciation charges,Dollars,81,thousands,3,v8729,10.13,686455,,,,0
1987,Alberta,2016A000248,Realized net income,Dollars,81,thousands,3,v8724,10.8,365862,,,,0
1987,Alberta,2016A000248,Value of inventory change,Dollars,81,thousands,3,v8718,10.2,23555,,,,0
1987,Alberta,2016A000248,"Net income, total",Dollars,81,thousands,3,v8725,10.9,389417,,,,0
1987,British Columbia,2016A000259,"Cash receipts, total",Dollars,81,thousands,3,v8739,11.1,1121603,,,,0
1987,British Columbia,2016A000259,Operating expenses after rebates,Dollars,81,thousands,3,v8740,11.11,887058,,,,0
1987,British Columbia,2016A000259,Net cash income,Dollars,81,thousands,3,v8741,11.12,234545,,,,0
1987,British Columbia,2016A000259,Income-in-kind,Dollars,81,thousands,3,v8734,11.5,5317,,,,0
1987,British Columbia,2016A000259,Depreciation charges,Dollars,81,thousands,3,v8742,11.13,102618,,,,0
1987,British Columbia,2016A000259,Realized net income,Dollars,81,thousands,3,v8737,11.8,137244,,,,0
1987,British Columbia,2016A000259,Value of inventory change,Dollars,81,thousands,3,v8731,11.2,4864,,,,0
1987,British Columbia,2016A000259,"Net income, total",Dollars,81,thousands,3,v8738,11.9,142108,,,,0
1988,Canada,2016A000011124,"Cash receipts, total",Dollars,81,thousands,3,v8622,1.1,22435232,,,,0
1988,Canada,2016A000011124,Operating expenses after rebates,Dollars,81,thousands,3,v8623,1.11,15942094,,,,0
1988,Canada,2016A000011124,Net cash income,Dollars,81,thousands,3,v8624,1.12,6493138,,,,0
1988,Canada,2016A000011124,Income-in-kind,Dollars,81,thousands,3,v8617,1.5,119540,,,,0
1988,Canada,2016A000011124,Depreciation charges,Dollars,81,thousands,3,v8625,1.13,2770246,,,,0
1988,Canada,2016A000011124,Realized net income,Dollars,81,thousands,3,v8620,1.8,3842432,,,,0
1988,Canada,2016A000011124,Value of inventory change,Dollars,81,thousands,3,v8614,1.2,-1108328,,,,0
1988,Canada,2016A000011124,"Net income, total",Dollars,81,thousands,3,v8621,1.9,2734104,,,,0
1988,Newfoundland and Labrador,2016A000210,"Cash receipts, total",Dollars,81,thousands,3,v8076,2.1,55073,,,,0
1988,Newfoundland and Labrador,2016A000210,Operating expenses after rebates,Dollars,81,thousands,3,v8077,2.11,48442,,,,0
1988,Newfoundland and Labrador,2016A000210,Net cash income,Dollars,81,thousands,3,v8078,2.12,6631,,,,0
1988,Newfoundland and Labrador,2016A000210,Income-in-kind,Dollars,81,thousands,3,v8073,2.5,326,,,,0
1988,Newfoundland and Labrador,2016A000210,Depreciation charges,Dollars,81,thousands,3,v8079,2.13,2263,,,,0
1988,Newfoundland and Labrador,2016A000210,Realized net income,Dollars,81,thousands,3,v8074,2.8,4694,,,,0
1988,Newfoundland and Labrador,2016A000210,Value of inventory change,Dollars,81,thousands,3,v8072,2.2,152,,,,0
1988,Newfoundland and Labrador,2016A000210,"Net income, total",Dollars,81,thousands,3,v8075,2.9,4846,,,,0
1988,Prince Edward Island,2016A000211,"Cash receipts, total",Dollars,81,thousands,3,v8635,3.1,209253,,,,0
1988,Prince Edward Island,2016A000211,Operating expenses after rebates,Dollars,81,thousands,3,v8636,3.11,160165,,,,0
1988,Prince Edward Island,2016A000211,Net cash income,Dollars,81,thousands,3,v8637,3.12,49088,,,,0
1988,Prince Edward Island,2016A000211,Income-in-kind,Dollars,81,thousands,3,v8630,3.5,1590,,,,0
1988,Prince Edward Island,2016A000211,Depreciation charges,Dollars,81,thousands,3,v8638,3.13,19285,,,,0
1988,Prince Edward Island,2016A000211,Realized net income,Dollars,81,thousands,3,v8633,3.8,31393,,,,0
1988,Prince Edward Island,2016A000211,Value of inventory change,Dollars,81,thousands,3,v8627,3.2,9330,,,,0
1988,Prince Edward Island,2016A000211,"Net income, total",Dollars,81,thousands,3,v8634,3.9,40723,,,,0
1988,Nova Scotia,2016A000212,"Cash receipts, total",Dollars,81,thousands,3,v8648,4.1,321902,,,,0
1988,Nova Scotia,2016A000212,Operating expenses after rebates,Dollars,81,thousands,3,v8649,4.11,233275,,,,0
1988,Nova Scotia,2016A000212,Net cash income,Dollars,81,thousands,3,v8650,4.12,88627,,,,0
1988,Nova Scotia,2016A000212,Income-in-kind,Dollars,81,thousands,3,v8643,4.5,2253,,,,0
1988,Nova Scotia,2016A000212,Depreciation charges,Dollars,81,thousands,3,v8651,4.13,29866,,,,0
1988,Nova Scotia,2016A000212,Realized net income,Dollars,81,thousands,3,v8646,4.8,61014,,,,0
1988,Nova Scotia,2016A000212,Value of inventory change,Dollars,81,thousands,3,v8640,4.2,660,,,,0
1988,Nova Scotia,2016A000212,"Net income, total",Dollars,81,thousands,3,v8647,4.9,61674,,,,0
1988,New Brunswick,2016A000213,"Cash receipts, total",Dollars,81,thousands,3,v8661,5.1,252971,,,,0
1988,New Brunswick,2016A000213,Operating expenses after rebates,Dollars,81,thousands,3,v8662,5.11,191962,,,,0
1988,New Brunswick,2016A000213,Net cash income,Dollars,81,thousands,3,v8663,5.12,61009,,,,0
1988,New Brunswick,2016A000213,Income-in-kind,Dollars,81,thousands,3,v8656,5.5,2244,,,,0
1988,New Brunswick,2016A000213,Depreciation charges,Dollars,81,thousands,3,v8664,5.13,22245,,,,0
1988,New Brunswick,2016A000213,Realized net income,Dollars,81,thousands,3,v8659,5.8,41008,,,,0
1988,New Brunswick,2016A000213,Value of inventory change,Dollars,81,thousands,3,v8653,5.2,-10091,,,,0
1988,New Brunswick,2016A000213,"Net income, total",Dollars,81,thousands,3,v8660,5.9,30917,,,,0
1988,Quebec,2016A000224,"Cash receipts, total",Dollars,81,thousands,3,v8674,6.1,3585434,,,,0
1988,Quebec,2016A000224,Operating expenses after rebates,Dollars,81,thousands,3,v8675,6.11,2555046,,,,0
1988,Quebec,2016A000224,Net cash income,Dollars,81,thousands,3,v8676,6.12,1030388,,,,0
1988,Quebec,2016A000224,Income-in-kind,Dollars,81,thousands,3,v8669,6.5,41028,,,,0
1988,Quebec,2016A000224,Depreciation charges,Dollars,81,thousands,3,v8677,6.13,304046,,,,0
1988,Quebec,2016A000224,Realized net income,Dollars,81,thousands,3,v8672,6.8,767370,,,,0
1988,Quebec,2016A000224,Value of inventory change,Dollars,81,thousands,3,v8666,6.2,9702,,,,0
1988,Quebec,2016A000224,"Net income, total",Dollars,81,thousands,3,v8673,6.9,777072,,,,0
1988,Ontario,2016A000235,"Cash receipts, total",Dollars,81,thousands,3,v8687,7.1,5779591,,,,0
1988,Ontario,2016A000235,Operating expenses after rebates,Dollars,81,thousands,3,v8688,7.11,4326903,,,,0
1988,Ontario,2016A000235,Net cash income,Dollars,81,thousands,3,v8689,7.12,1452688,,,,0
1988,Ontario,2016A000235,Income-in-kind,Dollars,81,thousands,3,v8682,7.5,34937,,,,0
1988,Ontario,2016A000235,Depreciation charges,Dollars,81,thousands,3,v8690,7.13,603708,,,,0
1988,Ontario,2016A000235,Realized net income,Dollars,81,thousands,3,v8685,7.8,883917,,,,0
1988,Ontario,2016A000235,Value of inventory change,Dollars,81,thousands,3,v8679,7.2,-93578,,,,0
1988,Ontario,2016A000235,"Net income, total",Dollars,81,thousands,3,v8686,7.9,790339,,,,0
1988,Manitoba,2016A000246,"Cash receipts, total",Dollars,81,thousands,3,v8700,8.1,2089475,,,,0
1988,Manitoba,2016A000246,Operating expenses after rebates,Dollars,81,thousands,3,v8701,8.11,1494793,,,,0
1988,Manitoba,2016A000246,Net cash income,Dollars,81,thousands,3,v8702,8.12,594682,,,,0
1988,Manitoba,2016A000246,Income-in-kind,Dollars,81,thousands,3,v8695,8.5,8168,,,,0
1988,Manitoba,2016A000246,Depreciation charges,Dollars,81,thousands,3,v8703,8.13,271640,,,,0
1988,Manitoba,2016A000246,Realized net income,Dollars,81,thousands,3,v8698,8.8,331210,,,,0
1988,Manitoba,2016A000246,Value of inventory change,Dollars,81,thousands,3,v8692,8.2,-224637,,,,0
1988,Manitoba,2016A000246,"Net income, total",Dollars,81,thousands,3,v8699,8.9,106573,,,,0
1988,Saskatchewan,2016A000247,"Cash receipts, total",Dollars,81,thousands,3,v8713,9.1,4467877,,,,0
1988,Saskatchewan,2016A000247,Operating expenses after rebates,Dollars,81,thousands,3,v8714,9.11,2869202,,,,0
1988,Saskatchewan,2016A000247,Net cash income,Dollars,81,thousands,3,v8715,9.12,1598675,,,,0
1988,Saskatchewan,2016A000247,Income-in-kind,Dollars,81,thousands,3,v8708,9.5,10606,,,,0
1988,Saskatchewan,2016A000247,Depreciation charges,Dollars,81,thousands,3,v8716,9.13,723785,,,,0
1988,Saskatchewan,2016A000247,Realized net income,Dollars,81,thousands,3,v8711,9.8,885496,,,,0
1988,Saskatchewan,2016A000247,Value of inventory change,Dollars,81,thousands,3,v8705,9.2,-907072,,,,0
1988,Saskatchewan,2016A000247,"Net income, total",Dollars,81,thousands,3,v8712,9.9,-21576,,,,0
1988,Alberta,2016A000248,"Cash receipts, total",Dollars,81,thousands,3,v8726,10.1,4467340,,,,0
1988,Alberta,2016A000248,Operating expenses after rebates,Dollars,81,thousands,3,v8727,10.11,3107958,,,,0
1988,Alberta,2016A000248,Net cash income,Dollars,81,thousands,3,v8728,10.12,1359382,,,,0
1988,Alberta,2016A000248,Income-in-kind,Dollars,81,thousands,3,v8721,10.5,13229,,,,0
1988,Alberta,2016A000248,Depreciation charges,Dollars,81,thousands,3,v8729,10.13,686497,,,,0
1988,Alberta,2016A000248,Realized net income,Dollars,81,thousands,3,v8724,10.8,686114,,,,0
1988,Alberta,2016A000248,Value of inventory change,Dollars,81,thousands,3,v8718,10.2,85899,,,,0
1988,Alberta,2016A000248,"Net income, total",Dollars,81,thousands,3,v8725,10.9,772013,,,,0
1988,British Columbia,2016A000259,"Cash receipts, total",Dollars,81,thousands,3,v8739,11.1,1206316,,,,0
1988,British Columbia,2016A000259,Operating expenses after rebates,Dollars,81,thousands,3,v8740,11.11,954348,,,,0
1988,British Columbia,2016A000259,Net cash income,Dollars,81,thousands,3,v8741,11.12,251968,,,,0
1988,British Columbia,2016A000259,Income-in-kind,Dollars,81,thousands,3,v8734,11.5,5160,,,,0
1988,British Columbia,2016A000259,Depreciation charges,Dollars,81,thousands,3,v8742,11.13,106911,,,,0
1988,British Columbia,2016A000259,Realized net income,Dollars,81,thousands,3,v8737,11.8,150217,,,,0
1988,British Columbia,2016A000259,Value of inventory change,Dollars,81,thousands,3,v8731,11.2,21307,,,,0
1988,British Columbia,2016A000259,"Net income, total",Dollars,81,thousands,3,v8738,11.9,171524,,,,0
1989,Canada,2016A000011124,"Cash receipts, total",Dollars,81,thousands,3,v8622,1.1,22919269,,,,0
1989,Canada,2016A000011124,Operating expenses after rebates,Dollars,81,thousands,3,v8623,1.11,16965917,,,,0
1989,Canada,2016A000011124,Net cash income,Dollars,81,thousands,3,v8624,1.12,5953352,,,,0
1989,Canada,2016A000011124,Income-in-kind,Dollars,81,thousands,3,v8617,1.5,120389,,,,0
1989,Canada,2016A000011124,Depreciation charges,Dollars,81,thousands,3,v8625,1.13,2893485,,,,0
1989,Canada,2016A000011124,Realized net income,Dollars,81,thousands,3,v8620,1.8,3180256,,,,0
1989,Canada,2016A000011124,Value of inventory change,Dollars,81,thousands,3,v8614,1.2,864681,,,,0
1989,Canada,2016A000011124,"Net income, total",Dollars,81,thousands,3,v8621,1.9,4044937,,,,0
1989,Newfoundland and Labrador,2016A000210,"Cash receipts, total",Dollars,81,thousands,3,v8076,2.1,58568,,,,0
1989,Newfoundland and Labrador,2016A000210,Operating expenses after rebates,Dollars,81,thousands,3,v8077,2.11,50355,,,,0
1989,Newfoundland and Labrador,2016A000210,Net cash income,Dollars,81,thousands,3,v8078,2.12,8213,,,,0
1989,Newfoundland and Labrador,2016A000210,Income-in-kind,Dollars,81,thousands,3,v8073,2.5,329,,,,0
1989,Newfoundland and Labrador,2016A000210,Depreciation charges,Dollars,81,thousands,3,v8079,2.13,2639,,,,0
1989,Newfoundland and Labrador,2016A000210,Realized net income,Dollars,81,thousands,3,v8074,2.8,5903,,,,0
1989,Newfoundland and Labrador,2016A000210,Value of inventory change,Dollars,81,thousands,3,v8072,2.2,612,,,,0
1989,Newfoundland and Labrador,2016A000210,"Net income, total",Dollars,81,thousands,3,v8075,2.9,6515,,,,0
1989,Prince Edward Island,2016A000211,"Cash receipts, total",Dollars,81,thousands,3,v8635,3.1,258163,,,,0
1989,Prince Edward Island,2016A000211,Operating expenses after rebates,Dollars,81,thousands,3,v8636,3.11,170685,,,,0
1989,Prince Edward Island,2016A000211,Net cash income,Dollars,81,thousands,3,v8637,3.12,87478,,,,0
1989,Prince Edward Island,2016A000211,Income-in-kind,Dollars,81,thousands,3,v8630,3.5,1680,,,,0
1989,Prince Edward Island,2016A000211,Depreciation charges,Dollars,81,thousands,3,v8638,3.13,21468,,,,0
1989,Prince Edward Island,2016A000211,Realized net income,Dollars,81,thousands,3,v8633,3.8,67690,,,,0
1989,Prince Edward Island,2016A000211,Value of inventory change,Dollars,81,thousands,3,v8627,3.2,-266,,,,0
1989,Prince Edward Island,2016A000211,"Net income, total",Dollars,81,thousands,3,v8634,3.9,67424,,,,0
1989,Nova Scotia,2016A000212,"Cash receipts, total",Dollars,81,thousands,3,v8648,4.1,325899,,,,0
1989,Nova Scotia,2016A000212,Operating expenses after rebates,Dollars,81,thousands,3,v8649,4.11,243780,,,,0
1989,Nova Scotia,2016A000212,Net cash income,Dollars,81,thousands,3,v8650,4.12,82119,,,,0
1989,Nova Scotia,2016A000212,Income-in-kind,Dollars,81,thousands,3,v8643,4.5,2289,,,,0
1989,Nova Scotia,2016A000212,Depreciation charges,Dollars,81,thousands,3,v8651,4.13,31956,,,,0
1989,Nova Scotia,2016A000212,Realized net income,Dollars,81,thousands,3,v8646,4.8,52452,,,,0
1989,Nova Scotia,2016A000212,Value of inventory change,Dollars,81,thousands,3,v8640,4.2,-1116,,,,0
1989,Nova Scotia,2016A000212,"Net income, total",Dollars,81,thousands,3,v8647,4.9,51336,,,,0
1989,New Brunswick,2016A000213,"Cash receipts, total",Dollars,81,thousands,3,v8661,5.1,274056,,,,0
1989,New Brunswick,2016A000213,Operating expenses after rebates,Dollars,81,thousands,3,v8662,5.11,203610,,,,0
1989,New Brunswick,2016A000213,Net cash income,Dollars,81,thousands,3,v8663,5.12,70446,,,,0
1989,New Brunswick,2016A000213,Income-in-kind,Dollars,81,thousands,3,v8656,5.5,2283,,,,0
1989,New Brunswick,2016A000213,Depreciation charges,Dollars,81,thousands,3,v8664,5.13,22899,,,,0
1989,New Brunswick,2016A000213,Realized net income,Dollars,81,thousands,3,v8659,5.8,49830,,,,0
1989,New Brunswick,2016A000213,Value of inventory change,Dollars,81,thousands,3,v8653,5.2,2916,,,,0
1989,New Brunswick,2016A000213,"Net income, total",Dollars,81,thousands,3,v8660,5.9,52746,,,,0
1989,Quebec,2016A000224,"Cash receipts, total",Dollars,81,thousands,3,v8674,6.1,3755263,,,,0
1989,Quebec,2016A000224,Operating expenses after rebates,Dollars,81,thousands,3,v8675,6.11,2673228,,,,0
1989,Quebec,2016A000224,Net cash income,Dollars,81,thousands,3,v8676,6.12,1082035,,,,0
1989,Quebec,2016A000224,Income-in-kind,Dollars,81,thousands,3,v8669,6.5,41384,,,,0
1989,Quebec,2016A000224,Depreciation charges,Dollars,81,thousands,3,v8677,6.13,320925,,,,0
1989,Quebec,2016A000224,Realized net income,Dollars,81,thousands,3,v8672,6.8,802494,,,,0
1989,Quebec,2016A000224,Value of inventory change,Dollars,81,thousands,3,v8666,6.2,-15858,,,,0
1989,Quebec,2016A000224,"Net income, total",Dollars,81,thousands,3,v8673,6.9,786636,,,,0
1989,Ontario,2016A000235,"Cash receipts, total",Dollars,81,thousands,3,v8687,7.1,5786193,,,,0
1989,Ontario,2016A000235,Operating expenses after rebates,Dollars,81,thousands,3,v8688,7.11,4463158,,,,0
1989,Ontario,2016A000235,Net cash income,Dollars,81,thousands,3,v8689,7.12,1323035,,,,0
1989,Ontario,2016A000235,Income-in-kind,Dollars,81,thousands,3,v8682,7.5,35336,,,,0
1989,Ontario,2016A000235,Depreciation charges,Dollars,81,thousands,3,v8690,7.13,668551,,,,0
1989,Ontario,2016A000235,Realized net income,Dollars,81,thousands,3,v8685,7.8,689820,,,,0
1989,Ontario,2016A000235,Value of inventory change,Dollars,81,thousands,3,v8679,7.2,176161,,,,0
1989,Ontario,2016A000235,"Net income, total",Dollars,81,thousands,3,v8686,7.9,865981,,,,0
1989,Manitoba,2016A000246,"Cash receipts, total",Dollars,81,thousands,3,v8700,8.1,2108196,,,,0
1989,Manitoba,2016A000246,Operating expenses after rebates,Dollars,81,thousands,3,v8701,8.11,1592498,,,,0
1989,Manitoba,2016A000246,Net cash income,Dollars,81,thousands,3,v8702,8.12,515698,,,,0
1989,Manitoba,2016A000246,Income-in-kind,Dollars,81,thousands,3,v8695,8.5,8276,,,,0
1989,Manitoba,2016A000246,Depreciation charges,Dollars,81,thousands,3,v8703,8.13,277180,,,,0
1989,Manitoba,2016A000246,Realized net income,Dollars,81,thousands,3,v8698,8.8,246794,,,,0
1989,Manitoba,2016A000246,Value of inventory change,Dollars,81,thousands,3,v8692,8.2,144298,,,,0
1989,Manitoba,2016A000246,"Net income, total",Dollars,81,thousands,3,v8699,8.9,391092,,,,0
1989,Saskatchewan,2016A000247,"Cash receipts, total",Dollars,81,thousands,3,v8713,9.1,4498721,,,,0
1989,Saskatchewan,2016A000247,Operating expenses after rebates,Dollars,81,thousands,3,v8714,9.11,3120268,,,,0
1989,Saskatchewan,2016A000247,Net cash income,Dollars,81,thousands,3,v8715,9.12,1378453,,,,0
1989,Saskatchewan,2016A000247,Income-in-kind,Dollars,81,thousands,3,v8708,9.5,10511,,,,0
1989,Saskatchewan,2016A000247,Depreciation charges,Dollars,81,thousands,3,v8716,9.13,715094,,,,0
1989,Saskatchewan,2016A000247,Realized net income,Dollars,81,thousands,3,v8711,9.8,673870,,,,0
1989,Saskatchewan,2016A000247,Value of inventory change,Dollars,81,thousands,3,v8705,9.2,452295,,,,0
1989,Saskatchewan,2016A000247,"Net income, total",Dollars,81,thousands,3,v8712,9.9,1126165,,,,0
1989,Alberta,2016A000248,"Cash receipts, total",Dollars,81,thousands,3,v8726,10.1,4599469,,,,0
1989,Alberta,2016A000248,Operating expenses after rebates,Dollars,81,thousands,3,v8727,10.11,3421258,,,,0
1989,Alberta,2016A000248,Net cash income,Dollars,81,thousands,3,v8728,10.12,1178211,,,,0
1989,Alberta,2016A000248,Income-in-kind,Dollars,81,thousands,3,v8721,10.5,13130,,,,0
1989,Alberta,2016A000248,Depreciation charges,Dollars,81,thousands,3,v8729,10.13,716248,,,,0
1989,Alberta,2016A000248,Realized net income,Dollars,81,thousands,3,v8724,10.8,475093,,,,0
1989,Alberta,2016A000248,Value of inventory change,Dollars,81,thousands,3,v8718,10.2,99799,,,,0
1989,Alberta,2016A000248,"Net income, total",Dollars,81,thousands,3,v8725,10.9,574892,,,,0
1989,British Columbia,2016A000259,"Cash receipts, total",Dollars,81,thousands,3,v8739,11.1,1254741,,,,0
1989,British Columbia,2016A000259,Operating expenses after rebates,Dollars,81,thousands,3,v8740,11.11,1027077,,,,0
1989,British Columbia,2016A000259,Net cash income,Dollars,81,thousands,3,v8741,11.12,227664,,,,0
1989,British Columbia,2016A000259,Income-in-kind,Dollars,81,thousands,3,v8734,11.5,5172,,,,0
1989,British Columbia,2016A000259,Depreciation charges,Dollars,81,thousands,3,v8742,11.13,116525,,,,0
1989,British Columbia,2016A000259,Realized net income,Dollars,81,thousands,3,v8737,11.8,116311,,,,0
1989,British Columbia,2016A000259,Value of inventory change,Dollars,81,thousands,3,v8731,11.2,5840,,,,0
1989,British Columbia,2016A000259,"Net income, total",Dollars,81,thousands,3,v8738,11.9,122151,,,,0
1990,Canada,2016A000011124,"Cash receipts, total",Dollars,81,thousands,3,v8622,1.1,21997939,,,,0
1990,Canada,2016A000011124,Operating expenses after rebates,Dollars,81,thousands,3,v8623,1.11,17055916,,,,0
1990,Canada,2016A000011124,Net cash income,Dollars,81,thousands,3,v8624,1.12,4942023,,,,0
1990,Canada,2016A000011124,Income-in-kind,Dollars,81,thousands,3,v8617,1.5,119175,,,,0
1990,Canada,2016A000011124,Depreciation charges,Dollars,81,thousands,3,v8625,1.13,2989153,,,,0
1990,Canada,2016A000011124,Realized net income,Dollars,81,thousands,3,v8620,1.8,2072045,,,,0
1990,Canada,2016A000011124,Value of inventory change,Dollars,81,thousands,3,v8614,1.2,1333236,,,,0
1990,Canada,2016A000011124,"Net income, total",Dollars,81,thousands,3,v8621,1.9,3405281,,,,0
1990,Newfoundland and Labrador,2016A000210,"Cash receipts, total",Dollars,81,thousands,3,v8076,2.1,60139,,,,0
1990,Newfoundland and Labrador,2016A000210,Operating expenses after rebates,Dollars,81,thousands,3,v8077,2.11,54682,,,,0
1990,Newfoundland and Labrador,2016A000210,Net cash income,Dollars,81,thousands,3,v8078,2.12,5457,,,,0
1990,Newfoundland and Labrador,2016A000210,Income-in-kind,Dollars,81,thousands,3,v8073,2.5,312,,,,0
1990,Newfoundland and Labrador,2016A000210,Depreciation charges,Dollars,81,thousands,3,v8079,2.13,3051,,,,0
1990,Newfoundland and Labrador,2016A000210,Realized net income,Dollars,81,thousands,3,v8074,2.8,2718,,,,0
1990,Newfoundland and Labrador,2016A000210,Value of inventory change,Dollars,81,thousands,3,v8072,2.2,-306,,,,0
1990,Newfoundland and Labrador,2016A000210,"Net income, total",Dollars,81,thousands,3,v8075,2.9,2412,,,,0
1990,Prince Edward Island,2016A000211,"Cash receipts, total",Dollars,81,thousands,3,v8635,3.1,253381,,,,0
1990,Prince Edward Island,2016A000211,Operating expenses after rebates,Dollars,81,thousands,3,v8636,3.11,173992,,,,0
1990,Prince Edward Island,2016A000211,Net cash income,Dollars,81,thousands,3,v8637,3.12,79389,,,,0
1990,Prince Edward Island,2016A000211,Income-in-kind,Dollars,81,thousands,3,v8630,3.5,1629,,,,0
1990,Prince Edward Island,2016A000211,Depreciation charges,Dollars,81,thousands,3,v8638,3.13,22715,,,,0
1990,Prince Edward Island,2016A000211,Realized net income,Dollars,81,thousands,3,v8633,3.8,58303,,,,0
1990,Prince Edward Island,2016A000211,Value of inventory change,Dollars,81,thousands,3,v8627,3.2,-7888,,,,0
1990,Prince Edward Island,2016A000211,"Net income, total",Dollars,81,thousands,3,v8634,3.9,50415,,,,0
1990,Nova Scotia,2016A000212,"Cash receipts, total",Dollars,81,thousands,3,v8648,4.1,331697,,,,0
1990,Nova Scotia,2016A000212,Operating expenses after rebates,Dollars,81,thousands,3,v8649,4.11,244922,,,,0
1990,Nova Scotia,2016A000212,Net cash income,Dollars,81,thousands,3,v8650,4.12,86775,,,,0
1990,Nova Scotia,2016A000212,Income-in-kind,Dollars,81,thousands,3,v8643,4.5,2280,,,,0
1990,Nova Scotia,2016A000212,Depreciation charges,Dollars,81,thousands,3,v8651,4.13,33395,,,,0
1990,Nova Scotia,2016A000212,Realized net income,Dollars,81,thousands,3,v8646,4.8,55660,,,,0
1990,Nova Scotia,2016A000212,Value of inventory change,Dollars,81,thousands,3,v8640,4.2,-1918,,,,0
1990,Nova Scotia,2016A000212,"Net income, total",Dollars,81,thousands,3,v8647,4.9,53742,,,,0
1990,New Brunswick,2016A000213,"Cash receipts, total",Dollars,81,thousands,3,v8661,5.1,280204,,,,0
1990,New Brunswick,2016A000213,Operating expenses after rebates,Dollars,81,thousands,3,v8662,5.11,210085,,,,0
1990,New Brunswick,2016A000213,Net cash income,Dollars,81,thousands,3,v8663,5.12,70119,,,,0
1990,New Brunswick,2016A000213,Income-in-kind,Dollars,81,thousands,3,v8656,5.5,2295,,,,0
1990,New Brunswick,2016A000213,Depreciation charges,Dollars,81,thousands,3,v8664,5.13,25005,,,,0
1990,New Brunswick,2016A000213,Realized net income,Dollars,81,thousands,3,v8659,5.8,47409,,,,0
1990,New Brunswick,2016A000213,Value of inventory change,Dollars,81,thousands,3,v8653,5.2,-5060,,,,0
1990,New Brunswick,2016A000213,"Net income, total",Dollars,81,thousands,3,v8660,5.9,42349,,,,0
1990,Quebec,2016A000224,"Cash receipts, total",Dollars,81,thousands,3,v8674,6.1,3783772,,,,0
1990,Quebec,2016A000224,Operating expenses after rebates,Dollars,81,thousands,3,v8675,6.11,2777558,,,,0
1990,Quebec,2016A000224,Net cash income,Dollars,81,thousands,3,v8676,6.12,1006214,,,,0
1990,Quebec,2016A000224,Income-in-kind,Dollars,81,thousands,3,v8669,6.5,40646,,,,0
1990,Quebec,2016A000224,Depreciation charges,Dollars,81,thousands,3,v8677,6.13,340765,,,,0
1990,Quebec,2016A000224,Realized net income,Dollars,81,thousands,3,v8672,6.8,706095,,,,0
1990,Quebec,2016A000224,Value of inventory change,Dollars,81,thousands,3,v8666,6.2,10967,,,,0
1990,Quebec,2016A000224,"Net income, total",Dollars,81,thousands,3,v8673,6.9,717062,,,,0
1990,Ontario,2016A000235,"Cash receipts, total",Dollars,81,thousands,3,v8687,7.1,5690618,,,,0
1990,Ontario,2016A000235,Operating expenses after rebates,Dollars,81,thousands,3,v8688,7.11,4460209,,,,0
1990,Ontario,2016A000235,Net cash income,Dollars,81,thousands,3,v8689,7.12,1230409,,,,0
1990,Ontario,2016A000235,Income-in-kind,Dollars,81,thousands,3,v8682,7.5,35058,,,,0
1990,Ontario,2016A000235,Depreciation charges,Dollars,81,thousands,3,v8690,7.13,711392,,,,0
1990,Ontario,2016A000235,Realized net income,Dollars,81,thousands,3,v8685,7.8,554075,,,,0
1990,Ontario,2016A000235,Value of inventory change,Dollars,81,thousands,3,v8679,7.2,4603,,,,0
1990,Ontario,2016A000235,"Net income, total",Dollars,81,thousands,3,v8686,7.9,558678,,,,0
1990,Manitoba,2016A000246,"Cash receipts, total",Dollars,81,thousands,3,v8700,8.1,1985442,,,,0
1990,Manitoba,2016A000246,Operating expenses after rebates,Dollars,81,thousands,3,v8701,8.11,1605665,,,,0
1990,Manitoba,2016A000246,Net cash income,Dollars,81,thousands,3,v8702,8.12,379777,,,,0
1990,Manitoba,2016A000246,Income-in-kind,Dollars,81,thousands,3,v8695,8.5,8403,,,,0
1990,Manitoba,2016A000246,Depreciation charges,Dollars,81,thousands,3,v8703,8.13,281822,,,,0
1990,Manitoba,2016A000246,Realized net income,Dollars,81,thousands,3,v8698,8.8,106358,,,,0
1990,Manitoba,2016A000246,Value of inventory change,Dollars,81,thousands,3,v8692,8.2,314037,,,,0
1990,Manitoba,2016A000246,"Net income, total",Dollars,81,thousands,3,v8699,8.9,420395,,,,0
1990,Saskatchewan,2016A000247,"Cash receipts, total",Dollars,81,thousands,3,v8713,9.1,4030819,,,,0
1990,Saskatchewan,2016A000247,Operating expenses after rebates,Dollars,81,thousands,3,v8714,9.11,3082937,,,,0
1990,Saskatchewan,2016A000247,Net cash income,Dollars,81,thousands,3,v8715,9.12,947882,,,,0
1990,Saskatchewan,2016A000247,Income-in-kind,Dollars,81,thousands,3,v8708,9.5,10399,,,,0
1990,Saskatchewan,2016A000247,Depreciation charges,Dollars,81,thousands,3,v8716,9.13,699658,,,,0
1990,Saskatchewan,2016A000247,Realized net income,Dollars,81,thousands,3,v8711,9.8,258623,,,,0
1990,Saskatchewan,2016A000247,Value of inventory change,Dollars,81,thousands,3,v8705,9.2,818329,,,,0
1990,Saskatchewan,2016A000247,"Net income, total",Dollars,81,thousands,3,v8712,9.9,1076952,,,,0
1990,Alberta,2016A000248,"Cash receipts, total",Dollars,81,thousands,3,v8726,10.1,4283091,,,,0
1990,Alberta,2016A000248,Operating expenses after rebates,Dollars,81,thousands,3,v8727,10.11,3407190,,,,0
1990,Alberta,2016A000248,Net cash income,Dollars,81,thousands,3,v8728,10.12,875901,,,,0
1990,Alberta,2016A000248,Income-in-kind,Dollars,81,thousands,3,v8721,10.5,13139,,,,0
1990,Alberta,2016A000248,Depreciation charges,Dollars,81,thousands,3,v8729,10.13,745388,,,,0
1990,Alberta,2016A000248,Realized net income,Dollars,81,thousands,3,v8724,10.8,143652,,,,0
1990,Alberta,2016A000248,Value of inventory change,Dollars,81,thousands,3,v8718,10.2,202391,,,,0
1990,Alberta,2016A000248,"Net income, total",Dollars,81,thousands,3,v8725,10.9,346043,,,,0
1990,British Columbia,2016A000259,"Cash receipts, total",Dollars,81,thousands,3,v8739,11.1,1298776,,,,0
1990,British Columbia,2016A000259,Operating expenses after rebates,Dollars,81,thousands,3,v8740,11.11,1038676,,,,0
1990,British Columbia,2016A000259,Net cash income,Dollars,81,thousands,3,v8741,11.12,260100,,,,0
1990,British Columbia,2016A000259,Income-in-kind,Dollars,81,thousands,3,v8734,11.5,5015,,,,0
1990,British Columbia,2016A000259,Depreciation charges,Dollars,81,thousands,3,v8742,11.13,125962,,,,0
1990,British Columbia,2016A000259,Realized net income,Dollars,81,thousands,3,v8737,11.8,139153,,,,0
1990,British Columbia,2016A000259,Value of inventory change,Dollars,81,thousands,3,v8731,11.2,-1919,,,,0
1990,British Columbia,2016A000259,"Net income, total",Dollars,81,thousands,3,v8738,11.9,137234,,,,0
1991,Canada,2016A000011124,"Cash receipts, total",Dollars,81,thousands,3,v8622,1.1,21999545,,,,0
1991,Canada,2016A000011124,Operating expenses after rebates,Dollars,81,thousands,3,v8623,1.11,17433929,,,,0
1991,Canada,2016A000011124,Net cash income,Dollars,81,thousands,3,v8624,1.12,4565616,,,,0
1991,Canada,2016A000011124,Income-in-kind,Dollars,81,thousands,3,v8617,1.5,115248,,,,0
1991,Canada,2016A000011124,Depreciation charges,Dollars,81,thousands,3,v8625,1.13,2994997,,,,0
1991,Canada,2016A000011124,Realized net income,Dollars,81,thousands,3,v8620,1.8,1685867,,,,0
1991,Canada,2016A000011124,Value of inventory change,Dollars,81,thousands,3,v8614,1.2,295967,,,,0
1991,Canada,2016A000011124,"Net income, total",Dollars,81,thousands,3,v8621,1.9,1981834,,,,0
1991,Newfoundland and Labrador,2016A000210,"Cash receipts, total",Dollars,81,thousands,3,v8076,2.1,62752,,,,0
1991,Newfoundland and Labrador,2016A000210,Operating expenses after rebates,Dollars,81,thousands,3,v8077,2.11,55017,,,,0
1991,Newfoundland and Labrador,2016A000210,Net cash income,Dollars,81,thousands,3,v8078,2.12,7735,,,,0
1991,Newfoundland and Labrador,2016A000210,Income-in-kind,Dollars,81,thousands,3,v8073,2.5,368,,,,0
1991,Newfoundland and Labrador,2016A000210,Depreciation charges,Dollars,81,thousands,3,v8079,2.13,3441,,,,0
1991,Newfoundland and Labrador,2016A000210,Realized net income,Dollars,81,thousands,3,v8074,2.8,4662,,,,0
1991,Newfoundland and Labrador,2016A000210,Value of inventory change,Dollars,81,thousands,3,v8072,2.2,-60,,,,0
1991,Newfoundland and Labrador,2016A000210,"Net income, total",Dollars,81,thousands,3,v8075,2.9,4602,,,,0
1991,Prince Edward Island,2016A000211,"Cash receipts, total",Dollars,81,thousands,3,v8635,3.1,243754,,,,0
1991,Prince Edward Island,2016A000211,Operating expenses after rebates,Dollars,81,thousands,3,v8636,3.11,181689,,,,0
1991,Prince Edward Island,2016A000211,Net cash income,Dollars,81,thousands,3,v8637,3.12,62065,,,,0
1991,Prince Edward Island,2016A000211,Income-in-kind,Dollars,81,thousands,3,v8630,3.5,1498,,,,0
1991,Prince Edward Island,2016A000211,Depreciation charges,Dollars,81,thousands,3,v8638,3.13,23312,,,,0
1991,Prince Edward Island,2016A000211,Realized net income,Dollars,81,thousands,3,v8633,3.8,40251,,,,0
1991,Prince Edward Island,2016A000211,Value of inventory change,Dollars,81,thousands,3,v8627,3.2,-9546,,,,0
1991,Prince Edward Island,2016A000211,"Net income, total",Dollars,81,thousands,3,v8634,3.9,30705,,,,0
1991,Nova Scotia,2016A000212,"Cash receipts, total",Dollars,81,thousands,3,v8648,4.1,317832,,,,0
1991,Nova Scotia,2016A000212,Operating expenses after rebates,Dollars,81,thousands,3,v8649,4.11,248095,,,,0
1991,Nova Scotia,2016A000212,Net cash income,Dollars,81,thousands,3,v8650,4.12,69737,,,,0
1991,Nova Scotia,2016A000212,Income-in-kind,Dollars,81,thousands,3,v8643,4.5,2222,,,,0
1991,Nova Scotia,2016A000212,Depreciation charges,Dollars,81,thousands,3,v8651,4.13,34242,,,,0
1991,Nova Scotia,2016A000212,Realized net income,Dollars,81,thousands,3,v8646,4.8,37717,,,,0
1991,Nova Scotia,2016A000212,Value of inventory change,Dollars,81,thousands,3,v8640,4.2,-1959,,,,0
1991,Nova Scotia,2016A000212,"Net income, total",Dollars,81,thousands,3,v8647,4.9,35758,,,,0
1991,New Brunswick,2016A000213,"Cash receipts, total",Dollars,81,thousands,3,v8661,5.1,257059,,,,0
1991,New Brunswick,2016A000213,Operating expenses after rebates,Dollars,81,thousands,3,v8662,5.11,203530,,,,0
1991,New Brunswick,2016A000213,Net cash income,Dollars,81,thousands,3,v8663,5.12,53529,,,,0
1991,New Brunswick,2016A000213,Income-in-kind,Dollars,81,thousands,3,v8656,5.5,2204,,,,0
1991,New Brunswick,2016A000213,Depreciation charges,Dollars,81,thousands,3,v8664,5.13,26222,,,,0
1991,New Brunswick,2016A000213,Realized net income,Dollars,81,thousands,3,v8659,5.8,29511,,,,0
1991,New Brunswick,2016A000213,Value of inventory change,Dollars,81,thousands,3,v8653,5.2,-5866,,,,0
1991,New Brunswick,2016A000213,"Net income, total",Dollars,81,thousands,3,v8660,5.9,23645,,,,0
1991,Quebec,2016A000224,"Cash receipts, total",Dollars,81,thousands,3,v8674,6.1,3850473,,,,0
1991,Quebec,2016A000224,Operating expenses after rebates,Dollars,81,thousands,3,v8675,6.11,2862756,,,,0
1991,Quebec,2016A000224,Net cash income,Dollars,81,thousands,3,v8676,6.12,987717,,,,0
1991,Quebec,2016A000224,Income-in-kind,Dollars,81,thousands,3,v8669,6.5,39770,,,,0
1991,Quebec,2016A000224,Depreciation charges,Dollars,81,thousands,3,v8677,6.13,343969,,,,0
1991,Quebec,2016A000224,Realized net income,Dollars,81,thousands,3,v8672,6.8,683518,,,,0
1991,Quebec,2016A000224,Value of inventory change,Dollars,81,thousands,3,v8666,6.2,-9662,,,,0
1991,Quebec,2016A000224,"Net income, total",Dollars,81,thousands,3,v8673,6.9,673856,,,,0
1991,Ontario,2016A000235,"Cash receipts, total",Dollars,81,thousands,3,v8687,7.1,5559268,,,,0
1991,Ontario,2016A000235,Operating expenses after rebates,Dollars,81,thousands,3,v8688,7.11,4500454,,,,0
1991,Ontario,2016A000235,Net cash income,Dollars,81,thousands,3,v8689,7.12,1058814,,,,0
1991,Ontario,2016A000235,Income-in-kind,Dollars,81,thousands,3,v8682,7.5,34393,,,,0
1991,Ontario,2016A000235,Depreciation charges,Dollars,81,thousands,3,v8690,7.13,738800,,,,0
1991,Ontario,2016A000235,Realized net income,Dollars,81,thousands,3,v8685,7.8,354407,,,,0
1991,Ontario,2016A000235,Value of inventory change,Dollars,81,thousands,3,v8679,7.2,2039,,,,0
1991,Ontario,2016A000235,"Net income, total",Dollars,81,thousands,3,v8686,7.9,356446,,,,0
1991,Manitoba,2016A000246,"Cash receipts, total",Dollars,81,thousands,3,v8700,8.1,2004405,,,,0
1991,Manitoba,2016A000246,Operating expenses after rebates,Dollars,81,thousands,3,v8701,8.11,1637104,,,,0
1991,Manitoba,2016A000246,Net cash income,Dollars,81,thousands,3,v8702,8.12,367301,,,,0
1991,Manitoba,2016A000246,Income-in-kind,Dollars,81,thousands,3,v8695,8.5,7967,,,,0
1991,Manitoba,2016A000246,Depreciation charges,Dollars,81,thousands,3,v8703,8.13,272126,,,,0
1991,Manitoba,2016A000246,Realized net income,Dollars,81,thousands,3,v8698,8.8,103142,,,,0
1991,Manitoba,2016A000246,Value of inventory change,Dollars,81,thousands,3,v8692,8.2,-1075,,,,0
1991,Manitoba,2016A000246,"Net income, total",Dollars,81,thousands,3,v8699,8.9,102067,,,,0
1991,Saskatchewan,2016A000247,"Cash receipts, total",Dollars,81,thousands,3,v8713,9.1,4127480,,,,0
1991,Saskatchewan,2016A000247,Operating expenses after rebates,Dollars,81,thousands,3,v8714,9.11,3129589,,,,0
1991,Saskatchewan,2016A000247,Net cash income,Dollars,81,thousands,3,v8715,9.12,997891,,,,0
1991,Saskatchewan,2016A000247,Income-in-kind,Dollars,81,thousands,3,v8708,9.5,9678,,,,0
1991,Saskatchewan,2016A000247,Depreciation charges,Dollars,81,thousands,3,v8716,9.13,693776,,,,0
1991,Saskatchewan,2016A000247,Realized net income,Dollars,81,thousands,3,v8711,9.8,313793,,,,0
1991,Saskatchewan,2016A000247,Value of inventory change,Dollars,81,thousands,3,v8705,9.2,147464,,,,0
1991,Saskatchewan,2016A000247,"Net income, total",Dollars,81,thousands,3,v8712,9.9,461257,,,,0
1991,Alberta,2016A000248,"Cash receipts, total",Dollars,81,thousands,3,v8726,10.1,4234918,,,,0
1991,Alberta,2016A000248,Operating expenses after rebates,Dollars,81,thousands,3,v8727,10.11,3541296,,,,0
1991,Alberta,2016A000248,Net cash income,Dollars,81,thousands,3,v8728,10.12,693622,,,,0
1991,Alberta,2016A000248,Income-in-kind,Dollars,81,thousands,3,v8721,10.5,12326,,,,0
1991,Alberta,2016A000248,Depreciation charges,Dollars,81,thousands,3,v8729,10.13,726570,,,,0
1991,Alberta,2016A000248,Realized net income,Dollars,81,thousands,3,v8724,10.8,-20622,,,,0
1991,Alberta,2016A000248,Value of inventory change,Dollars,81,thousands,3,v8718,10.2,164210,,,,0
1991,Alberta,2016A000248,"Net income, total",Dollars,81,thousands,3,v8725,10.9,143588,,,,0
1991,British Columbia,2016A000259,"Cash receipts, total",Dollars,81,thousands,3,v8739,11.1,1341604,,,,0
1991,British Columbia,2016A000259,Operating expenses after rebates,Dollars,81,thousands,3,v8740,11.11,1074398,,,,0
1991,British Columbia,2016A000259,Net cash income,Dollars,81,thousands,3,v8741,11.12,267206,,,,0
1991,British Columbia,2016A000259,Income-in-kind,Dollars,81,thousands,3,v8734,11.5,4821,,,,0
1991,British Columbia,2016A000259,Depreciation charges,Dollars,81,thousands,3,v8742,11.13,132539,,,,0
1991,British Columbia,2016A000259,Realized net income,Dollars,81,thousands,3,v8737,11.8,139488,,,,0
1991,British Columbia,2016A000259,Value of inventory change,Dollars,81,thousands,3,v8731,11.2,10422,,,,0
1991,British Columbia,2016A000259,"Net income, total",Dollars,81,thousands,3,v8738,11.9,149910,,,,0
1992,Canada,2016A000011124,"Cash receipts, total",Dollars,81,thousands,3,v8622,1.1,23730202,,,,0
1992,Canada,2016A000011124,Operating expenses after rebates,Dollars,81,thousands,3,v8623,1.11,18075577,,,,0
1992,Canada,2016A000011124,Net cash income,Dollars,81,thousands,3,v8624,1.12,5654625,,,,0
1992,Canada,2016A000011124,Income-in-kind,Dollars,81,thousands,3,v8617,1.5,121573,,,,0
1992,Canada,2016A000011124,Depreciation charges,Dollars,81,thousands,3,v8625,1.13,2996914,,,,0
1992,Canada,2016A000011124,Realized net income,Dollars,81,thousands,3,v8620,1.8,2779284,,,,0
1992,Canada,2016A000011124,Value of inventory change,Dollars,81,thousands,3,v8614,1.2,-461200,,,,0
1992,Canada,2016A000011124,"Net income, total",Dollars,81,thousands,3,v8621,1.9,2318084,,,,0
1992,Newfoundland and Labrador,2016A000210,"Cash receipts, total",Dollars,81,thousands,3,v8076,2.1,65000,,,,0
1992,Newfoundland and Labrador,2016A000210,Operating expenses after rebates,Dollars,81,thousands,3,v8077,2.11,54959,,,,0
1992,Newfoundland and Labrador,2016A000210,Net cash income,Dollars,81,thousands,3,v8078,2.12,10041,,,,0
1992,Newfoundland and Labrador,2016A000210,Income-in-kind,Dollars,81,thousands,3,v8073,2.5,421,,,,0
1992,Newfoundland and Labrador,2016A000210,Depreciation charges,Dollars,81,thousands,3,v8079,2.13,3796,,,,0
1992,Newfoundland and Labrador,2016A000210,Realized net income,Dollars,81,thousands,3,v8074,2.8,6666,,,,0
1992,Newfoundland and Labrador,2016A000210,Value of inventory change,Dollars,81,thousands,3,v8072,2.2,-411,,,,0
1992,Newfoundland and Labrador,2016A000210,"Net income, total",Dollars,81,thousands,3,v8075,2.9,6255,,,,0
1992,Prince Edward Island,2016A000211,"Cash receipts, total",Dollars,81,thousands,3,v8635,3.1,228204,,,,0
1992,Prince Edward Island,2016A000211,Operating expenses after rebates,Dollars,81,thousands,3,v8636,3.11,191199,,,,0
1992,Prince Edward Island,2016A000211,Net cash income,Dollars,81,thousands,3,v8637,3.12,37005,,,,0
1992,Prince Edward Island,2016A000211,Income-in-kind,Dollars,81,thousands,3,v8630,3.5,1552,,,,0
1992,Prince Edward Island,2016A000211,Depreciation charges,Dollars,81,thousands,3,v8638,3.13,24285,,,,0
1992,Prince Edward Island,2016A000211,Realized net income,Dollars,81,thousands,3,v8633,3.8,14272,,,,0
1992,Prince Edward Island,2016A000211,Value of inventory change,Dollars,81,thousands,3,v8627,3.2,34409,,,,0
1992,Prince Edward Island,2016A000211,"Net income, total",Dollars,81,thousands,3,v8634,3.9,48681,,,,0
1992,Nova Scotia,2016A000212,"Cash receipts, total",Dollars,81,thousands,3,v8648,4.1,321587,,,,0
1992,Nova Scotia,2016A000212,Operating expenses after rebates,Dollars,81,thousands,3,v8649,4.11,253441,,,,0
1992,Nova Scotia,2016A000212,Net cash income,Dollars,81,thousands,3,v8650,4.12,68146,,,,0
1992,Nova Scotia,2016A000212,Income-in-kind,Dollars,81,thousands,3,v8643,4.5,2341,,,,0
1992,Nova Scotia,2016A000212,Depreciation charges,Dollars,81,thousands,3,v8651,4.13,34609,,,,0
1992,Nova Scotia,2016A000212,Realized net income,Dollars,81,thousands,3,v8646,4.8,35878,,,,0
1992,Nova Scotia,2016A000212,Value of inventory change,Dollars,81,thousands,3,v8640,4.2,-1017,,,,0
1992,Nova Scotia,2016A000212,"Net income, total",Dollars,81,thousands,3,v8647,4.9,34861,,,,0
1992,New Brunswick,2016A000213,"Cash receipts, total",Dollars,81,thousands,3,v8661,5.1,270400,,,,0
1992,New Brunswick,2016A000213,Operating expenses after rebates,Dollars,81,thousands,3,v8662,5.11,208022,,,,0
1992,New Brunswick,2016A000213,Net cash income,Dollars,81,thousands,3,v8663,5.12,62378,,,,0
1992,New Brunswick,2016A000213,Income-in-kind,Dollars,81,thousands,3,v8656,5.5,2323,,,,0
1992,New Brunswick,2016A000213,Depreciation charges,Dollars,81,thousands,3,v8664,5.13,26673,,,,0
1992,New Brunswick,2016A000213,Realized net income,Dollars,81,thousands,3,v8659,5.8,38028,,,,0
1992,New Brunswick,2016A000213,Value of inventory change,Dollars,81,thousands,3,v8653,5.2,17625,,,,0
1992,New Brunswick,2016A000213,"Net income, total",Dollars,81,thousands,3,v8660,5.9,55653,,,,0
1992,Quebec,2016A000224,"Cash receipts, total",Dollars,81,thousands,3,v8674,6.1,3871869,,,,0
1992,Quebec,2016A000224,Operating expenses after rebates,Dollars,81,thousands,3,v8675,6.11,2996338,,,,0
1992,Quebec,2016A000224,Net cash income,Dollars,81,thousands,3,v8676,6.12,875531,,,,0
1992,Quebec,2016A000224,Income-in-kind,Dollars,81,thousands,3,v8669,6.5,42370,,,,0
1992,Quebec,2016A000224,Depreciation charges,Dollars,81,thousands,3,v8677,6.13,342647,,,,0
1992,Quebec,2016A000224,Realized net income,Dollars,81,thousands,3,v8672,6.8,575254,,,,0
1992,Quebec,2016A000224,Value of inventory change,Dollars,81,thousands,3,v8666,6.2,-37251,,,,0
1992,Quebec,2016A000224,"Net income, total",Dollars,81,thousands,3,v8673,6.9,538003,,,,0
1992,Ontario,2016A000235,"Cash receipts, total",Dollars,81,thousands,3,v8687,7.1,6053177,,,,0
1992,Ontario,2016A000235,Operating expenses after rebates,Dollars,81,thousands,3,v8688,7.11,4688577,,,,0
1992,Ontario,2016A000235,Net cash income,Dollars,81,thousands,3,v8689,7.12,1364600,,,,0
1992,Ontario,2016A000235,Income-in-kind,Dollars,81,thousands,3,v8682,7.5,36603,,,,0
1992,Ontario,2016A000235,Depreciation charges,Dollars,81,thousands,3,v8690,7.13,734970,,,,0
1992,Ontario,2016A000235,Realized net income,Dollars,81,thousands,3,v8685,7.8,666233,,,,0
1992,Ontario,2016A000235,Value of inventory change,Dollars,81,thousands,3,v8679,7.2,-270574,,,,0
1992,Ontario,2016A000235,"Net income, total",Dollars,81,thousands,3,v8686,7.9,395659,,,,0
1992,Manitoba,2016A000246,"Cash receipts, total",Dollars,81,thousands,3,v8700,8.1,2168764,,,,0
1992,Manitoba,2016A000246,Operating expenses after rebates,Dollars,81,thousands,3,v8701,8.11,1712185,,,,0
1992,Manitoba,2016A000246,Net cash income,Dollars,81,thousands,3,v8702,8.12,456579,,,,0
1992,Manitoba,2016A000246,Income-in-kind,Dollars,81,thousands,3,v8695,8.5,8296,,,,0
1992,Manitoba,2016A000246,Depreciation charges,Dollars,81,thousands,3,v8703,8.13,275555,,,,0
1992,Manitoba,2016A000246,Realized net income,Dollars,81,thousands,3,v8698,8.8,189320,,,,0
1992,Manitoba,2016A000246,Value of inventory change,Dollars,81,thousands,3,v8692,8.2,70376,,,,0
1992,Manitoba,2016A000246,"Net income, total",Dollars,81,thousands,3,v8699,8.9,259696,,,,0
1992,Saskatchewan,2016A000247,"Cash receipts, total",Dollars,81,thousands,3,v8713,9.1,4390865,,,,0
1992,Saskatchewan,2016A000247,Operating expenses after rebates,Dollars,81,thousands,3,v8714,9.11,3202583,,,,0
1992,Saskatchewan,2016A000247,Net cash income,Dollars,81,thousands,3,v8715,9.12,1188282,,,,0
1992,Saskatchewan,2016A000247,Income-in-kind,Dollars,81,thousands,3,v8708,9.5,9780,,,,0
1992,Saskatchewan,2016A000247,Depreciation charges,Dollars,81,thousands,3,v8716,9.13,701757,,,,0
1992,Saskatchewan,2016A000247,Realized net income,Dollars,81,thousands,3,v8711,9.8,496305,,,,0
1992,Saskatchewan,2016A000247,Value of inventory change,Dollars,81,thousands,3,v8705,9.2,-89011,,,,0
1992,Saskatchewan,2016A000247,"Net income, total",Dollars,81,thousands,3,v8712,9.9,407294,,,,0
1992,Alberta,2016A000248,"Cash receipts, total",Dollars,81,thousands,3,v8726,10.1,4956259,,,,0
1992,Alberta,2016A000248,Operating expenses after rebates,Dollars,81,thousands,3,v8727,10.11,3645587,,,,0
1992,Alberta,2016A000248,Net cash income,Dollars,81,thousands,3,v8728,10.12,1310672,,,,0
1992,Alberta,2016A000248,Income-in-kind,Dollars,81,thousands,3,v8721,10.5,12830,,,,0
1992,Alberta,2016A000248,Depreciation charges,Dollars,81,thousands,3,v8729,10.13,717642,,,,0
1992,Alberta,2016A000248,Realized net income,Dollars,81,thousands,3,v8724,10.8,605860,,,,0
1992,Alberta,2016A000248,Value of inventory change,Dollars,81,thousands,3,v8718,10.2,-160060,,,,0
1992,Alberta,2016A000248,"Net income, total",Dollars,81,thousands,3,v8725,10.9,445800,,,,0
1992,British Columbia,2016A000259,"Cash receipts, total",Dollars,81,thousands,3,v8739,11.1,1404077,,,,0
1992,British Columbia,2016A000259,Operating expenses after rebates,Dollars,81,thousands,3,v8740,11.11,1122687,,,,0
1992,British Columbia,2016A000259,Net cash income,Dollars,81,thousands,3,v8741,11.12,281390,,,,0
1992,British Columbia,2016A000259,Income-in-kind,Dollars,81,thousands,3,v8734,11.5,5429,,,,0
1992,British Columbia,2016A000259,Depreciation charges,Dollars,81,thousands,3,v8742,11.13,134980,,,,0
1992,British Columbia,2016A000259,Realized net income,Dollars,81,thousands,3,v8737,11.8,151839,,,,0
1992,British Columbia,2016A000259,Value of inventory change,Dollars,81,thousands,3,v8731,11.2,-25286,,,,0
1992,British Columbia,2016A000259,"Net income, total",Dollars,81,thousands,3,v8738,11.9,126553,,,,0
1993,Canada,2016A000011124,"Cash receipts, total",Dollars,81,thousands,3,v8622,1.1,24188520,,,,0
1993,Canada,2016A000011124,Operating expenses after rebates,Dollars,81,thousands,3,v8623,1.11,18926327,,,,0
1993,Canada,2016A000011124,Net cash income,Dollars,81,thousands,3,v8624,1.12,5262193,,,,0
1993,Canada,2016A000011124,Income-in-kind,Dollars,81,thousands,3,v8617,1.5,144022,,,,0
1993,Canada,2016A000011124,Depreciation charges,Dollars,81,thousands,3,v8625,1.13,3059750,,,,0
1993,Canada,2016A000011124,Realized net income,Dollars,81,thousands,3,v8620,1.8,2346465,,,,0
1993,Canada,2016A000011124,Value of inventory change,Dollars,81,thousands,3,v8614,1.2,1067201,,,,0
1993,Canada,2016A000011124,"Net income, total",Dollars,81,thousands,3,v8621,1.9,3413666,,,,0
1993,Newfoundland and Labrador,2016A000210,"Cash receipts, total",Dollars,81,thousands,3,v8076,2.1,62323,,,,0
1993,Newfoundland and Labrador,2016A000210,Operating expenses after rebates,Dollars,81,thousands,3,v8077,2.11,54003,,,,0
1993,Newfoundland and Labrador,2016A000210,Net cash income,Dollars,81,thousands,3,v8078,2.12,8320,,,,0
1993,Newfoundland and Labrador,2016A000210,Income-in-kind,Dollars,81,thousands,3,v8073,2.5,486,,,,0
1993,Newfoundland and Labrador,2016A000210,Depreciation charges,Dollars,81,thousands,3,v8079,2.13,3768,,,,0
1993,Newfoundland and Labrador,2016A000210,Realized net income,Dollars,81,thousands,3,v8074,2.8,5038,,,,0
1993,Newfoundland and Labrador,2016A000210,Value of inventory change,Dollars,81,thousands,3,v8072,2.2,-769,,,,0
1993,Newfoundland and Labrador,2016A000210,"Net income, total",Dollars,81,thousands,3,v8075,2.9,4269,,,,0
1993,Prince Edward Island,2016A000211,"Cash receipts, total",Dollars,81,thousands,3,v8635,3.1,240737,,,,0
1993,Prince Edward Island,2016A000211,Operating expenses after rebates,Dollars,81,thousands,3,v8636,3.11,195165,,,,0
1993,Prince Edward Island,2016A000211,Net cash income,Dollars,81,thousands,3,v8637,3.12,45572,,,,0
1993,Prince Edward Island,2016A000211,Income-in-kind,Dollars,81,thousands,3,v8630,3.5,1847,,,,0
1993,Prince Edward Island,2016A000211,Depreciation charges,Dollars,81,thousands,3,v8638,3.13,23503,,,,0
1993,Prince Edward Island,2016A000211,Realized net income,Dollars,81,thousands,3,v8633,3.8,23916,,,,0
1993,Prince Edward Island,2016A000211,Value of inventory change,Dollars,81,thousands,3,v8627,3.2,-12784,,,,0
1993,Prince Edward Island,2016A000211,"Net income, total",Dollars,81,thousands,3,v8634,3.9,11132,,,,0
1993,Nova Scotia,2016A000212,"Cash receipts, total",Dollars,81,thousands,3,v8648,4.1,312715,,,,0
1993,Nova Scotia,2016A000212,Operating expenses after rebates,Dollars,81,thousands,3,v8649,4.11,256390,,,,0
1993,Nova Scotia,2016A000212,Net cash income,Dollars,81,thousands,3,v8650,4.12,56325,,,,0
1993,Nova Scotia,2016A000212,Income-in-kind,Dollars,81,thousands,3,v8643,4.5,2844,,,,0
1993,Nova Scotia,2016A000212,Depreciation charges,Dollars,81,thousands,3,v8651,4.13,35349,,,,0
1993,Nova Scotia,2016A000212,Realized net income,Dollars,81,thousands,3,v8646,4.8,23820,,,,0
1993,Nova Scotia,2016A000212,Value of inventory change,Dollars,81,thousands,3,v8640,4.2,481,,,,0
1993,Nova Scotia,2016A000212,"Net income, total",Dollars,81,thousands,3,v8647,4.9,24301,,,,0
1993,New Brunswick,2016A000213,"Cash receipts, total",Dollars,81,thousands,3,v8661,5.1,283095,,,,0
1993,New Brunswick,2016A000213,Operating expenses after rebates,Dollars,81,thousands,3,v8662,5.11,211502,,,,0
1993,New Brunswick,2016A000213,Net cash income,Dollars,81,thousands,3,v8663,5.12,71593,,,,0
1993,New Brunswick,2016A000213,Income-in-kind,Dollars,81,thousands,3,v8656,5.5,2799,,,,0
1993,New Brunswick,2016A000213,Depreciation charges,Dollars,81,thousands,3,v8664,5.13,26301,,,,0
1993,New Brunswick,2016A000213,Realized net income,Dollars,81,thousands,3,v8659,5.8,48091,,,,0
1993,New Brunswick,2016A000213,Value of inventory change,Dollars,81,thousands,3,v8653,5.2,-15063,,,,0
1993,New Brunswick,2016A000213,"Net income, total",Dollars,81,thousands,3,v8660,5.9,33028,,,,0
1993,Quebec,2016A000224,"Cash receipts, total",Dollars,81,thousands,3,v8674,6.1,3981395,,,,0
1993,Quebec,2016A000224,Operating expenses after rebates,Dollars,81,thousands,3,v8675,6.11,3018291,,,,0
1993,Quebec,2016A000224,Net cash income,Dollars,81,thousands,3,v8676,6.12,963104,,,,0
1993,Quebec,2016A000224,Income-in-kind,Dollars,81,thousands,3,v8669,6.5,49950,,,,0
1993,Quebec,2016A000224,Depreciation charges,Dollars,81,thousands,3,v8677,6.13,352386,,,,0
1993,Quebec,2016A000224,Realized net income,Dollars,81,thousands,3,v8672,6.8,660668,,,,0
1993,Quebec,2016A000224,Value of inventory change,Dollars,81,thousands,3,v8666,6.2,13238,,,,0
1993,Quebec,2016A000224,"Net income, total",Dollars,81,thousands,3,v8673,6.9,673906,,,,0
1993,Ontario,2016A000235,"Cash receipts, total",Dollars,81,thousands,3,v8687,7.1,5879690,,,,0
1993,Ontario,2016A000235,Operating expenses after rebates,Dollars,81,thousands,3,v8688,7.11,4845678,,,,0
1993,Ontario,2016A000235,Net cash income,Dollars,81,thousands,3,v8689,7.12,1034012,,,,0
1993,Ontario,2016A000235,Income-in-kind,Dollars,81,thousands,3,v8682,7.5,43781,,,,0
1993,Ontario,2016A000235,Depreciation charges,Dollars,81,thousands,3,v8690,7.13,733795,,,,0
1993,Ontario,2016A000235,Realized net income,Dollars,81,thousands,3,v8685,7.8,343998,,,,0
1993,Ontario,2016A000235,Value of inventory change,Dollars,81,thousands,3,v8679,7.2,128284,,,,0
1993,Ontario,2016A000235,"Net income, total",Dollars,81,thousands,3,v8686,7.9,472282,,,,0
1993,Manitoba,2016A000246,"Cash receipts, total",Dollars,81,thousands,3,v8700,8.1,2380354,,,,0
1993,Manitoba,2016A000246,Operating expenses after rebates,Dollars,81,thousands,3,v8701,8.11,1806920,,,,0
1993,Manitoba,2016A000246,Net cash income,Dollars,81,thousands,3,v8702,8.12,573434,,,,0
1993,Manitoba,2016A000246,Income-in-kind,Dollars,81,thousands,3,v8695,8.5,9691,,,,0
1993,Manitoba,2016A000246,Depreciation charges,Dollars,81,thousands,3,v8703,8.13,277615,,,,0
1993,Manitoba,2016A000246,Realized net income,Dollars,81,thousands,3,v8698,8.8,305510,,,,0
1993,Manitoba,2016A000246,Value of inventory change,Dollars,81,thousands,3,v8692,8.2,-101509,,,,0
1993,Manitoba,2016A000246,"Net income, total",Dollars,81,thousands,3,v8699,8.9,204001,,,,0
1993,Saskatchewan,2016A000247,"Cash receipts, total",Dollars,81,thousands,3,v8713,9.1,4538639,,,,0
1993,Saskatchewan,2016A000247,Operating expenses after rebates,Dollars,81,thousands,3,v8714,9.11,3348769,,,,0
1993,Saskatchewan,2016A000247,Net cash income,Dollars,81,thousands,3,v8715,9.12,1189870,,,,0
1993,Saskatchewan,2016A000247,Income-in-kind,Dollars,81,thousands,3,v8708,9.5,11322,,,,0
1993,Saskatchewan,2016A000247,Depreciation charges,Dollars,81,thousands,3,v8716,9.13,725690,,,,0
1993,Saskatchewan,2016A000247,Realized net income,Dollars,81,thousands,3,v8711,9.8,475502,,,,0
1993,Saskatchewan,2016A000247,Value of inventory change,Dollars,81,thousands,3,v8705,9.2,448189,,,,0
1993,Saskatchewan,2016A000247,"Net income, total",Dollars,81,thousands,3,v8712,9.9,923691,,,,0
1993,Alberta,2016A000248,"Cash receipts, total",Dollars,81,thousands,3,v8726,10.1,5064027,,,,0
1993,Alberta,2016A000248,Operating expenses after rebates,Dollars,81,thousands,3,v8727,10.11,4013191,,,,0
1993,Alberta,2016A000248,Net cash income,Dollars,81,thousands,3,v8728,10.12,1050836,,,,0
1993,Alberta,2016A000248,Income-in-kind,Dollars,81,thousands,3,v8721,10.5,14955,,,,0
1993,Alberta,2016A000248,Depreciation charges,Dollars,81,thousands,3,v8729,10.13,735415,,,,0
1993,Alberta,2016A000248,Realized net income,Dollars,81,thousands,3,v8724,10.8,330376,,,,0
1993,Alberta,2016A000248,Value of inventory change,Dollars,81,thousands,3,v8718,10.2,601179,,,,0
1993,Alberta,2016A000248,"Net income, total",Dollars,81,thousands,3,v8725,10.9,931555,,,,0
1993,British Columbia,2016A000259,"Cash receipts, total",Dollars,81,thousands,3,v8739,11.1,1445545,,,,0
1993,British Columbia,2016A000259,Operating expenses after rebates,Dollars,81,thousands,3,v8740,11.11,1176416,,,,0
1993,British Columbia,2016A000259,Net cash income,Dollars,81,thousands,3,v8741,11.12,269129,,,,0
1993,British Columbia,2016A000259,Income-in-kind,Dollars,81,thousands,3,v8734,11.5,6344,,,,0
1993,British Columbia,2016A000259,Depreciation charges,Dollars,81,thousands,3,v8742,11.13,145928,,,,0
1993,British Columbia,2016A000259,Realized net income,Dollars,81,thousands,3,v8737,11.8,129545,,,,0
1993,British Columbia,2016A000259,Value of inventory change,Dollars,81,thousands,3,v8731,11.2,5955,,,,0
1993,British Columbia,2016A000259,"Net income, total",Dollars,81,thousands,3,v8738,11.9,135500,,,,0
1994,Canada,2016A000011124,"Cash receipts, total",Dollars,81,thousands,3,v8622,1.1,25881396,,,,0
1994,Canada,2016A000011124,Operating expenses after rebates,Dollars,81,thousands,3,v8623,1.11,20321324,,,,0
1994,Canada,2016A000011124,Net cash income,Dollars,81,thousands,3,v8624,1.12,5560072,,,,0
1994,Canada,2016A000011124,Income-in-kind,Dollars,81,thousands,3,v8617,1.5,157623,,,,0
1994,Canada,2016A000011124,Depreciation charges,Dollars,81,thousands,3,v8625,1.13,3238919,,,,0
1994,Canada,2016A000011124,Realized net income,Dollars,81,thousands,3,v8620,1.8,2478776,,,,0
1994,Canada,2016A000011124,Value of inventory change,Dollars,81,thousands,3,v8614,1.2,524889,,,,0
1994,Canada,2016A000011124,"Net income, total",Dollars,81,thousands,3,v8621,1.9,3003665,,,,0
1994,Newfoundland and Labrador,2016A000210,"Cash receipts, total",Dollars,81,thousands,3,v8076,2.1,63406,,,,0
1994,Newfoundland and Labrador,2016A000210,Operating expenses after rebates,Dollars,81,thousands,3,v8077,2.11,56974,,,,0
1994,Newfoundland and Labrador,2016A000210,Net cash income,Dollars,81,thousands,3,v8078,2.12,6432,,,,0
1994,Newfoundland and Labrador,2016A000210,Income-in-kind,Dollars,81,thousands,3,v8073,2.5,516,,,,0
1994,Newfoundland and Labrador,2016A000210,Depreciation charges,Dollars,81,thousands,3,v8079,2.13,3894,,,,0
1994,Newfoundland and Labrador,2016A000210,Realized net income,Dollars,81,thousands,3,v8074,2.8,3054,,,,0
1994,Newfoundland and Labrador,2016A000210,Value of inventory change,Dollars,81,thousands,3,v8072,2.2,348,,,,0
1994,Newfoundland and Labrador,2016A000210,"Net income, total",Dollars,81,thousands,3,v8075,2.9,3402,,,,0
1994,Prince Edward Island,2016A000211,"Cash receipts, total",Dollars,81,thousands,3,v8635,3.1,308685,,,,0
1994,Prince Edward Island,2016A000211,Operating expenses after rebates,Dollars,81,thousands,3,v8636,3.11,217599,,,,0
1994,Prince Edward Island,2016A000211,Net cash income,Dollars,81,thousands,3,v8637,3.12,91086,,,,0
1994,Prince Edward Island,2016A000211,Income-in-kind,Dollars,81,thousands,3,v8630,3.5,2176,,,,0
1994,Prince Edward Island,2016A000211,Depreciation charges,Dollars,81,thousands,3,v8638,3.13,26080,,,,0
1994,Prince Edward Island,2016A000211,Realized net income,Dollars,81,thousands,3,v8633,3.8,67182,,,,0
1994,Prince Edward Island,2016A000211,Value of inventory change,Dollars,81,thousands,3,v8627,3.2,-10734,,,,0
1994,Prince Edward Island,2016A000211,"Net income, total",Dollars,81,thousands,3,v8634,3.9,56448,,,,0
1994,Nova Scotia,2016A000212,"Cash receipts, total",Dollars,81,thousands,3,v8648,4.1,327612,,,,0
1994,Nova Scotia,2016A000212,Operating expenses after rebates,Dollars,81,thousands,3,v8649,4.11,267064,,,,0
1994,Nova Scotia,2016A000212,Net cash income,Dollars,81,thousands,3,v8650,4.12,60548,,,,0
1994,Nova Scotia,2016A000212,Income-in-kind,Dollars,81,thousands,3,v8643,4.5,3296,,,,0
1994,Nova Scotia,2016A000212,Depreciation charges,Dollars,81,thousands,3,v8651,4.13,36093,,,,0
1994,Nova Scotia,2016A000212,Realized net income,Dollars,81,thousands,3,v8646,4.8,27751,,,,0
1994,Nova Scotia,2016A000212,Value of inventory change,Dollars,81,thousands,3,v8640,4.2,-458,,,,0
1994,Nova Scotia,2016A000212,"Net income, total",Dollars,81,thousands,3,v8647,4.9,27293,,,,0
1994,New Brunswick,2016A000213,"Cash receipts, total",Dollars,81,thousands,3,v8661,5.1,293249,,,,0
1994,New Brunswick,2016A000213,Operating expenses after rebates,Dollars,81,thousands,3,v8662,5.11,232804,,,,0
1994,New Brunswick,2016A000213,Net cash income,Dollars,81,thousands,3,v8663,5.12,60445,,,,0
1994,New Brunswick,2016A000213,Income-in-kind,Dollars,81,thousands,3,v8656,5.5,3177,,,,0
1994,New Brunswick,2016A000213,Depreciation charges,Dollars,81,thousands,3,v8664,5.13,27758,,,,0
1994,New Brunswick,2016A000213,Realized net income,Dollars,81,thousands,3,v8659,5.8,35864,,,,0
1994,New Brunswick,2016A000213,Value of inventory change,Dollars,81,thousands,3,v8653,5.2,-7110,,,,0
1994,New Brunswick,2016A000213,"Net income, total",Dollars,81,thousands,3,v8660,5.9,28754,,,,0
1994,Quebec,2016A000224,"Cash receipts, total",Dollars,81,thousands,3,v8674,6.1,4214854,,,,0
1994,Quebec,2016A000224,Operating expenses after rebates,Dollars,81,thousands,3,v8675,6.11,3195309,,,,0
1994,Quebec,2016A000224,Net cash income,Dollars,81,thousands,3,v8676,6.12,1019545,,,,0
1994,Quebec,2016A000224,Income-in-kind,Dollars,81,thousands,3,v8669,6.5,55711,,,,0
1994,Quebec,2016A000224,Depreciation charges,Dollars,81,thousands,3,v8677,6.13,373275,,,,0
1994,Quebec,2016A000224,Realized net income,Dollars,81,thousands,3,v8672,6.8,701981,,,,0
1994,Quebec,2016A000224,Value of inventory change,Dollars,81,thousands,3,v8666,6.2,83693,,,,0
1994,Quebec,2016A000224,"Net income, total",Dollars,81,thousands,3,v8673,6.9,785674,,,,0
1994,Ontario,2016A000235,"Cash receipts, total",Dollars,81,thousands,3,v8687,7.1,6052852,,,,0
1994,Ontario,2016A000235,Operating expenses after rebates,Dollars,81,thousands,3,v8688,7.11,5133872,,,,0
1994,Ontario,2016A000235,Net cash income,Dollars,81,thousands,3,v8689,7.12,918980,,,,0
1994,Ontario,2016A000235,Income-in-kind,Dollars,81,thousands,3,v8682,7.5,48070,,,,0
1994,Ontario,2016A000235,Depreciation charges,Dollars,81,thousands,3,v8690,7.13,764626,,,,0
1994,Ontario,2016A000235,Realized net income,Dollars,81,thousands,3,v8685,7.8,202424,,,,0
1994,Ontario,2016A000235,Value of inventory change,Dollars,81,thousands,3,v8679,7.2,131039,,,,0
1994,Ontario,2016A000235,"Net income, total",Dollars,81,thousands,3,v8686,7.9,333463,,,,0
1994,Manitoba,2016A000246,"Cash receipts, total",Dollars,81,thousands,3,v8700,8.1,2451015,,,,0
1994,Manitoba,2016A000246,Operating expenses after rebates,Dollars,81,thousands,3,v8701,8.11,1987697,,,,0
1994,Manitoba,2016A000246,Net cash income,Dollars,81,thousands,3,v8702,8.12,463318,,,,0
1994,Manitoba,2016A000246,Income-in-kind,Dollars,81,thousands,3,v8695,8.5,10174,,,,0
1994,Manitoba,2016A000246,Depreciation charges,Dollars,81,thousands,3,v8703,8.13,298096,,,,0
1994,Manitoba,2016A000246,Realized net income,Dollars,81,thousands,3,v8698,8.8,175396,,,,0
1994,Manitoba,2016A000246,Value of inventory change,Dollars,81,thousands,3,v8692,8.2,167066,,,,0
1994,Manitoba,2016A000246,"Net income, total",Dollars,81,thousands,3,v8699,8.9,342462,,,,0
1994,Saskatchewan,2016A000247,"Cash receipts, total",Dollars,81,thousands,3,v8713,9.1,5050540,,,,0
1994,Saskatchewan,2016A000247,Operating expenses after rebates,Dollars,81,thousands,3,v8714,9.11,3563630,,,,0
1994,Saskatchewan,2016A000247,Net cash income,Dollars,81,thousands,3,v8715,9.12,1486910,,,,0
1994,Saskatchewan,2016A000247,Income-in-kind,Dollars,81,thousands,3,v8708,9.5,11835,,,,0
1994,Saskatchewan,2016A000247,Depreciation charges,Dollars,81,thousands,3,v8716,9.13,764064,,,,0
1994,Saskatchewan,2016A000247,Realized net income,Dollars,81,thousands,3,v8711,9.8,734681,,,,0
1994,Saskatchewan,2016A000247,Value of inventory change,Dollars,81,thousands,3,v8705,9.2,13065,,,,0
1994,Saskatchewan,2016A000247,"Net income, total",Dollars,81,thousands,3,v8712,9.9,747746,,,,0
1994,Alberta,2016A000248,"Cash receipts, total",Dollars,81,thousands,3,v8726,10.1,5581321,,,,0
1994,Alberta,2016A000248,Operating expenses after rebates,Dollars,81,thousands,3,v8727,10.11,4344105,,,,0
1994,Alberta,2016A000248,Net cash income,Dollars,81,thousands,3,v8728,10.12,1237216,,,,0
1994,Alberta,2016A000248,Income-in-kind,Dollars,81,thousands,3,v8721,10.5,15549,,,,0
1994,Alberta,2016A000248,Depreciation charges,Dollars,81,thousands,3,v8729,10.13,785827,,,,0
1994,Alberta,2016A000248,Realized net income,Dollars,81,thousands,3,v8724,10.8,466938,,,,0
1994,Alberta,2016A000248,Value of inventory change,Dollars,81,thousands,3,v8718,10.2,103018,,,,0
1994,Alberta,2016A000248,"Net income, total",Dollars,81,thousands,3,v8725,10.9,569956,,,,0
1994,British Columbia,2016A000259,"Cash receipts, total",Dollars,81,thousands,3,v8739,11.1,1537862,,,,0
1994,British Columbia,2016A000259,Operating expenses after rebates,Dollars,81,thousands,3,v8740,11.11,1322271,,,,0
1994,British Columbia,2016A000259,Net cash income,Dollars,81,thousands,3,v8741,11.12,215591,,,,0
1994,British Columbia,2016A000259,Income-in-kind,Dollars,81,thousands,3,v8734,11.5,7120,,,,0
1994,British Columbia,2016A000259,Depreciation charges,Dollars,81,thousands,3,v8742,11.13,159206,,,,0
1994,British Columbia,2016A000259,Realized net income,Dollars,81,thousands,3,v8737,11.8,63505,,,,0
1994,British Columbia,2016A000259,Value of inventory change,Dollars,81,thousands,3,v8731,11.2,44962,,,,0
1994,British Columbia,2016A000259,"Net income, total",Dollars,81,thousands,3,v8738,11.9,108467,,,,0
1995,Canada,2016A000011124,"Cash receipts, total",Dollars,81,thousands,3,v8622,1.1,27123321,,,,0
1995,Canada,2016A000011124,Operating expenses after rebates,Dollars,81,thousands,3,v8623,1.11,21535309,,,,0
1995,Canada,2016A000011124,Net cash income,Dollars,81,thousands,3,v8624,1.12,5588012,,,,0
1995,Canada,2016A000011124,Income-in-kind,Dollars,81,thousands,3,v8617,1.5,150822,,,,0
1995,Canada,2016A000011124,Depreciation charges,Dollars,81,thousands,3,v8625,1.13,3462124,,,,0
1995,Canada,2016A000011124,Realized net income,Dollars,81,thousands,3,v8620,1.8,2276710,,,,0
1995,Canada,2016A000011124,Value of inventory change,Dollars,81,thousands,3,v8614,1.2,710042,,,,0
1995,Canada,2016A000011124,"Net income, total",Dollars,81,thousands,3,v8621,1.9,2986752,,,,0
1995,Newfoundland and Labrador,2016A000210,"Cash receipts, total",Dollars,81,thousands,3,v8076,2.1,66372,,,,0
1995,Newfoundland and Labrador,2016A000210,Operating expenses after rebates,Dollars,81,thousands,3,v8077,2.11,60071,,,,0
1995,Newfoundland and Labrador,2016A000210,Net cash income,Dollars,81,thousands,3,v8078,2.12,6301,,,,0
1995,Newfoundland and Labrador,2016A000210,Income-in-kind,Dollars,81,thousands,3,v8073,2.5,498,,,,0
1995,Newfoundland and Labrador,2016A000210,Depreciation charges,Dollars,81,thousands,3,v8079,2.13,3925,,,,0
1995,Newfoundland and Labrador,2016A000210,Realized net income,Dollars,81,thousands,3,v8074,2.8,2874,,,,0
1995,Newfoundland and Labrador,2016A000210,Value of inventory change,Dollars,81,thousands,3,v8072,2.2,131,,,,0
1995,Newfoundland and Labrador,2016A000210,"Net income, total",Dollars,81,thousands,3,v8075,2.9,3005,,,,0
1995,Prince Edward Island,2016A000211,"Cash receipts, total",Dollars,81,thousands,3,v8635,3.1,313219,,,,0
1995,Prince Edward Island,2016A000211,Operating expenses after rebates,Dollars,81,thousands,3,v8636,3.11,240615,,,,0
1995,Prince Edward Island,2016A000211,Net cash income,Dollars,81,thousands,3,v8637,3.12,72604,,,,0
1995,Prince Edward Island,2016A000211,Income-in-kind,Dollars,81,thousands,3,v8630,3.5,1921,,,,0
1995,Prince Edward Island,2016A000211,Depreciation charges,Dollars,81,thousands,3,v8638,3.13,28505,,,,0
1995,Prince Edward Island,2016A000211,Realized net income,Dollars,81,thousands,3,v8633,3.8,46020,,,,0
1995,Prince Edward Island,2016A000211,Value of inventory change,Dollars,81,thousands,3,v8627,3.2,39207,,,,0
1995,Prince Edward Island,2016A000211,"Net income, total",Dollars,81,thousands,3,v8634,3.9,85227,,,,0
1995,Nova Scotia,2016A000212,"Cash receipts, total",Dollars,81,thousands,3,v8648,4.1,341156,,,,0
1995,Nova Scotia,2016A000212,Operating expenses after rebates,Dollars,81,thousands,3,v8649,4.11,284246,,,,0
1995,Nova Scotia,2016A000212,Net cash income,Dollars,81,thousands,3,v8650,4.12,56910,,,,0
1995,Nova Scotia,2016A000212,Income-in-kind,Dollars,81,thousands,3,v8643,4.5,3145,,,,0
1995,Nova Scotia,2016A000212,Depreciation charges,Dollars,81,thousands,3,v8651,4.13,36252,,,,0
1995,Nova Scotia,2016A000212,Realized net income,Dollars,81,thousands,3,v8646,4.8,23803,,,,0
1995,Nova Scotia,2016A000212,Value of inventory change,Dollars,81,thousands,3,v8640,4.2,3472,,,,0
1995,Nova Scotia,2016A000212,"Net income, total",Dollars,81,thousands,3,v8647,4.9,27275,,,,0
1995,New Brunswick,2016A000213,"Cash receipts, total",Dollars,81,thousands,3,v8661,5.1,290224,,,,0
1995,New Brunswick,2016A000213,Operating expenses after rebates,Dollars,81,thousands,3,v8662,5.11,246524,,,,0
1995,New Brunswick,2016A000213,Net cash income,Dollars,81,thousands,3,v8663,5.12,43700,,,,0
1995,New Brunswick,2016A000213,Income-in-kind,Dollars,81,thousands,3,v8656,5.5,2997,,,,0
1995,New Brunswick,2016A000213,Depreciation charges,Dollars,81,thousands,3,v8664,5.13,29177,,,,0
1995,New Brunswick,2016A000213,Realized net income,Dollars,81,thousands,3,v8659,5.8,17520,,,,0
1995,New Brunswick,2016A000213,Value of inventory change,Dollars,81,thousands,3,v8653,5.2,5781,,,,0
1995,New Brunswick,2016A000213,"Net income, total",Dollars,81,thousands,3,v8660,5.9,23301,,,,0
1995,Quebec,2016A000224,"Cash receipts, total",Dollars,81,thousands,3,v8674,6.1,4353371,,,,0
1995,Quebec,2016A000224,Operating expenses after rebates,Dollars,81,thousands,3,v8675,6.11,3382331,,,,0
1995,Quebec,2016A000224,Net cash income,Dollars,81,thousands,3,v8676,6.12,971040,,,,0
1995,Quebec,2016A000224,Income-in-kind,Dollars,81,thousands,3,v8669,6.5,53435,,,,0
1995,Quebec,2016A000224,Depreciation charges,Dollars,81,thousands,3,v8677,6.13,398816,,,,0
1995,Quebec,2016A000224,Realized net income,Dollars,81,thousands,3,v8672,6.8,625659,,,,0
1995,Quebec,2016A000224,Value of inventory change,Dollars,81,thousands,3,v8666,6.2,13556,,,,0
1995,Quebec,2016A000224,"Net income, total",Dollars,81,thousands,3,v8673,6.9,639215,,,,0
1995,Ontario,2016A000235,"Cash receipts, total",Dollars,81,thousands,3,v8687,7.1,6315372,,,,0
1995,Ontario,2016A000235,Operating expenses after rebates,Dollars,81,thousands,3,v8688,7.11,5303628,,,,0
1995,Ontario,2016A000235,Net cash income,Dollars,81,thousands,3,v8689,7.12,1011744,,,,0
1995,Ontario,2016A000235,Income-in-kind,Dollars,81,thousands,3,v8682,7.5,46014,,,,0
1995,Ontario,2016A000235,Depreciation charges,Dollars,81,thousands,3,v8690,7.13,807965,,,,0
1995,Ontario,2016A000235,Realized net income,Dollars,81,thousands,3,v8685,7.8,249793,,,,0
1995,Ontario,2016A000235,Value of inventory change,Dollars,81,thousands,3,v8679,7.2,26502,,,,0
1995,Ontario,2016A000235,"Net income, total",Dollars,81,thousands,3,v8686,7.9,276295,,,,0
1995,Manitoba,2016A000246,"Cash receipts, total",Dollars,81,thousands,3,v8700,8.1,2503288,,,,0
1995,Manitoba,2016A000246,Operating expenses after rebates,Dollars,81,thousands,3,v8701,8.11,2095941,,,,0
1995,Manitoba,2016A000246,Net cash income,Dollars,81,thousands,3,v8702,8.12,407347,,,,0
1995,Manitoba,2016A000246,Income-in-kind,Dollars,81,thousands,3,v8695,8.5,9672,,,,0
1995,Manitoba,2016A000246,Depreciation charges,Dollars,81,thousands,3,v8703,8.13,321820,,,,0
1995,Manitoba,2016A000246,Realized net income,Dollars,81,thousands,3,v8698,8.8,95199,,,,0
1995,Manitoba,2016A000246,Value of inventory change,Dollars,81,thousands,3,v8692,8.2,30713,,,,0
1995,Manitoba,2016A000246,"Net income, total",Dollars,81,thousands,3,v8699,8.9,125912,,,,0
1995,Saskatchewan,2016A000247,"Cash receipts, total",Dollars,81,thousands,3,v8713,9.1,5385694,,,,0
1995,Saskatchewan,2016A000247,Operating expenses after rebates,Dollars,81,thousands,3,v8714,9.11,3885531,,,,0
1995,Saskatchewan,2016A000247,Net cash income,Dollars,81,thousands,3,v8715,9.12,1500163,,,,0
1995,Saskatchewan,2016A000247,Income-in-kind,Dollars,81,thousands,3,v8708,9.5,11208,,,,0
1995,Saskatchewan,2016A000247,Depreciation charges,Dollars,81,thousands,3,v8716,9.13,809615,,,,0
1995,Saskatchewan,2016A000247,Realized net income,Dollars,81,thousands,3,v8711,9.8,701756,,,,0
1995,Saskatchewan,2016A000247,Value of inventory change,Dollars,81,thousands,3,v8705,9.2,160203,,,,0
1995,Saskatchewan,2016A000247,"Net income, total",Dollars,81,thousands,3,v8712,9.9,861959,,,,0
1995,Alberta,2016A000248,"Cash receipts, total",Dollars,81,thousands,3,v8726,10.1,5969065,,,,0
1995,Alberta,2016A000248,Operating expenses after rebates,Dollars,81,thousands,3,v8727,10.11,4648930,,,,0
1995,Alberta,2016A000248,Net cash income,Dollars,81,thousands,3,v8728,10.12,1320135,,,,0
1995,Alberta,2016A000248,Income-in-kind,Dollars,81,thousands,3,v8721,10.5,15153,,,,0
1995,Alberta,2016A000248,Depreciation charges,Dollars,81,thousands,3,v8729,10.13,850290,,,,0
1995,Alberta,2016A000248,Realized net income,Dollars,81,thousands,3,v8724,10.8,484998,,,,0
1995,Alberta,2016A000248,Value of inventory change,Dollars,81,thousands,3,v8718,10.2,396563,,,,0
1995,Alberta,2016A000248,"Net income, total",Dollars,81,thousands,3,v8725,10.9,881561,,,,0
1995,British Columbia,2016A000259,"Cash receipts, total",Dollars,81,thousands,3,v8739,11.1,1585560,,,,0
1995,British Columbia,2016A000259,Operating expenses after rebates,Dollars,81,thousands,3,v8740,11.11,1387492,,,,0
1995,British Columbia,2016A000259,Net cash income,Dollars,81,thousands,3,v8741,11.12,198068,,,,0
1995,British Columbia,2016A000259,Income-in-kind,Dollars,81,thousands,3,v8734,11.5,6776,,,,0
1995,British Columbia,2016A000259,Depreciation charges,Dollars,81,thousands,3,v8742,11.13,175759,,,,0
1995,British Columbia,2016A000259,Realized net income,Dollars,81,thousands,3,v8737,11.8,29085,,,,0
1995,British Columbia,2016A000259,Value of inventory change,Dollars,81,thousands,3,v8731,11.2,33914,,,,0
1995,British Columbia,2016A000259,"Net income, total",Dollars,81,thousands,3,v8738,11.9,62999,,,,0
1996,Canada,2016A000011124,"Cash receipts, total",Dollars,81,thousands,3,v8622,1.1,29075327,,,,0
1996,Canada,2016A000011124,Operating expenses after rebates,Dollars,81,thousands,3,v8623,1.11,23020983,,,,0
1996,Canada,2016A000011124,Net cash income,Dollars,81,thousands,3,v8624,1.12,6054344,,,,0
1996,Canada,2016A000011124,Income-in-kind,Dollars,81,thousands,3,v8617,1.5,168101,,,,0
1996,Canada,2016A000011124,Depreciation charges,Dollars,81,thousands,3,v8625,1.13,3731165,,,,0
1996,Canada,2016A000011124,Realized net income,Dollars,81,thousands,3,v8620,1.8,2491280,,,,0
1996,Canada,2016A000011124,Value of inventory change,Dollars,81,thousands,3,v8614,1.2,1327750,,,,0
1996,Canada,2016A000011124,"Net income, total",Dollars,81,thousands,3,v8621,1.9,3819030,,,,0
1996,Newfoundland and Labrador,2016A000210,"Cash receipts, total",Dollars,81,thousands,3,v8076,2.1,77172,,,,0
1996,Newfoundland and Labrador,2016A000210,Operating expenses after rebates,Dollars,81,thousands,3,v8077,2.11,63744,,,,0
1996,Newfoundland and Labrador,2016A000210,Net cash income,Dollars,81,thousands,3,v8078,2.12,13428,,,,0
1996,Newfoundland and Labrador,2016A000210,Income-in-kind,Dollars,81,thousands,3,v8073,2.5,522,,,,0
1996,Newfoundland and Labrador,2016A000210,Depreciation charges,Dollars,81,thousands,3,v8079,2.13,4063,,,,0
1996,Newfoundland and Labrador,2016A000210,Realized net income,Dollars,81,thousands,3,v8074,2.8,9887,,,,0
1996,Newfoundland and Labrador,2016A000210,Value of inventory change,Dollars,81,thousands,3,v8072,2.2,-363,,,,0
1996,Newfoundland and Labrador,2016A000210,"Net income, total",Dollars,81,thousands,3,v8075,2.9,9524,,,,0
1996,Prince Edward Island,2016A000211,"Cash receipts, total",Dollars,81,thousands,3,v8635,3.1,293241,,,,0
1996,Prince Edward Island,2016A000211,Operating expenses after rebates,Dollars,81,thousands,3,v8636,3.11,247674,,,,0
1996,Prince Edward Island,2016A000211,Net cash income,Dollars,81,thousands,3,v8637,3.12,45567,,,,0
1996,Prince Edward Island,2016A000211,Income-in-kind,Dollars,81,thousands,3,v8630,3.5,1996,,,,0
1996,Prince Edward Island,2016A000211,Depreciation charges,Dollars,81,thousands,3,v8638,3.13,31085,,,,0
1996,Prince Edward Island,2016A000211,Realized net income,Dollars,81,thousands,3,v8633,3.8,16478,,,,0
1996,Prince Edward Island,2016A000211,Value of inventory change,Dollars,81,thousands,3,v8627,3.2,7725,,,,0
1996,Prince Edward Island,2016A000211,"Net income, total",Dollars,81,thousands,3,v8634,3.9,24203,,,,0
1996,Nova Scotia,2016A000212,"Cash receipts, total",Dollars,81,thousands,3,v8648,4.1,379981,,,,0
1996,Nova Scotia,2016A000212,Operating expenses after rebates,Dollars,81,thousands,3,v8649,4.11,297835,,,,0
1996,Nova Scotia,2016A000212,Net cash income,Dollars,81,thousands,3,v8650,4.12,82146,,,,0
1996,Nova Scotia,2016A000212,Income-in-kind,Dollars,81,thousands,3,v8643,4.5,3504,,,,0
1996,Nova Scotia,2016A000212,Depreciation charges,Dollars,81,thousands,3,v8651,4.13,38519,,,,0
1996,Nova Scotia,2016A000212,Realized net income,Dollars,81,thousands,3,v8646,4.8,47131,,,,0
1996,Nova Scotia,2016A000212,Value of inventory change,Dollars,81,thousands,3,v8640,4.2,675,,,,0
1996,Nova Scotia,2016A000212,"Net income, total",Dollars,81,thousands,3,v8647,4.9,47806,,,,0
1996,New Brunswick,2016A000213,"Cash receipts, total",Dollars,81,thousands,3,v8661,5.1,314674,,,,0
1996,New Brunswick,2016A000213,Operating expenses after rebates,Dollars,81,thousands,3,v8662,5.11,262022,,,,0
1996,New Brunswick,2016A000213,Net cash income,Dollars,81,thousands,3,v8663,5.12,52652,,,,0
1996,New Brunswick,2016A000213,Income-in-kind,Dollars,81,thousands,3,v8656,5.5,3317,,,,0
1996,New Brunswick,2016A000213,Depreciation charges,Dollars,81,thousands,3,v8664,5.13,31640,,,,0
1996,New Brunswick,2016A000213,Realized net income,Dollars,81,thousands,3,v8659,5.8,24329,,,,0
1996,New Brunswick,2016A000213,Value of inventory change,Dollars,81,thousands,3,v8653,5.2,8549,,,,0
1996,New Brunswick,2016A000213,"Net income, total",Dollars,81,thousands,3,v8660,5.9,32878,,,,0
1996,Quebec,2016A000224,"Cash receipts, total",Dollars,81,thousands,3,v8674,6.1,4691816,,,,0
1996,Quebec,2016A000224,Operating expenses after rebates,Dollars,81,thousands,3,v8675,6.11,3639690,,,,0
1996,Quebec,2016A000224,Net cash income,Dollars,81,thousands,3,v8676,6.12,1052126,,,,0
1996,Quebec,2016A000224,Income-in-kind,Dollars,81,thousands,3,v8669,6.5,58916,,,,0
1996,Quebec,2016A000224,Depreciation charges,Dollars,81,thousands,3,v8677,6.13,431909,,,,0
1996,Quebec,2016A000224,Realized net income,Dollars,81,thousands,3,v8672,6.8,679133,,,,0
1996,Quebec,2016A000224,Value of inventory change,Dollars,81,thousands,3,v8666,6.2,124366,,,,0
1996,Quebec,2016A000224,"Net income, total",Dollars,81,thousands,3,v8673,6.9,803499,,,,0
1996,Ontario,2016A000235,"Cash receipts, total",Dollars,81,thousands,3,v8687,7.1,6685533,,,,0
1996,Ontario,2016A000235,Operating expenses after rebates,Dollars,81,thousands,3,v8688,7.11,5554619,,,,0
1996,Ontario,2016A000235,Net cash income,Dollars,81,thousands,3,v8689,7.12,1130914,,,,0
1996,Ontario,2016A000235,Income-in-kind,Dollars,81,thousands,3,v8682,7.5,52025,,,,0
1996,Ontario,2016A000235,Depreciation charges,Dollars,81,thousands,3,v8690,7.13,868711,,,,0
1996,Ontario,2016A000235,Realized net income,Dollars,81,thousands,3,v8685,7.8,314228,,,,0
1996,Ontario,2016A000235,Value of inventory change,Dollars,81,thousands,3,v8679,7.2,136067,,,,0
1996,Ontario,2016A000235,"Net income, total",Dollars,81,thousands,3,v8686,7.9,450295,,,,0
1996,Manitoba,2016A000246,"Cash receipts, total",Dollars,81,thousands,3,v8700,8.1,2788380,,,,0
1996,Manitoba,2016A000246,Operating expenses after rebates,Dollars,81,thousands,3,v8701,8.11,2263225,,,,0
1996,Manitoba,2016A000246,Net cash income,Dollars,81,thousands,3,v8702,8.12,525155,,,,0
1996,Manitoba,2016A000246,Income-in-kind,Dollars,81,thousands,3,v8695,8.5,10806,,,,0
1996,Manitoba,2016A000246,Depreciation charges,Dollars,81,thousands,3,v8703,8.13,343781,,,,0
1996,Manitoba,2016A000246,Realized net income,Dollars,81,thousands,3,v8698,8.8,192180,,,,0
1996,Manitoba,2016A000246,Value of inventory change,Dollars,81,thousands,3,v8692,8.2,296672,,,,0
1996,Manitoba,2016A000246,"Net income, total",Dollars,81,thousands,3,v8699,8.9,488852,,,,0
1996,Saskatchewan,2016A000247,"Cash receipts, total",Dollars,81,thousands,3,v8713,9.1,5610537,,,,0
1996,Saskatchewan,2016A000247,Operating expenses after rebates,Dollars,81,thousands,3,v8714,9.11,4376862,,,,0
1996,Saskatchewan,2016A000247,Net cash income,Dollars,81,thousands,3,v8715,9.12,1233675,,,,0
1996,Saskatchewan,2016A000247,Income-in-kind,Dollars,81,thousands,3,v8708,9.5,12780,,,,0
1996,Saskatchewan,2016A000247,Depreciation charges,Dollars,81,thousands,3,v8716,9.13,862769,,,,0
1996,Saskatchewan,2016A000247,Realized net income,Dollars,81,thousands,3,v8711,9.8,383686,,,,0
1996,Saskatchewan,2016A000247,Value of inventory change,Dollars,81,thousands,3,v8705,9.2,761920,,,,0
1996,Saskatchewan,2016A000247,"Net income, total",Dollars,81,thousands,3,v8712,9.9,1145606,,,,0
1996,Alberta,2016A000248,"Cash receipts, total",Dollars,81,thousands,3,v8726,10.1,6528207,,,,0
1996,Alberta,2016A000248,Operating expenses after rebates,Dollars,81,thousands,3,v8727,10.11,4875544,,,,0
1996,Alberta,2016A000248,Net cash income,Dollars,81,thousands,3,v8728,10.12,1652663,,,,0
1996,Alberta,2016A000248,Income-in-kind,Dollars,81,thousands,3,v8721,10.5,16518,,,,0
1996,Alberta,2016A000248,Depreciation charges,Dollars,81,thousands,3,v8729,10.13,923756,,,,0
1996,Alberta,2016A000248,Realized net income,Dollars,81,thousands,3,v8724,10.8,745425,,,,0
1996,Alberta,2016A000248,Value of inventory change,Dollars,81,thousands,3,v8718,10.2,13800,,,,0
1996,Alberta,2016A000248,"Net income, total",Dollars,81,thousands,3,v8725,10.9,759225,,,,0
1996,British Columbia,2016A000259,"Cash receipts, total",Dollars,81,thousands,3,v8739,11.1,1705786,,,,0
1996,British Columbia,2016A000259,Operating expenses after rebates,Dollars,81,thousands,3,v8740,11.11,1439769,,,,0
1996,British Columbia,2016A000259,Net cash income,Dollars,81,thousands,3,v8741,11.12,266017,,,,0
1996,British Columbia,2016A000259,Income-in-kind,Dollars,81,thousands,3,v8734,11.5,7711,,,,0
1996,British Columbia,2016A000259,Depreciation charges,Dollars,81,thousands,3,v8742,11.13,194932,,,,0
1996,British Columbia,2016A000259,Realized net income,Dollars,81,thousands,3,v8737,11.8,78796,,,,0
1996,British Columbia,2016A000259,Value of inventory change,Dollars,81,thousands,3,v8731,11.2,-21661,,,,0
1996,British Columbia,2016A000259,"Net income, total",Dollars,81,thousands,3,v8738,11.9,57135,,,,0
1997,Canada,2016A000011124,"Cash receipts, total",Dollars,81,thousands,3,v8622,1.1,29835513,,,,0
1997,Canada,2016A000011124,Operating expenses after rebates,Dollars,81,thousands,3,v8623,1.11,23511379,,,,0
1997,Canada,2016A000011124,Net cash income,Dollars,81,thousands,3,v8624,1.12,6324134,,,,0
1997,Canada,2016A000011124,Income-in-kind,Dollars,81,thousands,3,v8617,1.5,53834,,,,0
1997,Canada,2016A000011124,Depreciation charges,Dollars,81,thousands,3,v8625,1.13,3945013,,,,0
1997,Canada,2016A000011124,Realized net income,Dollars,81,thousands,3,v8620,1.8,2432955,,,,0
1997,Canada,2016A000011124,Value of inventory change,Dollars,81,thousands,3,v8614,1.2,-868148,,,,0
1997,Canada,2016A000011124,"Net income, total",Dollars,81,thousands,3,v8621,1.9,1564807,,,,0
1997,Newfoundland and Labrador,2016A000210,"Cash receipts, total",Dollars,81,thousands,3,v8076,2.1,76176,,,,0
1997,Newfoundland and Labrador,2016A000210,Operating expenses after rebates,Dollars,81,thousands,3,v8077,2.11,61467,,,,0
1997,Newfoundland and Labrador,2016A000210,Net cash income,Dollars,81,thousands,3,v8078,2.12,14709,,,,0
1997,Newfoundland and Labrador,2016A000210,Income-in-kind,Dollars,81,thousands,3,v8073,2.5,346,,,,0
1997,Newfoundland and Labrador,2016A000210,Depreciation charges,Dollars,81,thousands,3,v8079,2.13,4357,,,,0
1997,Newfoundland and Labrador,2016A000210,Realized net income,Dollars,81,thousands,3,v8074,2.8,10698,,,,0
1997,Newfoundland and Labrador,2016A000210,Value of inventory change,Dollars,81,thousands,3,v8072,2.2,-371,,,,0
1997,Newfoundland and Labrador,2016A000210,"Net income, total",Dollars,81,thousands,3,v8075,2.9,10327,,,,0
1997,Prince Edward Island,2016A000211,"Cash receipts, total",Dollars,81,thousands,3,v8635,3.1,281765,,,,0
1997,Prince Edward Island,2016A000211,Operating expenses after rebates,Dollars,81,thousands,3,v8636,3.11,249358,,,,0
1997,Prince Edward Island,2016A000211,Net cash income,Dollars,81,thousands,3,v8637,3.12,32407,,,,0
1997,Prince Edward Island,2016A000211,Income-in-kind,Dollars,81,thousands,3,v8630,3.5,706,,,,0
1997,Prince Edward Island,2016A000211,Depreciation charges,Dollars,81,thousands,3,v8638,3.13,33514,,,,0
1997,Prince Edward Island,2016A000211,Realized net income,Dollars,81,thousands,3,v8633,3.8,-401,,,,0
1997,Prince Edward Island,2016A000211,Value of inventory change,Dollars,81,thousands,3,v8627,3.2,12895,,,,0
1997,Prince Edward Island,2016A000211,"Net income, total",Dollars,81,thousands,3,v8634,3.9,12494,,,,0
1997,Nova Scotia,2016A000212,"Cash receipts, total",Dollars,81,thousands,3,v8648,4.1,374620,,,,0
1997,Nova Scotia,2016A000212,Operating expenses after rebates,Dollars,81,thousands,3,v8649,4.11,307863,,,,0
1997,Nova Scotia,2016A000212,Net cash income,Dollars,81,thousands,3,v8650,4.12,66757,,,,0
1997,Nova Scotia,2016A000212,Income-in-kind,Dollars,81,thousands,3,v8643,4.5,1539,,,,0
1997,Nova Scotia,2016A000212,Depreciation charges,Dollars,81,thousands,3,v8651,4.13,38766,,,,0
1997,Nova Scotia,2016A000212,Realized net income,Dollars,81,thousands,3,v8646,4.8,29530,,,,0
1997,Nova Scotia,2016A000212,Value of inventory change,Dollars,81,thousands,3,v8640,4.2,-5890,,,,0
1997,Nova Scotia,2016A000212,"Net income, total",Dollars,81,thousands,3,v8647,4.9,23640,,,,0
1997,New Brunswick,2016A000213,"Cash receipts, total",Dollars,81,thousands,3,v8661,5.1,320628,,,,0
1997,New Brunswick,2016A000213,Operating expenses after rebates,Dollars,81,thousands,3,v8662,5.11,277277,,,,0
1997,New Brunswick,2016A000213,Net cash income,Dollars,81,thousands,3,v8663,5.12,43351,,,,0
1997,New Brunswick,2016A000213,Income-in-kind,Dollars,81,thousands,3,v8656,5.5,1200,,,,0
1997,New Brunswick,2016A000213,Depreciation charges,Dollars,81,thousands,3,v8664,5.13,33564,,,,0
1997,New Brunswick,2016A000213,Realized net income,Dollars,81,thousands,3,v8659,5.8,10987,,,,0
1997,New Brunswick,2016A000213,Value of inventory change,Dollars,81,thousands,3,v8653,5.2,6718,,,,0
1997,New Brunswick,2016A000213,"Net income, total",Dollars,81,thousands,3,v8660,5.9,17705,,,,0
1997,Quebec,2016A000224,"Cash receipts, total",Dollars,81,thousands,3,v8674,6.1,4764398,,,,0
1997,Quebec,2016A000224,Operating expenses after rebates,Dollars,81,thousands,3,v8675,6.11,3648915,,,,0
1997,Quebec,2016A000224,Net cash income,Dollars,81,thousands,3,v8676,6.12,1115483,,,,0
1997,Quebec,2016A000224,Income-in-kind,Dollars,81,thousands,3,v8669,6.5,13992,,,,0
1997,Quebec,2016A000224,Depreciation charges,Dollars,81,thousands,3,v8677,6.13,452494,,,,0
1997,Quebec,2016A000224,Realized net income,Dollars,81,thousands,3,v8672,6.8,676981,,,,0
1997,Quebec,2016A000224,Value of inventory change,Dollars,81,thousands,3,v8666,6.2,-17605,,,,0
1997,Quebec,2016A000224,"Net income, total",Dollars,81,thousands,3,v8673,6.9,659376,,,,0
1997,Ontario,2016A000235,"Cash receipts, total",Dollars,81,thousands,3,v8687,7.1,6848486,,,,0
1997,Ontario,2016A000235,Operating expenses after rebates,Dollars,81,thousands,3,v8688,7.11,5711964,,,,0
1997,Ontario,2016A000235,Net cash income,Dollars,81,thousands,3,v8689,7.12,1136522,,,,0
1997,Ontario,2016A000235,Income-in-kind,Dollars,81,thousands,3,v8682,7.5,12286,,,,0
1997,Ontario,2016A000235,Depreciation charges,Dollars,81,thousands,3,v8690,7.13,919221,,,,0
1997,Ontario,2016A000235,Realized net income,Dollars,81,thousands,3,v8685,7.8,229587,,,,0
1997,Ontario,2016A000235,Value of inventory change,Dollars,81,thousands,3,v8679,7.2,7101,,,,0
1997,Ontario,2016A000235,"Net income, total",Dollars,81,thousands,3,v8686,7.9,236688,,,,0
1997,Manitoba,2016A000246,"Cash receipts, total",Dollars,81,thousands,3,v8700,8.1,3044005,,,,0
1997,Manitoba,2016A000246,Operating expenses after rebates,Dollars,81,thousands,3,v8701,8.11,2342985,,,,0
1997,Manitoba,2016A000246,Net cash income,Dollars,81,thousands,3,v8702,8.12,701020,,,,0
1997,Manitoba,2016A000246,Income-in-kind,Dollars,81,thousands,3,v8695,8.5,3560,,,,0
1997,Manitoba,2016A000246,Depreciation charges,Dollars,81,thousands,3,v8703,8.13,360286,,,,0
1997,Manitoba,2016A000246,Realized net income,Dollars,81,thousands,3,v8698,8.8,344294,,,,0
1997,Manitoba,2016A000246,Value of inventory change,Dollars,81,thousands,3,v8692,8.2,-119646,,,,0
1997,Manitoba,2016A000246,"Net income, total",Dollars,81,thousands,3,v8699,8.9,224648,,,,0
1997,Saskatchewan,2016A000247,"Cash receipts, total",Dollars,81,thousands,3,v8713,9.1,5922461,,,,0
1997,Saskatchewan,2016A000247,Operating expenses after rebates,Dollars,81,thousands,3,v8714,9.11,4319799,,,,0
1997,Saskatchewan,2016A000247,Net cash income,Dollars,81,thousands,3,v8715,9.12,1602662,,,,0
1997,Saskatchewan,2016A000247,Income-in-kind,Dollars,81,thousands,3,v8708,9.5,7097,,,,0
1997,Saskatchewan,2016A000247,Depreciation charges,Dollars,81,thousands,3,v8716,9.13,904954,,,,0
1997,Saskatchewan,2016A000247,Realized net income,Dollars,81,thousands,3,v8711,9.8,704805,,,,0
1997,Saskatchewan,2016A000247,Value of inventory change,Dollars,81,thousands,3,v8705,9.2,-663862,,,,0
1997,Saskatchewan,2016A000247,"Net income, total",Dollars,81,thousands,3,v8712,9.9,40943,,,,0
1997,Alberta,2016A000248,"Cash receipts, total",Dollars,81,thousands,3,v8726,10.1,6464646,,,,0
1997,Alberta,2016A000248,Operating expenses after rebates,Dollars,81,thousands,3,v8727,10.11,5126932,,,,0
1997,Alberta,2016A000248,Net cash income,Dollars,81,thousands,3,v8728,10.12,1337714,,,,0
1997,Alberta,2016A000248,Income-in-kind,Dollars,81,thousands,3,v8721,10.5,9305,,,,0
1997,Alberta,2016A000248,Depreciation charges,Dollars,81,thousands,3,v8729,10.13,988478,,,,0
1997,Alberta,2016A000248,Realized net income,Dollars,81,thousands,3,v8724,10.8,358541,,,,0
1997,Alberta,2016A000248,Value of inventory change,Dollars,81,thousands,3,v8718,10.2,-61562,,,,0
1997,Alberta,2016A000248,"Net income, total",Dollars,81,thousands,3,v8725,10.9,296979,,,,0
1997,British Columbia,2016A000259,"Cash receipts, total",Dollars,81,thousands,3,v8739,11.1,1738340,,,,0
1997,British Columbia,2016A000259,Operating expenses after rebates,Dollars,81,thousands,3,v8740,11.11,1464818,,,,0
1997,British Columbia,2016A000259,Net cash income,Dollars,81,thousands,3,v8741,11.12,273522,,,,0
1997,British Columbia,2016A000259,Income-in-kind,Dollars,81,thousands,3,v8734,11.5,3800,,,,0
1997,British Columbia,2016A000259,Depreciation charges,Dollars,81,thousands,3,v8742,11.13,209379,,,,0
1997,British Columbia,2016A000259,Realized net income,Dollars,81,thousands,3,v8737,11.8,67943,,,,0
1997,British Columbia,2016A000259,Value of inventory change,Dollars,81,thousands,3,v8731,11.2,-25926,,,,0
1997,British Columbia,2016A000259,"Net income, total",Dollars,81,thousands,3,v8738,11.9,42017,,,,0
1998,Canada,2016A000011124,"Cash receipts, total",Dollars,81,thousands,3,v8622,1.1,29505263,,,,0
1998,Canada,2016A000011124,Operating expenses after rebates,Dollars,81,thousands,3,v8623,1.11,23932547,,,,0
1998,Canada,2016A000011124,Net cash income,Dollars,81,thousands,3,v8624,1.12,5572716,,,,0
1998,Canada,2016A000011124,Income-in-kind,Dollars,81,thousands,3,v8617,1.5,49352,,,,0
1998,Canada,2016A000011124,Depreciation charges,Dollars,81,thousands,3,v8625,1.13,4114740,,,,0
1998,Canada,2016A000011124,Realized net income,Dollars,81,thousands,3,v8620,1.8,1507328,,,,0
1998,Canada,2016A000011124,Value of inventory change,Dollars,81,thousands,3,v8614,1.2,312748,,,,0
1998,Canada,2016A000011124,"Net income, total",Dollars,81,thousands,3,v8621,1.9,1820076,,,,0
1998,Newfoundland and Labrador,2016A000210,"Cash receipts, total",Dollars,81,thousands,3,v8076,2.1,72180,,,,0
1998,Newfoundland and Labrador,2016A000210,Operating expenses after rebates,Dollars,81,thousands,3,v8077,2.11,63770,,,,0
1998,Newfoundland and Labrador,2016A000210,Net cash income,Dollars,81,thousands,3,v8078,2.12,8410,,,,0
1998,Newfoundland and Labrador,2016A000210,Income-in-kind,Dollars,81,thousands,3,v8073,2.5,205,,,,0
1998,Newfoundland and Labrador,2016A000210,Depreciation charges,Dollars,81,thousands,3,v8079,2.13,4697,,,,0
1998,Newfoundland and Labrador,2016A000210,Realized net income,Dollars,81,thousands,3,v8074,2.8,3918,,,,0
1998,Newfoundland and Labrador,2016A000210,Value of inventory change,Dollars,81,thousands,3,v8072,2.2,368,,,,0
1998,Newfoundland and Labrador,2016A000210,"Net income, total",Dollars,81,thousands,3,v8075,2.9,4286,,,,0
1998,Prince Edward Island,2016A000211,"Cash receipts, total",Dollars,81,thousands,3,v8635,3.1,324247,,,,0
1998,Prince Edward Island,2016A000211,Operating expenses after rebates,Dollars,81,thousands,3,v8636,3.11,255017,,,,0
1998,Prince Edward Island,2016A000211,Net cash income,Dollars,81,thousands,3,v8637,3.12,69230,,,,0
1998,Prince Edward Island,2016A000211,Income-in-kind,Dollars,81,thousands,3,v8630,3.5,582,,,,0
1998,Prince Edward Island,2016A000211,Depreciation charges,Dollars,81,thousands,3,v8638,3.13,35906,,,,0
1998,Prince Edward Island,2016A000211,Realized net income,Dollars,81,thousands,3,v8633,3.8,33906,,,,0
1998,Prince Edward Island,2016A000211,Value of inventory change,Dollars,81,thousands,3,v8627,3.2,-12823,,,,0
1998,Prince Edward Island,2016A000211,"Net income, total",Dollars,81,thousands,3,v8634,3.9,21083,,,,0
1998,Nova Scotia,2016A000212,"Cash receipts, total",Dollars,81,thousands,3,v8648,4.1,369706,,,,0
1998,Nova Scotia,2016A000212,Operating expenses after rebates,Dollars,81,thousands,3,v8649,4.11,303917,,,,0
1998,Nova Scotia,2016A000212,Net cash income,Dollars,81,thousands,3,v8650,4.12,65789,,,,0
1998,Nova Scotia,2016A000212,Income-in-kind,Dollars,81,thousands,3,v8643,4.5,1294,,,,0
1998,Nova Scotia,2016A000212,Depreciation charges,Dollars,81,thousands,3,v8651,4.13,40082,,,,0
1998,Nova Scotia,2016A000212,Realized net income,Dollars,81,thousands,3,v8646,4.8,27001,,,,0
1998,Nova Scotia,2016A000212,Value of inventory change,Dollars,81,thousands,3,v8640,4.2,1518,,,,0
1998,Nova Scotia,2016A000212,"Net income, total",Dollars,81,thousands,3,v8647,4.9,28519,,,,0
1998,New Brunswick,2016A000213,"Cash receipts, total",Dollars,81,thousands,3,v8661,5.1,326568,,,,0
1998,New Brunswick,2016A000213,Operating expenses after rebates,Dollars,81,thousands,3,v8662,5.11,284307,,,,0
1998,New Brunswick,2016A000213,Net cash income,Dollars,81,thousands,3,v8663,5.12,42261,,,,0
1998,New Brunswick,2016A000213,Income-in-kind,Dollars,81,thousands,3,v8656,5.5,1033,,,,0
1998,New Brunswick,2016A000213,Depreciation charges,Dollars,81,thousands,3,v8664,5.13,34012,,,,0
1998,New Brunswick,2016A000213,Realized net income,Dollars,81,thousands,3,v8659,5.8,9282,,,,0
1998,New Brunswick,2016A000213,Value of inventory change,Dollars,81,thousands,3,v8653,5.2,-2012,,,,0
1998,New Brunswick,2016A000213,"Net income, total",Dollars,81,thousands,3,v8660,5.9,7270,,,,0
1998,Quebec,2016A000224,"Cash receipts, total",Dollars,81,thousands,3,v8674,6.1,4797348,,,,0
1998,Quebec,2016A000224,Operating expenses after rebates,Dollars,81,thousands,3,v8675,6.11,3707271,,,,0
1998,Quebec,2016A000224,Net cash income,Dollars,81,thousands,3,v8676,6.12,1090077,,,,0
1998,Quebec,2016A000224,Income-in-kind,Dollars,81,thousands,3,v8669,6.5,12776,,,,0
1998,Quebec,2016A000224,Depreciation charges,Dollars,81,thousands,3,v8677,6.13,466146,,,,0
1998,Quebec,2016A000224,Realized net income,Dollars,81,thousands,3,v8672,6.8,636707,,,,0
1998,Quebec,2016A000224,Value of inventory change,Dollars,81,thousands,3,v8666,6.2,-1642,,,,0
1998,Quebec,2016A000224,"Net income, total",Dollars,81,thousands,3,v8673,6.9,635065,,,,0
1998,Ontario,2016A000235,"Cash receipts, total",Dollars,81,thousands,3,v8687,7.1,6935145,,,,0
1998,Ontario,2016A000235,Operating expenses after rebates,Dollars,81,thousands,3,v8688,7.11,5850702,,,,0
1998,Ontario,2016A000235,Net cash income,Dollars,81,thousands,3,v8689,7.12,1084443,,,,0
1998,Ontario,2016A000235,Income-in-kind,Dollars,81,thousands,3,v8682,7.5,11630,,,,0
1998,Ontario,2016A000235,Depreciation charges,Dollars,81,thousands,3,v8690,7.13,943714,,,,0
1998,Ontario,2016A000235,Realized net income,Dollars,81,thousands,3,v8685,7.8,152359,,,,0
1998,Ontario,2016A000235,Value of inventory change,Dollars,81,thousands,3,v8679,7.2,17978,,,,0
1998,Ontario,2016A000235,"Net income, total",Dollars,81,thousands,3,v8686,7.9,170337,,,,0
1998,Manitoba,2016A000246,"Cash receipts, total",Dollars,81,thousands,3,v8700,8.1,2937007,,,,0
1998,Manitoba,2016A000246,Operating expenses after rebates,Dollars,81,thousands,3,v8701,8.11,2371558,,,,0
1998,Manitoba,2016A000246,Net cash income,Dollars,81,thousands,3,v8702,8.12,565449,,,,0
1998,Manitoba,2016A000246,Income-in-kind,Dollars,81,thousands,3,v8695,8.5,3256,,,,0
1998,Manitoba,2016A000246,Depreciation charges,Dollars,81,thousands,3,v8703,8.13,382660,,,,0
1998,Manitoba,2016A000246,Realized net income,Dollars,81,thousands,3,v8698,8.8,186045,,,,0
1998,Manitoba,2016A000246,Value of inventory change,Dollars,81,thousands,3,v8692,8.2,51650,,,,0
1998,Manitoba,2016A000246,"Net income, total",Dollars,81,thousands,3,v8699,8.9,237695,,,,0
1998,Saskatchewan,2016A000247,"Cash receipts, total",Dollars,81,thousands,3,v8713,9.1,5545296,,,,0
1998,Saskatchewan,2016A000247,Operating expenses after rebates,Dollars,81,thousands,3,v8714,9.11,4292611,,,,0
1998,Saskatchewan,2016A000247,Net cash income,Dollars,81,thousands,3,v8715,9.12,1252685,,,,0
1998,Saskatchewan,2016A000247,Income-in-kind,Dollars,81,thousands,3,v8708,9.5,6416,,,,0
1998,Saskatchewan,2016A000247,Depreciation charges,Dollars,81,thousands,3,v8716,9.13,957173,,,,0
1998,Saskatchewan,2016A000247,Realized net income,Dollars,81,thousands,3,v8711,9.8,301928,,,,0
1998,Saskatchewan,2016A000247,Value of inventory change,Dollars,81,thousands,3,v8705,9.2,30775,,,,0
1998,Saskatchewan,2016A000247,"Net income, total",Dollars,81,thousands,3,v8712,9.9,332703,,,,0
1998,Alberta,2016A000248,"Cash receipts, total",Dollars,81,thousands,3,v8726,10.1,6418118,,,,0
1998,Alberta,2016A000248,Operating expenses after rebates,Dollars,81,thousands,3,v8727,10.11,5276290,,,,0
1998,Alberta,2016A000248,Net cash income,Dollars,81,thousands,3,v8728,10.12,1141828,,,,0
1998,Alberta,2016A000248,Income-in-kind,Dollars,81,thousands,3,v8721,10.5,8631,,,,0
1998,Alberta,2016A000248,Depreciation charges,Dollars,81,thousands,3,v8729,10.13,1036389,,,,0
1998,Alberta,2016A000248,Realized net income,Dollars,81,thousands,3,v8724,10.8,114070,,,,0
1998,Alberta,2016A000248,Value of inventory change,Dollars,81,thousands,3,v8718,10.2,190282,,,,0
1998,Alberta,2016A000248,"Net income, total",Dollars,81,thousands,3,v8725,10.9,304352,,,,0
1998,British Columbia,2016A000259,"Cash receipts, total",Dollars,81,thousands,3,v8739,11.1,1779647,,,,0
1998,British Columbia,2016A000259,Operating expenses after rebates,Dollars,81,thousands,3,v8740,11.11,1527104,,,,0
1998,British Columbia,2016A000259,Net cash income,Dollars,81,thousands,3,v8741,11.12,252543,,,,0
1998,British Columbia,2016A000259,Income-in-kind,Dollars,81,thousands,3,v8734,11.5,3524,,,,0
1998,British Columbia,2016A000259,Depreciation charges,Dollars,81,thousands,3,v8742,11.13,213961,,,,0
1998,British Columbia,2016A000259,Realized net income,Dollars,81,thousands,3,v8737,11.8,42106,,,,0
1998,British Columbia,2016A000259,Value of inventory change,Dollars,81,thousands,3,v8731,11.2,36654,,,,0
1998,British Columbia,2016A000259,"Net income, total",Dollars,81,thousands,3,v8738,11.9,78760,,,,0
1999,Canada,2016A000011124,"Cash receipts, total",Dollars,81,thousands,3,v8622,1.1,30256780,,,,0
1999,Canada,2016A000011124,Operating expenses after rebates,Dollars,81,thousands,3,v8623,1.11,24736871,,,,0
1999,Canada,2016A000011124,Net cash income,Dollars,81,thousands,3,v8624,1.12,5519909,,,,0
1999,Canada,2016A000011124,Income-in-kind,Dollars,81,thousands,3,v8617,1.5,47401,,,,0
1999,Canada,2016A000011124,Depreciation charges,Dollars,81,thousands,3,v8625,1.13,4235107,,,,0
1999,Canada,2016A000011124,Realized net income,Dollars,81,thousands,3,v8620,1.8,1332203,,,,0
1999,Canada,2016A000011124,Value of inventory change,Dollars,81,thousands,3,v8614,1.2,799723,,,,0
1999,Canada,2016A000011124,"Net income, total",Dollars,81,thousands,3,v8621,1.9,2131926,,,,0
1999,Newfoundland and Labrador,2016A000210,"Cash receipts, total",Dollars,81,thousands,3,v8076,2.1,72473,,,,0
1999,Newfoundland and Labrador,2016A000210,Operating expenses after rebates,Dollars,81,thousands,3,v8077,2.11,64061,,,,0
1999,Newfoundland and Labrador,2016A000210,Net cash income,Dollars,81,thousands,3,v8078,2.12,8412,,,,0
1999,Newfoundland and Labrador,2016A000210,Income-in-kind,Dollars,81,thousands,3,v8073,2.5,191,,,,0
1999,Newfoundland and Labrador,2016A000210,Depreciation charges,Dollars,81,thousands,3,v8079,2.13,5006,,,,0
1999,Newfoundland and Labrador,2016A000210,Realized net income,Dollars,81,thousands,3,v8074,2.8,3597,,,,0
1999,Newfoundland and Labrador,2016A000210,Value of inventory change,Dollars,81,thousands,3,v8072,2.2,1886,,,,0
1999,Newfoundland and Labrador,2016A000210,"Net income, total",Dollars,81,thousands,3,v8075,2.9,5483,,,,0
1999,Prince Edward Island,2016A000211,"Cash receipts, total",Dollars,81,thousands,3,v8635,3.1,349165,,,,0
1999,Prince Edward Island,2016A000211,Operating expenses after rebates,Dollars,81,thousands,3,v8636,3.11,266333,,,,0
1999,Prince Edward Island,2016A000211,Net cash income,Dollars,81,thousands,3,v8637,3.12,82832,,,,0
1999,Prince Edward Island,2016A000211,Income-in-kind,Dollars,81,thousands,3,v8630,3.5,552,,,,0
1999,Prince Edward Island,2016A000211,Depreciation charges,Dollars,81,thousands,3,v8638,3.13,36142,,,,0
1999,Prince Edward Island,2016A000211,Realized net income,Dollars,81,thousands,3,v8633,3.8,47242,,,,0
1999,Prince Edward Island,2016A000211,Value of inventory change,Dollars,81,thousands,3,v8627,3.2,-3249,,,,0
1999,Prince Edward Island,2016A000211,"Net income, total",Dollars,81,thousands,3,v8634,3.9,43993,,,,0
1999,Nova Scotia,2016A000212,"Cash receipts, total",Dollars,81,thousands,3,v8648,4.1,389350,,,,0
1999,Nova Scotia,2016A000212,Operating expenses after rebates,Dollars,81,thousands,3,v8649,4.11,310829,,,,0
1999,Nova Scotia,2016A000212,Net cash income,Dollars,81,thousands,3,v8650,4.12,78521,,,,0
1999,Nova Scotia,2016A000212,Income-in-kind,Dollars,81,thousands,3,v8643,4.5,1234,,,,0
1999,Nova Scotia,2016A000212,Depreciation charges,Dollars,81,thousands,3,v8651,4.13,42574,,,,0
1999,Nova Scotia,2016A000212,Realized net income,Dollars,81,thousands,3,v8646,4.8,37181,,,,0
1999,Nova Scotia,2016A000212,Value of inventory change,Dollars,81,thousands,3,v8640,4.2,-4045,,,,0
1999,Nova Scotia,2016A000212,"Net income, total",Dollars,81,thousands,3,v8647,4.9,33136,,,,0
1999,New Brunswick,2016A000213,"Cash receipts, total",Dollars,81,thousands,3,v8661,5.1,375268,,,,0
1999,New Brunswick,2016A000213,Operating expenses after rebates,Dollars,81,thousands,3,v8662,5.11,292245,,,,0
1999,New Brunswick,2016A000213,Net cash income,Dollars,81,thousands,3,v8663,5.12,83023,,,,0
1999,New Brunswick,2016A000213,Income-in-kind,Dollars,81,thousands,3,v8656,5.5,1072,,,,0
1999,New Brunswick,2016A000213,Depreciation charges,Dollars,81,thousands,3,v8664,5.13,38207,,,,0
1999,New Brunswick,2016A000213,Realized net income,Dollars,81,thousands,3,v8659,5.8,45888,,,,0
1999,New Brunswick,2016A000213,Value of inventory change,Dollars,81,thousands,3,v8653,5.2,-10330,,,,0
1999,New Brunswick,2016A000213,"Net income, total",Dollars,81,thousands,3,v8660,5.9,35558,,,,0
1999,Quebec,2016A000224,"Cash receipts, total",Dollars,81,thousands,3,v8674,6.1,5080960,,,,0
1999,Quebec,2016A000224,Operating expenses after rebates,Dollars,81,thousands,3,v8675,6.11,3864727,,,,0
1999,Quebec,2016A000224,Net cash income,Dollars,81,thousands,3,v8676,6.12,1216233,,,,0
1999,Quebec,2016A000224,Income-in-kind,Dollars,81,thousands,3,v8669,6.5,12564,,,,0
1999,Quebec,2016A000224,Depreciation charges,Dollars,81,thousands,3,v8677,6.13,493579,,,,0
1999,Quebec,2016A000224,Realized net income,Dollars,81,thousands,3,v8672,6.8,735218,,,,0
1999,Quebec,2016A000224,Value of inventory change,Dollars,81,thousands,3,v8666,6.2,17560,,,,0
1999,Quebec,2016A000224,"Net income, total",Dollars,81,thousands,3,v8673,6.9,752778,,,,0
1999,Ontario,2016A000235,"Cash receipts, total",Dollars,81,thousands,3,v8687,7.1,7131578,,,,0
1999,Ontario,2016A000235,Operating expenses after rebates,Dollars,81,thousands,3,v8688,7.11,6000196,,,,0
1999,Ontario,2016A000235,Net cash income,Dollars,81,thousands,3,v8689,7.12,1131382,,,,0
1999,Ontario,2016A000235,Income-in-kind,Dollars,81,thousands,3,v8682,7.5,10965,,,,0
1999,Ontario,2016A000235,Depreciation charges,Dollars,81,thousands,3,v8690,7.13,965150,,,,0
1999,Ontario,2016A000235,Realized net income,Dollars,81,thousands,3,v8685,7.8,177197,,,,0
1999,Ontario,2016A000235,Value of inventory change,Dollars,81,thousands,3,v8679,7.2,-12241,,,,0
1999,Ontario,2016A000235,"Net income, total",Dollars,81,thousands,3,v8686,7.9,164956,,,,0
1999,Manitoba,2016A000246,"Cash receipts, total",Dollars,81,thousands,3,v8700,8.1,2906809,,,,0
1999,Manitoba,2016A000246,Operating expenses after rebates,Dollars,81,thousands,3,v8701,8.11,2363667,,,,0
1999,Manitoba,2016A000246,Net cash income,Dollars,81,thousands,3,v8702,8.12,543142,,,,0
1999,Manitoba,2016A000246,Income-in-kind,Dollars,81,thousands,3,v8695,8.5,3128,,,,0
1999,Manitoba,2016A000246,Depreciation charges,Dollars,81,thousands,3,v8703,8.13,398472,,,,0
1999,Manitoba,2016A000246,Realized net income,Dollars,81,thousands,3,v8698,8.8,147798,,,,0
1999,Manitoba,2016A000246,Value of inventory change,Dollars,81,thousands,3,v8692,8.2,-15835,,,,0
1999,Manitoba,2016A000246,"Net income, total",Dollars,81,thousands,3,v8699,8.9,131963,,,,0
1999,Saskatchewan,2016A000247,"Cash receipts, total",Dollars,81,thousands,3,v8713,9.1,5535319,,,,0
1999,Saskatchewan,2016A000247,Operating expenses after rebates,Dollars,81,thousands,3,v8714,9.11,4284186,,,,0
1999,Saskatchewan,2016A000247,Net cash income,Dollars,81,thousands,3,v8715,9.12,1251133,,,,0
1999,Saskatchewan,2016A000247,Income-in-kind,Dollars,81,thousands,3,v8708,9.5,6159,,,,0
1999,Saskatchewan,2016A000247,Depreciation charges,Dollars,81,thousands,3,v8716,9.13,966568,,,,0
1999,Saskatchewan,2016A000247,Realized net income,Dollars,81,thousands,3,v8711,9.8,290724,,,,0
1999,Saskatchewan,2016A000247,Value of inventory change,Dollars,81,thousands,3,v8705,9.2,330980,,,,0
1999,Saskatchewan,2016A000247,"Net income, total",Dollars,81,thousands,3,v8712,9.9,621704,,,,0
1999,Alberta,2016A000248,"Cash receipts, total",Dollars,81,thousands,3,v8726,10.1,6530826,,,,0
1999,Alberta,2016A000248,Operating expenses after rebates,Dollars,81,thousands,3,v8727,10.11,5717676,,,,0
1999,Alberta,2016A000248,Net cash income,Dollars,81,thousands,3,v8728,10.12,813150,,,,0
1999,Alberta,2016A000248,Income-in-kind,Dollars,81,thousands,3,v8721,10.5,8402,,,,0
1999,Alberta,2016A000248,Depreciation charges,Dollars,81,thousands,3,v8729,10.13,1072801,,,,0
1999,Alberta,2016A000248,Realized net income,Dollars,81,thousands,3,v8724,10.8,-251249,,,,0
1999,Alberta,2016A000248,Value of inventory change,Dollars,81,thousands,3,v8718,10.2,491929,,,,0
1999,Alberta,2016A000248,"Net income, total",Dollars,81,thousands,3,v8725,10.9,240680,,,,0
1999,British Columbia,2016A000259,"Cash receipts, total",Dollars,81,thousands,3,v8739,11.1,1885035,,,,0
1999,British Columbia,2016A000259,Operating expenses after rebates,Dollars,81,thousands,3,v8740,11.11,1572949,,,,0
1999,British Columbia,2016A000259,Net cash income,Dollars,81,thousands,3,v8741,11.12,312086,,,,0
1999,British Columbia,2016A000259,Income-in-kind,Dollars,81,thousands,3,v8734,11.5,3131,,,,0
1999,British Columbia,2016A000259,Depreciation charges,Dollars,81,thousands,3,v8742,11.13,216608,,,,0
1999,British Columbia,2016A000259,Realized net income,Dollars,81,thousands,3,v8737,11.8,98609,,,,0
1999,British Columbia,2016A000259,Value of inventory change,Dollars,81,thousands,3,v8731,11.2,3068,,,,0
1999,British Columbia,2016A000259,"Net income, total",Dollars,81,thousands,3,v8738,11.9,101677,,,,0
2000,Canada,2016A000011124,"Cash receipts, total",Dollars,81,thousands,3,v8622,1.1,32879399,,,,0
2000,Canada,2016A000011124,Operating expenses after rebates,Dollars,81,thousands,3,v8623,1.11,26465312,,,,0
2000,Canada,2016A000011124,Net cash income,Dollars,81,thousands,3,v8624,1.12,6414087,,,,0
2000,Canada,2016A000011124,Income-in-kind,Dollars,81,thousands,3,v8617,1.5,49411,,,,0
2000,Canada,2016A000011124,Depreciation charges,Dollars,81,thousands,3,v8625,1.13,4322843,,,,0
2000,Canada,2016A000011124,Realized net income,Dollars,81,thousands,3,v8620,1.8,2140655,,,,0
2000,Canada,2016A000011124,Value of inventory change,Dollars,81,thousands,3,v8614,1.2,294939,,,,0
2000,Canada,2016A000011124,"Net income, total",Dollars,81,thousands,3,v8621,1.9,2435594,,,,0
2000,Newfoundland and Labrador,2016A000210,"Cash receipts, total",Dollars,81,thousands,3,v8076,2.1,73712,,,,0
2000,Newfoundland and Labrador,2016A000210,Operating expenses after rebates,Dollars,81,thousands,3,v8077,2.11,64975,,,,0
2000,Newfoundland and Labrador,2016A000210,Net cash income,Dollars,81,thousands,3,v8078,2.12,8737,,,,0
2000,Newfoundland and Labrador,2016A000210,Income-in-kind,Dollars,81,thousands,3,v8073,2.5,286,,,,0
2000,Newfoundland and Labrador,2016A000210,Depreciation charges,Dollars,81,thousands,3,v8079,2.13,5494,,,,0
2000,Newfoundland and Labrador,2016A000210,Realized net income,Dollars,81,thousands,3,v8074,2.8,3529,,,,0
2000,Newfoundland and Labrador,2016A000210,Value of inventory change,Dollars,81,thousands,3,v8072,2.2,351,,,,0
2000,Newfoundland and Labrador,2016A000210,"Net income, total",Dollars,81,thousands,3,v8075,2.9,3880,,,,0
2000,Prince Edward Island,2016A000211,"Cash receipts, total",Dollars,81,thousands,3,v8635,3.1,322717,,,,0
2000,Prince Edward Island,2016A000211,Operating expenses after rebates,Dollars,81,thousands,3,v8636,3.11,272058,,,,0
2000,Prince Edward Island,2016A000211,Net cash income,Dollars,81,thousands,3,v8637,3.12,50659,,,,0
2000,Prince Edward Island,2016A000211,Income-in-kind,Dollars,81,thousands,3,v8630,3.5,480,,,,0
2000,Prince Edward Island,2016A000211,Depreciation charges,Dollars,81,thousands,3,v8638,3.13,39325,,,,0
2000,Prince Edward Island,2016A000211,Realized net income,Dollars,81,thousands,3,v8633,3.8,11814,,,,0
2000,Prince Edward Island,2016A000211,Value of inventory change,Dollars,81,thousands,3,v8627,3.2,17362,,,,0
2000,Prince Edward Island,2016A000211,"Net income, total",Dollars,81,thousands,3,v8634,3.9,29176,,,,0
2000,Nova Scotia,2016A000212,"Cash receipts, total",Dollars,81,thousands,3,v8648,4.1,413050,,,,0
2000,Nova Scotia,2016A000212,Operating expenses after rebates,Dollars,81,thousands,3,v8649,4.11,325708,,,,0
2000,Nova Scotia,2016A000212,Net cash income,Dollars,81,thousands,3,v8650,4.12,87342,,,,0
2000,Nova Scotia,2016A000212,Income-in-kind,Dollars,81,thousands,3,v8643,4.5,1139,,,,0
2000,Nova Scotia,2016A000212,Depreciation charges,Dollars,81,thousands,3,v8651,4.13,46328,,,,0
2000,Nova Scotia,2016A000212,Realized net income,Dollars,81,thousands,3,v8646,4.8,42153,,,,0
2000,Nova Scotia,2016A000212,Value of inventory change,Dollars,81,thousands,3,v8640,4.2,-1779,,,,0
2000,Nova Scotia,2016A000212,"Net income, total",Dollars,81,thousands,3,v8647,4.9,40374,,,,0
2000,New Brunswick,2016A000213,"Cash receipts, total",Dollars,81,thousands,3,v8661,5.1,368570,,,,0
2000,New Brunswick,2016A000213,Operating expenses after rebates,Dollars,81,thousands,3,v8662,5.11,309983,,,,0
2000,New Brunswick,2016A000213,Net cash income,Dollars,81,thousands,3,v8663,5.12,58587,,,,0
2000,New Brunswick,2016A000213,Income-in-kind,Dollars,81,thousands,3,v8656,5.5,1024,,,,0
2000,New Brunswick,2016A000213,Depreciation charges,Dollars,81,thousands,3,v8664,5.13,42341,,,,0
2000,New Brunswick,2016A000213,Realized net income,Dollars,81,thousands,3,v8659,5.8,17270,,,,0
2000,New Brunswick,2016A000213,Value of inventory change,Dollars,81,thousands,3,v8653,5.2,10062,,,,0
2000,New Brunswick,2016A000213,"Net income, total",Dollars,81,thousands,3,v8660,5.9,27332,,,,0
2000,Quebec,2016A000224,"Cash receipts, total",Dollars,81,thousands,3,v8674,6.1,5411030,,,,0
2000,Quebec,2016A000224,Operating expenses after rebates,Dollars,81,thousands,3,v8675,6.11,4159827,,,,0
2000,Quebec,2016A000224,Net cash income,Dollars,81,thousands,3,v8676,6.12,1251203,,,,0
2000,Quebec,2016A000224,Income-in-kind,Dollars,81,thousands,3,v8669,6.5,12809,,,,0
2000,Quebec,2016A000224,Depreciation charges,Dollars,81,thousands,3,v8677,6.13,531077,,,,0
2000,Quebec,2016A000224,Realized net income,Dollars,81,thousands,3,v8672,6.8,732935,,,,0
2000,Quebec,2016A000224,Value of inventory change,Dollars,81,thousands,3,v8666,6.2,-67972,,,,0
2000,Quebec,2016A000224,"Net income, total",Dollars,81,thousands,3,v8673,6.9,664963,,,,0
2000,Ontario,2016A000235,"Cash receipts, total",Dollars,81,thousands,3,v8687,7.1,7793260,,,,0
2000,Ontario,2016A000235,Operating expenses after rebates,Dollars,81,thousands,3,v8688,7.11,6406220,,,,0
2000,Ontario,2016A000235,Net cash income,Dollars,81,thousands,3,v8689,7.12,1387040,,,,0
2000,Ontario,2016A000235,Income-in-kind,Dollars,81,thousands,3,v8682,7.5,11386,,,,0
2000,Ontario,2016A000235,Depreciation charges,Dollars,81,thousands,3,v8690,7.13,1001854,,,,0
2000,Ontario,2016A000235,Realized net income,Dollars,81,thousands,3,v8685,7.8,396572,,,,0
2000,Ontario,2016A000235,Value of inventory change,Dollars,81,thousands,3,v8679,7.2,-181091,,,,0
2000,Ontario,2016A000235,"Net income, total",Dollars,81,thousands,3,v8686,7.9,215481,,,,0
2000,Manitoba,2016A000246,"Cash receipts, total",Dollars,81,thousands,3,v8700,8.1,3156056,,,,0
2000,Manitoba,2016A000246,Operating expenses after rebates,Dollars,81,thousands,3,v8701,8.11,2538030,,,,0
2000,Manitoba,2016A000246,Net cash income,Dollars,81,thousands,3,v8702,8.12,618026,,,,0
2000,Manitoba,2016A000246,Income-in-kind,Dollars,81,thousands,3,v8695,8.5,3369,,,,0
2000,Manitoba,2016A000246,Depreciation charges,Dollars,81,thousands,3,v8703,8.13,399837,,,,0
2000,Manitoba,2016A000246,Realized net income,Dollars,81,thousands,3,v8698,8.8,221558,,,,0
2000,Manitoba,2016A000246,Value of inventory change,Dollars,81,thousands,3,v8692,8.2,168128,,,,0
2000,Manitoba,2016A000246,"Net income, total",Dollars,81,thousands,3,v8699,8.9,389686,,,,0
2000,Saskatchewan,2016A000247,"Cash receipts, total",Dollars,81,thousands,3,v8713,9.1,5733513,,,,0
2000,Saskatchewan,2016A000247,Operating expenses after rebates,Dollars,81,thousands,3,v8714,9.11,4551032,,,,0
2000,Saskatchewan,2016A000247,Net cash income,Dollars,81,thousands,3,v8715,9.12,1182481,,,,0
2000,Saskatchewan,2016A000247,Income-in-kind,Dollars,81,thousands,3,v8708,9.5,6442,,,,0
2000,Saskatchewan,2016A000247,Depreciation charges,Dollars,81,thousands,3,v8716,9.13,949791,,,,0
2000,Saskatchewan,2016A000247,Realized net income,Dollars,81,thousands,3,v8711,9.8,239132,,,,0
2000,Saskatchewan,2016A000247,Value of inventory change,Dollars,81,thousands,3,v8705,9.2,318413,,,,0
2000,Saskatchewan,2016A000247,"Net income, total",Dollars,81,thousands,3,v8712,9.9,557545,,,,0
2000,Alberta,2016A000248,"Cash receipts, total",Dollars,81,thousands,3,v8726,10.1,7583288,,,,0
2000,Alberta,2016A000248,Operating expenses after rebates,Dollars,81,thousands,3,v8727,10.11,6148381,,,,0
2000,Alberta,2016A000248,Net cash income,Dollars,81,thousands,3,v8728,10.12,1434907,,,,0
2000,Alberta,2016A000248,Income-in-kind,Dollars,81,thousands,3,v8721,10.5,9048,,,,0
2000,Alberta,2016A000248,Depreciation charges,Dollars,81,thousands,3,v8729,10.13,1084973,,,,0
2000,Alberta,2016A000248,Realized net income,Dollars,81,thousands,3,v8724,10.8,358982,,,,0
2000,Alberta,2016A000248,Value of inventory change,Dollars,81,thousands,3,v8718,10.2,29821,,,,0
2000,Alberta,2016A000248,"Net income, total",Dollars,81,thousands,3,v8725,10.9,388803,,,,0
2000,British Columbia,2016A000259,"Cash receipts, total",Dollars,81,thousands,3,v8739,11.1,2024221,,,,0
2000,British Columbia,2016A000259,Operating expenses after rebates,Dollars,81,thousands,3,v8740,11.11,1689100,,,,0
2000,British Columbia,2016A000259,Net cash income,Dollars,81,thousands,3,v8741,11.12,335121,,,,0
2000,British Columbia,2016A000259,Income-in-kind,Dollars,81,thousands,3,v8734,11.5,3428,,,,0
2000,British Columbia,2016A000259,Depreciation charges,Dollars,81,thousands,3,v8742,11.13,221823,,,,0
2000,British Columbia,2016A000259,Realized net income,Dollars,81,thousands,3,v8737,11.8,116726,,,,0
2000,British Columbia,2016A000259,Value of inventory change,Dollars,81,thousands,3,v8731,11.2,1644,,,,0
2000,British Columbia,2016A000259,"Net income, total",Dollars,81,thousands,3,v8738,11.9,118370,,,,0
2001,Canada,2016A000011124,"Cash receipts, total",Dollars,81,thousands,3,v8622,1.1,36243327,,,,0
2001,Canada,2016A000011124,Operating expenses after rebates,Dollars,81,thousands,3,v8623,1.11,28124312,,,,0
2001,Canada,2016A000011124,Net cash income,Dollars,81,thousands,3,v8624,1.12,8119015,,,,0
2001,Canada,2016A000011124,Income-in-kind,Dollars,81,thousands,3,v8617,1.5,49564,,,,0
2001,Canada,2016A000011124,Depreciation charges,Dollars,81,thousands,3,v8625,1.13,4451900,,,,0
2001,Canada,2016A000011124,Realized net income,Dollars,81,thousands,3,v8620,1.8,3716679,,,,0
2001,Canada,2016A000011124,Value of inventory change,Dollars,81,thousands,3,v8614,1.2,-1042899,,,,0
2001,Canada,2016A000011124,"Net income, total",Dollars,81,thousands,3,v8621,1.9,2673780,,,,0
2001,Newfoundland and Labrador,2016A000210,"Cash receipts, total",Dollars,81,thousands,3,v8076,2.1,77870,,,,0
2001,Newfoundland and Labrador,2016A000210,Operating expenses after rebates,Dollars,81,thousands,3,v8077,2.11,69935,,,,0
2001,Newfoundland and Labrador,2016A000210,Net cash income,Dollars,81,thousands,3,v8078,2.12,7935,,,,0
2001,Newfoundland and Labrador,2016A000210,Income-in-kind,Dollars,81,thousands,3,v8073,2.5,414,,,,0
2001,Newfoundland and Labrador,2016A000210,Depreciation charges,Dollars,81,thousands,3,v8079,2.13,5950,,,,0
2001,Newfoundland and Labrador,2016A000210,Realized net income,Dollars,81,thousands,3,v8074,2.8,2399,,,,0
2001,Newfoundland and Labrador,2016A000210,Value of inventory change,Dollars,81,thousands,3,v8072,2.2,431,,,,0
2001,Newfoundland and Labrador,2016A000210,"Net income, total",Dollars,81,thousands,3,v8075,2.9,2830,,,,0
2001,Prince Edward Island,2016A000211,"Cash receipts, total",Dollars,81,thousands,3,v8635,3.1,336349,,,,0
2001,Prince Edward Island,2016A000211,Operating expenses after rebates,Dollars,81,thousands,3,v8636,3.11,275678,,,,0
2001,Prince Edward Island,2016A000211,Net cash income,Dollars,81,thousands,3,v8637,3.12,60671,,,,0
2001,Prince Edward Island,2016A000211,Income-in-kind,Dollars,81,thousands,3,v8630,3.5,483,,,,0
2001,Prince Edward Island,2016A000211,Depreciation charges,Dollars,81,thousands,3,v8638,3.13,40448,,,,0
2001,Prince Edward Island,2016A000211,Realized net income,Dollars,81,thousands,3,v8633,3.8,20706,,,,0
2001,Prince Edward Island,2016A000211,Value of inventory change,Dollars,81,thousands,3,v8627,3.2,-66348,,,,0
2001,Prince Edward Island,2016A000211,"Net income, total",Dollars,81,thousands,3,v8634,3.9,-45642,,,,0
2001,Nova Scotia,2016A000212,"Cash receipts, total",Dollars,81,thousands,3,v8648,4.1,420917,,,,0
2001,Nova Scotia,2016A000212,Operating expenses after rebates,Dollars,81,thousands,3,v8649,4.11,343345,,,,0
2001,Nova Scotia,2016A000212,Net cash income,Dollars,81,thousands,3,v8650,4.12,77572,,,,0
2001,Nova Scotia,2016A000212,Income-in-kind,Dollars,81,thousands,3,v8643,4.5,1002,,,,0
2001,Nova Scotia,2016A000212,Depreciation charges,Dollars,81,thousands,3,v8651,4.13,48316,,,,0
2001,Nova Scotia,2016A000212,Realized net income,Dollars,81,thousands,3,v8646,4.8,30258,,,,0
2001,Nova Scotia,2016A000212,Value of inventory change,Dollars,81,thousands,3,v8640,4.2,-1454,,,,0
2001,Nova Scotia,2016A000212,"Net income, total",Dollars,81,thousands,3,v8647,4.9,28804,,,,0
2001,New Brunswick,2016A000213,"Cash receipts, total",Dollars,81,thousands,3,v8661,5.1,416641,,,,0
2001,New Brunswick,2016A000213,Operating expenses after rebates,Dollars,81,thousands,3,v8662,5.11,328760,,,,0
2001,New Brunswick,2016A000213,Net cash income,Dollars,81,thousands,3,v8663,5.12,87881,,,,0
2001,New Brunswick,2016A000213,Income-in-kind,Dollars,81,thousands,3,v8656,5.5,973,,,,0
2001,New Brunswick,2016A000213,Depreciation charges,Dollars,81,thousands,3,v8664,5.13,45374,,,,0
2001,New Brunswick,2016A000213,Realized net income,Dollars,81,thousands,3,v8659,5.8,43480,,,,0
2001,New Brunswick,2016A000213,Value of inventory change,Dollars,81,thousands,3,v8653,5.2,-4390,,,,0
2001,New Brunswick,2016A000213,"Net income, total",Dollars,81,thousands,3,v8660,5.9,39090,,,,0
2001,Quebec,2016A000224,"Cash receipts, total",Dollars,81,thousands,3,v8674,6.1,5736960,,,,0
2001,Quebec,2016A000224,Operating expenses after rebates,Dollars,81,thousands,3,v8675,6.11,4398923,,,,0
2001,Quebec,2016A000224,Net cash income,Dollars,81,thousands,3,v8676,6.12,1338037,,,,0
2001,Quebec,2016A000224,Income-in-kind,Dollars,81,thousands,3,v8669,6.5,12885,,,,0
2001,Quebec,2016A000224,Depreciation charges,Dollars,81,thousands,3,v8677,6.13,556349,,,,0
2001,Quebec,2016A000224,Realized net income,Dollars,81,thousands,3,v8672,6.8,794573,,,,0
2001,Quebec,2016A000224,Value of inventory change,Dollars,81,thousands,3,v8666,6.2,88551,,,,0
2001,Quebec,2016A000224,"Net income, total",Dollars,81,thousands,3,v8673,6.9,883124,,,,0
2001,Ontario,2016A000235,"Cash receipts, total",Dollars,81,thousands,3,v8687,7.1,8475645,,,,0
2001,Ontario,2016A000235,Operating expenses after rebates,Dollars,81,thousands,3,v8688,7.11,6942145,,,,0
2001,Ontario,2016A000235,Net cash income,Dollars,81,thousands,3,v8689,7.12,1533500,,,,0
2001,Ontario,2016A000235,Income-in-kind,Dollars,81,thousands,3,v8682,7.5,11314,,,,0
2001,Ontario,2016A000235,Depreciation charges,Dollars,81,thousands,3,v8690,7.13,1016880,,,,0
2001,Ontario,2016A000235,Realized net income,Dollars,81,thousands,3,v8685,7.8,527934,,,,0
2001,Ontario,2016A000235,Value of inventory change,Dollars,81,thousands,3,v8679,7.2,-119902,,,,0
2001,Ontario,2016A000235,"Net income, total",Dollars,81,thousands,3,v8686,7.9,408032,,,,0
2001,Manitoba,2016A000246,"Cash receipts, total",Dollars,81,thousands,3,v8700,8.1,3698409,,,,0
2001,Manitoba,2016A000246,Operating expenses after rebates,Dollars,81,thousands,3,v8701,8.11,2770661,,,,0
2001,Manitoba,2016A000246,Net cash income,Dollars,81,thousands,3,v8702,8.12,927748,,,,0
2001,Manitoba,2016A000246,Income-in-kind,Dollars,81,thousands,3,v8695,8.5,3523,,,,0
2001,Manitoba,2016A000246,Depreciation charges,Dollars,81,thousands,3,v8703,8.13,415209,,,,0
2001,Manitoba,2016A000246,Realized net income,Dollars,81,thousands,3,v8698,8.8,516062,,,,0
2001,Manitoba,2016A000246,Value of inventory change,Dollars,81,thousands,3,v8692,8.2,-69651,,,,0
2001,Manitoba,2016A000246,"Net income, total",Dollars,81,thousands,3,v8699,8.9,446411,,,,0
2001,Saskatchewan,2016A000247,"Cash receipts, total",Dollars,81,thousands,3,v8713,9.1,6511315,,,,0
2001,Saskatchewan,2016A000247,Operating expenses after rebates,Dollars,81,thousands,3,v8714,9.11,4763946,,,,0
2001,Saskatchewan,2016A000247,Net cash income,Dollars,81,thousands,3,v8715,9.12,1747369,,,,0
2001,Saskatchewan,2016A000247,Income-in-kind,Dollars,81,thousands,3,v8708,9.5,6701,,,,0
2001,Saskatchewan,2016A000247,Depreciation charges,Dollars,81,thousands,3,v8716,9.13,979850,,,,0
2001,Saskatchewan,2016A000247,Realized net income,Dollars,81,thousands,3,v8711,9.8,774220,,,,0
2001,Saskatchewan,2016A000247,Value of inventory change,Dollars,81,thousands,3,v8705,9.2,-630844,,,,0
2001,Saskatchewan,2016A000247,"Net income, total",Dollars,81,thousands,3,v8712,9.9,143376,,,,0
2001,Alberta,2016A000248,"Cash receipts, total",Dollars,81,thousands,3,v8726,10.1,8368417,,,,0
2001,Alberta,2016A000248,Operating expenses after rebates,Dollars,81,thousands,3,v8727,10.11,6458552,,,,0
2001,Alberta,2016A000248,Net cash income,Dollars,81,thousands,3,v8728,10.12,1909865,,,,0
2001,Alberta,2016A000248,Income-in-kind,Dollars,81,thousands,3,v8721,10.5,8977,,,,0
2001,Alberta,2016A000248,Depreciation charges,Dollars,81,thousands,3,v8729,10.13,1122187,,,,0
2001,Alberta,2016A000248,Realized net income,Dollars,81,thousands,3,v8724,10.8,796655,,,,0
2001,Alberta,2016A000248,Value of inventory change,Dollars,81,thousands,3,v8718,10.2,-258676,,,,0
2001,Alberta,2016A000248,"Net income, total",Dollars,81,thousands,3,v8725,10.9,537979,,,,0
2001,British Columbia,2016A000259,"Cash receipts, total",Dollars,81,thousands,3,v8739,11.1,2200804,,,,0
2001,British Columbia,2016A000259,Operating expenses after rebates,Dollars,81,thousands,3,v8740,11.11,1772369,,,,0
2001,British Columbia,2016A000259,Net cash income,Dollars,81,thousands,3,v8741,11.12,428435,,,,0
2001,British Columbia,2016A000259,Income-in-kind,Dollars,81,thousands,3,v8734,11.5,3292,,,,0
2001,British Columbia,2016A000259,Depreciation charges,Dollars,81,thousands,3,v8742,11.13,221337,,,,0
2001,British Columbia,2016A000259,Realized net income,Dollars,81,thousands,3,v8737,11.8,210390,,,,0
2001,British Columbia,2016A000259,Value of inventory change,Dollars,81,thousands,3,v8731,11.2,19384,,,,0
2001,British Columbia,2016A000259,"Net income, total",Dollars,81,thousands,3,v8738,11.9,229774,,,,0
2002,Canada,2016A000011124,"Cash receipts, total",Dollars,81,thousands,3,v8622,1.1,35970624,,,,0
2002,Canada,2016A000011124,Operating expenses after rebates,Dollars,81,thousands,3,v8623,1.11,28462655,,,,0
2002,Canada,2016A000011124,Net cash income,Dollars,81,thousands,3,v8624,1.12,7507969,,,,0
2002,Canada,2016A000011124,Income-in-kind,Dollars,81,thousands,3,v8617,1.5,45295,,,,0
2002,Canada,2016A000011124,Depreciation charges,Dollars,81,thousands,3,v8625,1.13,4482720,,,,0
2002,Canada,2016A000011124,Realized net income,Dollars,81,thousands,3,v8620,1.8,3070544,,,,0
2002,Canada,2016A000011124,Value of inventory change,Dollars,81,thousands,3,v8614,1.2,-1558902,,,,0
2002,Canada,2016A000011124,"Net income, total",Dollars,81,thousands,3,v8621,1.9,1511642,,,,0
2002,Newfoundland and Labrador,2016A000210,"Cash receipts, total",Dollars,81,thousands,3,v8076,2.1,79583,,,,0
2002,Newfoundland and Labrador,2016A000210,Operating expenses after rebates,Dollars,81,thousands,3,v8077,2.11,71819,,,,0
2002,Newfoundland and Labrador,2016A000210,Net cash income,Dollars,81,thousands,3,v8078,2.12,7764,,,,0
2002,Newfoundland and Labrador,2016A000210,Income-in-kind,Dollars,81,thousands,3,v8073,2.5,522,,,,0
2002,Newfoundland and Labrador,2016A000210,Depreciation charges,Dollars,81,thousands,3,v8079,2.13,6210,,,,0
2002,Newfoundland and Labrador,2016A000210,Realized net income,Dollars,81,thousands,3,v8074,2.8,2076,,,,0
2002,Newfoundland and Labrador,2016A000210,Value of inventory change,Dollars,81,thousands,3,v8072,2.2,521,,,,0
2002,Newfoundland and Labrador,2016A000210,"Net income, total",Dollars,81,thousands,3,v8075,2.9,2597,,,,0
2002,Prince Edward Island,2016A000211,"Cash receipts, total",Dollars,81,thousands,3,v8635,3.1,369104,,,,0
2002,Prince Edward Island,2016A000211,Operating expenses after rebates,Dollars,81,thousands,3,v8636,3.11,290161,,,,0
2002,Prince Edward Island,2016A000211,Net cash income,Dollars,81,thousands,3,v8637,3.12,78943,,,,0
2002,Prince Edward Island,2016A000211,Income-in-kind,Dollars,81,thousands,3,v8630,3.5,389,,,,0
2002,Prince Edward Island,2016A000211,Depreciation charges,Dollars,81,thousands,3,v8638,3.13,38578,,,,0
2002,Prince Edward Island,2016A000211,Realized net income,Dollars,81,thousands,3,v8633,3.8,40754,,,,0
2002,Prince Edward Island,2016A000211,Value of inventory change,Dollars,81,thousands,3,v8627,3.2,78774,,,,0
2002,Prince Edward Island,2016A000211,"Net income, total",Dollars,81,thousands,3,v8634,3.9,119528,,,,0
2002,Nova Scotia,2016A000212,"Cash receipts, total",Dollars,81,thousands,3,v8648,4.1,407050,,,,0
2002,Nova Scotia,2016A000212,Operating expenses after rebates,Dollars,81,thousands,3,v8649,4.11,353258,,,,0
2002,Nova Scotia,2016A000212,Net cash income,Dollars,81,thousands,3,v8650,4.12,53792,,,,0
2002,Nova Scotia,2016A000212,Income-in-kind,Dollars,81,thousands,3,v8643,4.5,923,,,,0
2002,Nova Scotia,2016A000212,Depreciation charges,Dollars,81,thousands,3,v8651,4.13,48846,,,,0
2002,Nova Scotia,2016A000212,Realized net income,Dollars,81,thousands,3,v8646,4.8,5869,,,,0
2002,Nova Scotia,2016A000212,Value of inventory change,Dollars,81,thousands,3,v8640,4.2,822,,,,0
2002,Nova Scotia,2016A000212,"Net income, total",Dollars,81,thousands,3,v8647,4.9,6691,,,,0
2002,New Brunswick,2016A000213,"Cash receipts, total",Dollars,81,thousands,3,v8661,5.1,428906,,,,0
2002,New Brunswick,2016A000213,Operating expenses after rebates,Dollars,81,thousands,3,v8662,5.11,336686,,,,0
2002,New Brunswick,2016A000213,Net cash income,Dollars,81,thousands,3,v8663,5.12,92220,,,,0
2002,New Brunswick,2016A000213,Income-in-kind,Dollars,81,thousands,3,v8656,5.5,891,,,,0
2002,New Brunswick,2016A000213,Depreciation charges,Dollars,81,thousands,3,v8664,5.13,46043,,,,0
2002,New Brunswick,2016A000213,Realized net income,Dollars,81,thousands,3,v8659,5.8,47068,,,,0
2002,New Brunswick,2016A000213,Value of inventory change,Dollars,81,thousands,3,v8653,5.2,17811,,,,0
2002,New Brunswick,2016A000213,"Net income, total",Dollars,81,thousands,3,v8660,5.9,64879,,,,0
2002,Quebec,2016A000224,"Cash receipts, total",Dollars,81,thousands,3,v8674,6.1,5488561,,,,0
2002,Quebec,2016A000224,Operating expenses after rebates,Dollars,81,thousands,3,v8675,6.11,4475265,,,,0
2002,Quebec,2016A000224,Net cash income,Dollars,81,thousands,3,v8676,6.12,1013296,,,,0
2002,Quebec,2016A000224,Income-in-kind,Dollars,81,thousands,3,v8669,6.5,11839,,,,0
2002,Quebec,2016A000224,Depreciation charges,Dollars,81,thousands,3,v8677,6.13,560841,,,,0
2002,Quebec,2016A000224,Realized net income,Dollars,81,thousands,3,v8672,6.8,464294,,,,0
2002,Quebec,2016A000224,Value of inventory change,Dollars,81,thousands,3,v8666,6.2,19345,,,,0
2002,Quebec,2016A000224,"Net income, total",Dollars,81,thousands,3,v8673,6.9,483639,,,,0
2002,Ontario,2016A000235,"Cash receipts, total",Dollars,81,thousands,3,v8687,7.1,8435211,,,,0
2002,Ontario,2016A000235,Operating expenses after rebates,Dollars,81,thousands,3,v8688,7.11,7099342,,,,0
2002,Ontario,2016A000235,Net cash income,Dollars,81,thousands,3,v8689,7.12,1335869,,,,0
2002,Ontario,2016A000235,Income-in-kind,Dollars,81,thousands,3,v8682,7.5,10529,,,,0
2002,Ontario,2016A000235,Depreciation charges,Dollars,81,thousands,3,v8690,7.13,1067295,,,,0
2002,Ontario,2016A000235,Realized net income,Dollars,81,thousands,3,v8685,7.8,279103,,,,0
2002,Ontario,2016A000235,Value of inventory change,Dollars,81,thousands,3,v8679,7.2,160735,,,,0
2002,Ontario,2016A000235,"Net income, total",Dollars,81,thousands,3,v8686,7.9,439838,,,,0
2002,Manitoba,2016A000246,"Cash receipts, total",Dollars,81,thousands,3,v8700,8.1,3819776,,,,0
2002,Manitoba,2016A000246,Operating expenses after rebates,Dollars,81,thousands,3,v8701,8.11,2894640,,,,0
2002,Manitoba,2016A000246,Net cash income,Dollars,81,thousands,3,v8702,8.12,925136,,,,0
2002,Manitoba,2016A000246,Income-in-kind,Dollars,81,thousands,3,v8695,8.5,3202,,,,0
2002,Manitoba,2016A000246,Depreciation charges,Dollars,81,thousands,3,v8703,8.13,414042,,,,0
2002,Manitoba,2016A000246,Realized net income,Dollars,81,thousands,3,v8698,8.8,514296,,,,0
2002,Manitoba,2016A000246,Value of inventory change,Dollars,81,thousands,3,v8692,8.2,-10422,,,,0
2002,Manitoba,2016A000246,"Net income, total",Dollars,81,thousands,3,v8699,8.9,503874,,,,0
2002,Saskatchewan,2016A000247,"Cash receipts, total",Dollars,81,thousands,3,v8713,9.1,6452698,,,,0
2002,Saskatchewan,2016A000247,Operating expenses after rebates,Dollars,81,thousands,3,v8714,9.11,4747417,,,,0
2002,Saskatchewan,2016A000247,Net cash income,Dollars,81,thousands,3,v8715,9.12,1705281,,,,0
2002,Saskatchewan,2016A000247,Income-in-kind,Dollars,81,thousands,3,v8708,9.5,5700,,,,0
2002,Saskatchewan,2016A000247,Depreciation charges,Dollars,81,thousands,3,v8716,9.13,944265,,,,0
2002,Saskatchewan,2016A000247,Realized net income,Dollars,81,thousands,3,v8711,9.8,766716,,,,0
2002,Saskatchewan,2016A000247,Value of inventory change,Dollars,81,thousands,3,v8705,9.2,-777697,,,,0
2002,Saskatchewan,2016A000247,"Net income, total",Dollars,81,thousands,3,v8712,9.9,-10981,,,,0
2002,Alberta,2016A000248,"Cash receipts, total",Dollars,81,thousands,3,v8726,10.1,8315809,,,,0
2002,Alberta,2016A000248,Operating expenses after rebates,Dollars,81,thousands,3,v8727,10.11,6321126,,,,0
2002,Alberta,2016A000248,Net cash income,Dollars,81,thousands,3,v8728,10.12,1994683,,,,0
2002,Alberta,2016A000248,Income-in-kind,Dollars,81,thousands,3,v8721,10.5,8386,,,,0
2002,Alberta,2016A000248,Depreciation charges,Dollars,81,thousands,3,v8729,10.13,1111527,,,,0
2002,Alberta,2016A000248,Realized net income,Dollars,81,thousands,3,v8724,10.8,891542,,,,0
2002,Alberta,2016A000248,Value of inventory change,Dollars,81,thousands,3,v8718,10.2,-1066029,,,,0
2002,Alberta,2016A000248,"Net income, total",Dollars,81,thousands,3,v8725,10.9,-174487,,,,0
2002,British Columbia,2016A000259,"Cash receipts, total",Dollars,81,thousands,3,v8739,11.1,2173971,,,,0
2002,British Columbia,2016A000259,Operating expenses after rebates,Dollars,81,thousands,3,v8740,11.11,1872941,,,,0
2002,British Columbia,2016A000259,Net cash income,Dollars,81,thousands,3,v8741,11.12,301030,,,,0
2002,British Columbia,2016A000259,Income-in-kind,Dollars,81,thousands,3,v8734,11.5,2916,,,,0
2002,British Columbia,2016A000259,Depreciation charges,Dollars,81,thousands,3,v8742,11.13,245073,,,,0
2002,British Columbia,2016A000259,Realized net income,Dollars,81,thousands,3,v8737,11.8,58873,,,,0
2002,British Columbia,2016A000259,Value of inventory change,Dollars,81,thousands,3,v8731,11.2,17238,,,,0
2002,British Columbia,2016A000259,"Net income, total",Dollars,81,thousands,3,v8738,11.9,76111,,,,0
2003,Canada,2016A000011124,"Cash receipts, total",Dollars,81,thousands,3,v8622,1.1,34244827,,,,0
2003,Canada,2016A000011124,Operating expenses after rebates,Dollars,81,thousands,3,v8623,1.11,29242628,,,,0
2003,Canada,2016A000011124,Net cash income,Dollars,81,thousands,3,v8624,1.12,5002199,,,,0
2003,Canada,2016A000011124,Income-in-kind,Dollars,81,thousands,3,v8617,1.5,41017,,,,0
2003,Canada,2016A000011124,Depreciation charges,Dollars,81,thousands,3,v8625,1.13,4596949,,,,0
2003,Canada,2016A000011124,Realized net income,Dollars,81,thousands,3,v8620,1.8,446267,,,,0
2003,Canada,2016A000011124,Value of inventory change,Dollars,81,thousands,3,v8614,1.2,2328769,,,,0
2003,Canada,2016A000011124,"Net income, total",Dollars,81,thousands,3,v8621,1.9,2775036,,,,0
2003,Newfoundland and Labrador,2016A000210,"Cash receipts, total",Dollars,81,thousands,3,v8076,2.1,81444,,,,0
2003,Newfoundland and Labrador,2016A000210,Operating expenses after rebates,Dollars,81,thousands,3,v8077,2.11,75332,,,,0
2003,Newfoundland and Labrador,2016A000210,Net cash income,Dollars,81,thousands,3,v8078,2.12,6112,,,,0
2003,Newfoundland and Labrador,2016A000210,Income-in-kind,Dollars,81,thousands,3,v8073,2.5,382,,,,0
2003,Newfoundland and Labrador,2016A000210,Depreciation charges,Dollars,81,thousands,3,v8079,2.13,6365,,,,0
2003,Newfoundland and Labrador,2016A000210,Realized net income,Dollars,81,thousands,3,v8074,2.8,129,,,,0
2003,Newfoundland and Labrador,2016A000210,Value of inventory change,Dollars,81,thousands,3,v8072,2.2,1207,,,,0
2003,Newfoundland and Labrador,2016A000210,"Net income, total",Dollars,81,thousands,3,v8075,2.9,1336,,,,0
2003,Prince Edward Island,2016A000211,"Cash receipts, total",Dollars,81,thousands,3,v8635,3.1,355333,,,,0
2003,Prince Edward Island,2016A000211,Operating expenses after rebates,Dollars,81,thousands,3,v8636,3.11,297586,,,,0
2003,Prince Edward Island,2016A000211,Net cash income,Dollars,81,thousands,3,v8637,3.12,57747,,,,0
2003,Prince Edward Island,2016A000211,Income-in-kind,Dollars,81,thousands,3,v8630,3.5,466,,,,0
2003,Prince Edward Island,2016A000211,Depreciation charges,Dollars,81,thousands,3,v8638,3.13,38498,,,,0
2003,Prince Edward Island,2016A000211,Realized net income,Dollars,81,thousands,3,v8633,3.8,19715,,,,0
2003,Prince Edward Island,2016A000211,Value of inventory change,Dollars,81,thousands,3,v8627,3.2,-3934,,,,0
2003,Prince Edward Island,2016A000211,"Net income, total",Dollars,81,thousands,3,v8634,3.9,15781,,,,0
2003,Nova Scotia,2016A000212,"Cash receipts, total",Dollars,81,thousands,3,v8648,4.1,421919,,,,0
2003,Nova Scotia,2016A000212,Operating expenses after rebates,Dollars,81,thousands,3,v8649,4.11,365933,,,,0
2003,Nova Scotia,2016A000212,Net cash income,Dollars,81,thousands,3,v8650,4.12,55986,,,,0
2003,Nova Scotia,2016A000212,Income-in-kind,Dollars,81,thousands,3,v8643,4.5,838,,,,0
2003,Nova Scotia,2016A000212,Depreciation charges,Dollars,81,thousands,3,v8651,4.13,49335,,,,0
2003,Nova Scotia,2016A000212,Realized net income,Dollars,81,thousands,3,v8646,4.8,7489,,,,0
2003,Nova Scotia,2016A000212,Value of inventory change,Dollars,81,thousands,3,v8640,4.2,-1450,,,,0
2003,Nova Scotia,2016A000212,"Net income, total",Dollars,81,thousands,3,v8647,4.9,6039,,,,0
2003,New Brunswick,2016A000213,"Cash receipts, total",Dollars,81,thousands,3,v8661,5.1,411593,,,,0
2003,New Brunswick,2016A000213,Operating expenses after rebates,Dollars,81,thousands,3,v8662,5.11,349026,,,,0
2003,New Brunswick,2016A000213,Net cash income,Dollars,81,thousands,3,v8663,5.12,62567,,,,0
2003,New Brunswick,2016A000213,Income-in-kind,Dollars,81,thousands,3,v8656,5.5,761,,,,0
2003,New Brunswick,2016A000213,Depreciation charges,Dollars,81,thousands,3,v8664,5.13,46461,,,,0
2003,New Brunswick,2016A000213,Realized net income,Dollars,81,thousands,3,v8659,5.8,16867,,,,0
2003,New Brunswick,2016A000213,Value of inventory change,Dollars,81,thousands,3,v8653,5.2,-4579,,,,0
2003,New Brunswick,2016A000213,"Net income, total",Dollars,81,thousands,3,v8660,5.9,12288,,,,0
2003,Quebec,2016A000224,"Cash receipts, total",Dollars,81,thousands,3,v8674,6.1,5929482,,,,0
2003,Quebec,2016A000224,Operating expenses after rebates,Dollars,81,thousands,3,v8675,6.11,4776647,,,,0
2003,Quebec,2016A000224,Net cash income,Dollars,81,thousands,3,v8676,6.12,1152835,,,,0
2003,Quebec,2016A000224,Income-in-kind,Dollars,81,thousands,3,v8669,6.5,10709,,,,0
2003,Quebec,2016A000224,Depreciation charges,Dollars,81,thousands,3,v8677,6.13,601453,,,,0
2003,Quebec,2016A000224,Realized net income,Dollars,81,thousands,3,v8672,6.8,562091,,,,0
2003,Quebec,2016A000224,Value of inventory change,Dollars,81,thousands,3,v8666,6.2,114247,,,,0
2003,Quebec,2016A000224,"Net income, total",Dollars,81,thousands,3,v8673,6.9,676338,,,,0
2003,Ontario,2016A000235,"Cash receipts, total",Dollars,81,thousands,3,v8687,7.1,8407821,,,,0
2003,Ontario,2016A000235,Operating expenses after rebates,Dollars,81,thousands,3,v8688,7.11,7168704,,,,0
2003,Ontario,2016A000235,Net cash income,Dollars,81,thousands,3,v8689,7.12,1239117,,,,0
2003,Ontario,2016A000235,Income-in-kind,Dollars,81,thousands,3,v8682,7.5,8992,,,,0
2003,Ontario,2016A000235,Depreciation charges,Dollars,81,thousands,3,v8690,7.13,1058725,,,,0
2003,Ontario,2016A000235,Realized net income,Dollars,81,thousands,3,v8685,7.8,189384,,,,0
2003,Ontario,2016A000235,Value of inventory change,Dollars,81,thousands,3,v8679,7.2,22605,,,,0
2003,Ontario,2016A000235,"Net income, total",Dollars,81,thousands,3,v8686,7.9,211989,,,,0
2003,Manitoba,2016A000246,"Cash receipts, total",Dollars,81,thousands,3,v8700,8.1,3532318,,,,0
2003,Manitoba,2016A000246,Operating expenses after rebates,Dollars,81,thousands,3,v8701,8.11,3039894,,,,0
2003,Manitoba,2016A000246,Net cash income,Dollars,81,thousands,3,v8702,8.12,492424,,,,0
2003,Manitoba,2016A000246,Income-in-kind,Dollars,81,thousands,3,v8695,8.5,2842,,,,0
2003,Manitoba,2016A000246,Depreciation charges,Dollars,81,thousands,3,v8703,8.13,442924,,,,0
2003,Manitoba,2016A000246,Realized net income,Dollars,81,thousands,3,v8698,8.8,52342,,,,0
2003,Manitoba,2016A000246,Value of inventory change,Dollars,81,thousands,3,v8692,8.2,399660,,,,0
2003,Manitoba,2016A000246,"Net income, total",Dollars,81,thousands,3,v8699,8.9,452002,,,,0
2003,Saskatchewan,2016A000247,"Cash receipts, total",Dollars,81,thousands,3,v8713,9.1,5755256,,,,0
2003,Saskatchewan,2016A000247,Operating expenses after rebates,Dollars,81,thousands,3,v8714,9.11,4928849,,,,0
2003,Saskatchewan,2016A000247,Net cash income,Dollars,81,thousands,3,v8715,9.12,826407,,,,0
2003,Saskatchewan,2016A000247,Income-in-kind,Dollars,81,thousands,3,v8708,9.5,5078,,,,0
2003,Saskatchewan,2016A000247,Depreciation charges,Dollars,81,thousands,3,v8716,9.13,955828,,,,0
2003,Saskatchewan,2016A000247,Realized net income,Dollars,81,thousands,3,v8711,9.8,-124343,,,,0
2003,Saskatchewan,2016A000247,Value of inventory change,Dollars,81,thousands,3,v8705,9.2,815448,,,,0
2003,Saskatchewan,2016A000247,"Net income, total",Dollars,81,thousands,3,v8712,9.9,691105,,,,0
2003,Alberta,2016A000248,"Cash receipts, total",Dollars,81,thousands,3,v8726,10.1,7101628,,,,0
2003,Alberta,2016A000248,Operating expenses after rebates,Dollars,81,thousands,3,v8727,10.11,6323867,,,,0
2003,Alberta,2016A000248,Net cash income,Dollars,81,thousands,3,v8728,10.12,777761,,,,0
2003,Alberta,2016A000248,Income-in-kind,Dollars,81,thousands,3,v8721,10.5,8302,,,,0
2003,Alberta,2016A000248,Depreciation charges,Dollars,81,thousands,3,v8729,10.13,1144436,,,,0
2003,Alberta,2016A000248,Realized net income,Dollars,81,thousands,3,v8724,10.8,-358373,,,,0
2003,Alberta,2016A000248,Value of inventory change,Dollars,81,thousands,3,v8718,10.2,941157,,,,0
2003,Alberta,2016A000248,"Net income, total",Dollars,81,thousands,3,v8725,10.9,582784,,,,0
2003,British Columbia,2016A000259,"Cash receipts, total",Dollars,81,thousands,3,v8739,11.1,2248099,,,,0
2003,British Columbia,2016A000259,Operating expenses after rebates,Dollars,81,thousands,3,v8740,11.11,1916790,,,,0
2003,British Columbia,2016A000259,Net cash income,Dollars,81,thousands,3,v8741,11.12,331309,,,,0
2003,British Columbia,2016A000259,Income-in-kind,Dollars,81,thousands,3,v8734,11.5,2648,,,,0
2003,British Columbia,2016A000259,Depreciation charges,Dollars,81,thousands,3,v8742,11.13,252924,,,,0
2003,British Columbia,2016A000259,Realized net income,Dollars,81,thousands,3,v8737,11.8,81033,,,,0
2003,British Columbia,2016A000259,Value of inventory change,Dollars,81,thousands,3,v8731,11.2,44408,,,,0
2003,British Columbia,2016A000259,"Net income, total",Dollars,81,thousands,3,v8738,11.9,125441,,,,0
2004,Canada,2016A000011124,"Cash receipts, total",Dollars,81,thousands,3,v8622,1.1,36338224,,,,0
2004,Canada,2016A000011124,Operating expenses after rebates,Dollars,81,thousands,3,v8623,1.11,29407456,,,,0
2004,Canada,2016A000011124,Net cash income,Dollars,81,thousands,3,v8624,1.12,6930768,,,,0
2004,Canada,2016A000011124,Income-in-kind,Dollars,81,thousands,3,v8617,1.5,47493,,,,0
2004,Canada,2016A000011124,Depreciation charges,Dollars,81,thousands,3,v8625,1.13,4612596,,,,0
2004,Canada,2016A000011124,Realized net income,Dollars,81,thousands,3,v8620,1.8,2365665,,,,0
2004,Canada,2016A000011124,Value of inventory change,Dollars,81,thousands,3,v8614,1.2,1660741,,,,0
2004,Canada,2016A000011124,"Net income, total",Dollars,81,thousands,3,v8621,1.9,4026406,,,,0
2004,Newfoundland and Labrador,2016A000210,"Cash receipts, total",Dollars,81,thousands,3,v8076,2.1,87527,,,,0
2004,Newfoundland and Labrador,2016A000210,Operating expenses after rebates,Dollars,81,thousands,3,v8077,2.11,78138,,,,0
2004,Newfoundland and Labrador,2016A000210,Net cash income,Dollars,81,thousands,3,v8078,2.12,9389,,,,0
2004,Newfoundland and Labrador,2016A000210,Income-in-kind,Dollars,81,thousands,3,v8073,2.5,337,,,,0
2004,Newfoundland and Labrador,2016A000210,Depreciation charges,Dollars,81,thousands,3,v8079,2.13,6713,,,,0
2004,Newfoundland and Labrador,2016A000210,Realized net income,Dollars,81,thousands,3,v8074,2.8,3013,,,,0
2004,Newfoundland and Labrador,2016A000210,Value of inventory change,Dollars,81,thousands,3,v8072,2.2,1322,,,,0
2004,Newfoundland and Labrador,2016A000210,"Net income, total",Dollars,81,thousands,3,v8075,2.9,4335,,,,0
2004,Prince Edward Island,2016A000211,"Cash receipts, total",Dollars,81,thousands,3,v8635,3.1,349577,,,,0
2004,Prince Edward Island,2016A000211,Operating expenses after rebates,Dollars,81,thousands,3,v8636,3.11,304704,,,,0
2004,Prince Edward Island,2016A000211,Net cash income,Dollars,81,thousands,3,v8637,3.12,44873,,,,0
2004,Prince Edward Island,2016A000211,Income-in-kind,Dollars,81,thousands,3,v8630,3.5,438,,,,0
2004,Prince Edward Island,2016A000211,Depreciation charges,Dollars,81,thousands,3,v8638,3.13,39481,,,,0
2004,Prince Edward Island,2016A000211,Realized net income,Dollars,81,thousands,3,v8633,3.8,5830,,,,0
2004,Prince Edward Island,2016A000211,Value of inventory change,Dollars,81,thousands,3,v8627,3.2,5177,,,,0
2004,Prince Edward Island,2016A000211,"Net income, total",Dollars,81,thousands,3,v8634,3.9,11007,,,,0
2004,Nova Scotia,2016A000212,"Cash receipts, total",Dollars,81,thousands,3,v8648,4.1,456739,,,,0
2004,Nova Scotia,2016A000212,Operating expenses after rebates,Dollars,81,thousands,3,v8649,4.11,364983,,,,0
2004,Nova Scotia,2016A000212,Net cash income,Dollars,81,thousands,3,v8650,4.12,91756,,,,0
2004,Nova Scotia,2016A000212,Income-in-kind,Dollars,81,thousands,3,v8643,4.5,804,,,,0
2004,Nova Scotia,2016A000212,Depreciation charges,Dollars,81,thousands,3,v8651,4.13,50862,,,,0
2004,Nova Scotia,2016A000212,Realized net income,Dollars,81,thousands,3,v8646,4.8,41698,,,,0
2004,Nova Scotia,2016A000212,Value of inventory change,Dollars,81,thousands,3,v8640,4.2,-3183,,,,0
2004,Nova Scotia,2016A000212,"Net income, total",Dollars,81,thousands,3,v8647,4.9,38515,,,,0
2004,New Brunswick,2016A000213,"Cash receipts, total",Dollars,81,thousands,3,v8661,5.1,421574,,,,0
2004,New Brunswick,2016A000213,Operating expenses after rebates,Dollars,81,thousands,3,v8662,5.11,351107,,,,0
2004,New Brunswick,2016A000213,Net cash income,Dollars,81,thousands,3,v8663,5.12,70467,,,,0
2004,New Brunswick,2016A000213,Income-in-kind,Dollars,81,thousands,3,v8656,5.5,755,,,,0
2004,New Brunswick,2016A000213,Depreciation charges,Dollars,81,thousands,3,v8664,5.13,48659,,,,0
2004,New Brunswick,2016A000213,Realized net income,Dollars,81,thousands,3,v8659,5.8,22563,,,,0
2004,New Brunswick,2016A000213,Value of inventory change,Dollars,81,thousands,3,v8653,5.2,-8989,,,,0
2004,New Brunswick,2016A000213,"Net income, total",Dollars,81,thousands,3,v8660,5.9,13574,,,,0
2004,Quebec,2016A000224,"Cash receipts, total",Dollars,81,thousands,3,v8674,6.1,6302425,,,,0
2004,Quebec,2016A000224,Operating expenses after rebates,Dollars,81,thousands,3,v8675,6.11,4924613,,,,0
2004,Quebec,2016A000224,Net cash income,Dollars,81,thousands,3,v8676,6.12,1377812,,,,0
2004,Quebec,2016A000224,Income-in-kind,Dollars,81,thousands,3,v8669,6.5,11298,,,,0
2004,Quebec,2016A000224,Depreciation charges,Dollars,81,thousands,3,v8677,6.13,594332,,,,0
2004,Quebec,2016A000224,Realized net income,Dollars,81,thousands,3,v8672,6.8,794778,,,,0
2004,Quebec,2016A000224,Value of inventory change,Dollars,81,thousands,3,v8666,6.2,118475,,,,0
2004,Quebec,2016A000224,"Net income, total",Dollars,81,thousands,3,v8673,6.9,913253,,,,0
2004,Ontario,2016A000235,"Cash receipts, total",Dollars,81,thousands,3,v8687,7.1,8597499,,,,0
2004,Ontario,2016A000235,Operating expenses after rebates,Dollars,81,thousands,3,v8688,7.11,7224221,,,,0
2004,Ontario,2016A000235,Net cash income,Dollars,81,thousands,3,v8689,7.12,1373278,,,,0
2004,Ontario,2016A000235,Income-in-kind,Dollars,81,thousands,3,v8682,7.5,9067,,,,0
2004,Ontario,2016A000235,Depreciation charges,Dollars,81,thousands,3,v8690,7.13,1054392,,,,0
2004,Ontario,2016A000235,Realized net income,Dollars,81,thousands,3,v8685,7.8,327953,,,,0
2004,Ontario,2016A000235,Value of inventory change,Dollars,81,thousands,3,v8679,7.2,315313,,,,0
2004,Ontario,2016A000235,"Net income, total",Dollars,81,thousands,3,v8686,7.9,643266,,,,0
2004,Manitoba,2016A000246,"Cash receipts, total",Dollars,81,thousands,3,v8700,8.1,3857541,,,,0
2004,Manitoba,2016A000246,Operating expenses after rebates,Dollars,81,thousands,3,v8701,8.11,3099074,,,,0
2004,Manitoba,2016A000246,Net cash income,Dollars,81,thousands,3,v8702,8.12,758467,,,,0
2004,Manitoba,2016A000246,Income-in-kind,Dollars,81,thousands,3,v8695,8.5,3659,,,,0
2004,Manitoba,2016A000246,Depreciation charges,Dollars,81,thousands,3,v8703,8.13,444908,,,,0
2004,Manitoba,2016A000246,Realized net income,Dollars,81,thousands,3,v8698,8.8,317218,,,,0
2004,Manitoba,2016A000246,Value of inventory change,Dollars,81,thousands,3,v8692,8.2,-68973,,,,0
2004,Manitoba,2016A000246,"Net income, total",Dollars,81,thousands,3,v8699,8.9,248245,,,,0
2004,Saskatchewan,2016A000247,"Cash receipts, total",Dollars,81,thousands,3,v8713,9.1,5892158,,,,0
2004,Saskatchewan,2016A000247,Operating expenses after rebates,Dollars,81,thousands,3,v8714,9.11,4888446,,,,0
2004,Saskatchewan,2016A000247,Net cash income,Dollars,81,thousands,3,v8715,9.12,1003712,,,,0
2004,Saskatchewan,2016A000247,Income-in-kind,Dollars,81,thousands,3,v8708,9.5,7015,,,,0
2004,Saskatchewan,2016A000247,Depreciation charges,Dollars,81,thousands,3,v8716,9.13,969779,,,,0
2004,Saskatchewan,2016A000247,Realized net income,Dollars,81,thousands,3,v8711,9.8,40948,,,,0
2004,Saskatchewan,2016A000247,Value of inventory change,Dollars,81,thousands,3,v8705,9.2,821895,,,,0
2004,Saskatchewan,2016A000247,"Net income, total",Dollars,81,thousands,3,v8712,9.9,862843,,,,0
2004,Alberta,2016A000248,"Cash receipts, total",Dollars,81,thousands,3,v8726,10.1,8013369,,,,0
2004,Alberta,2016A000248,Operating expenses after rebates,Dollars,81,thousands,3,v8727,10.11,6235036,,,,0
2004,Alberta,2016A000248,Net cash income,Dollars,81,thousands,3,v8728,10.12,1778333,,,,0
2004,Alberta,2016A000248,Income-in-kind,Dollars,81,thousands,3,v8721,10.5,10880,,,,0
2004,Alberta,2016A000248,Depreciation charges,Dollars,81,thousands,3,v8729,10.13,1140581,,,,0
2004,Alberta,2016A000248,Realized net income,Dollars,81,thousands,3,v8724,10.8,648632,,,,0
2004,Alberta,2016A000248,Value of inventory change,Dollars,81,thousands,3,v8718,10.2,507193,,,,0
2004,Alberta,2016A000248,"Net income, total",Dollars,81,thousands,3,v8725,10.9,1155825,,,,0
2004,British Columbia,2016A000259,"Cash receipts, total",Dollars,81,thousands,3,v8739,11.1,2359838,,,,0
2004,British Columbia,2016A000259,Operating expenses after rebates,Dollars,81,thousands,3,v8740,11.11,1937134,,,,0
2004,British Columbia,2016A000259,Net cash income,Dollars,81,thousands,3,v8741,11.12,422704,,,,0
2004,British Columbia,2016A000259,Income-in-kind,Dollars,81,thousands,3,v8734,11.5,3238,,,,0
2004,British Columbia,2016A000259,Depreciation charges,Dollars,81,thousands,3,v8742,11.13,262889,,,,0
2004,British Columbia,2016A000259,Realized net income,Dollars,81,thousands,3,v8737,11.8,163053,,,,0
2004,British Columbia,2016A000259,Value of inventory change,Dollars,81,thousands,3,v8731,11.2,-27489,,,,0
2004,British Columbia,2016A000259,"Net income, total",Dollars,81,thousands,3,v8738,11.9,135564,,,,0
2005,Canada,2016A000011124,"Cash receipts, total",Dollars,81,thousands,3,v8622,1.1,36918791,,,,0
2005,Canada,2016A000011124,Operating expenses after rebates,Dollars,81,thousands,3,v8623,1.11,30096130,,,,0
2005,Canada,2016A000011124,Net cash income,Dollars,81,thousands,3,v8624,1.12,6822662,,,,0
2005,Canada,2016A000011124,Income-in-kind,Dollars,81,thousands,3,v8617,1.5,56776,,,,0
2005,Canada,2016A000011124,Depreciation charges,Dollars,81,thousands,3,v8625,1.13,4800568,,,,0
2005,Canada,2016A000011124,Realized net income,Dollars,81,thousands,3,v8620,1.8,2078869,,,,0
2005,Canada,2016A000011124,Value of inventory change,Dollars,81,thousands,3,v8614,1.2,499747,,,,0
2005,Canada,2016A000011124,"Net income, total",Dollars,81,thousands,3,v8621,1.9,2578616,,,,0
2005,Newfoundland and Labrador,2016A000210,"Cash receipts, total",Dollars,81,thousands,3,v8076,2.1,89005,,,,0
2005,Newfoundland and Labrador,2016A000210,Operating expenses after rebates,Dollars,81,thousands,3,v8077,2.11,79041,,,,0
2005,Newfoundland and Labrador,2016A000210,Net cash income,Dollars,81,thousands,3,v8078,2.12,9963,,,,0
2005,Newfoundland and Labrador,2016A000210,Income-in-kind,Dollars,81,thousands,3,v8073,2.5,427,,,,0
2005,Newfoundland and Labrador,2016A000210,Depreciation charges,Dollars,81,thousands,3,v8079,2.13,7219,,,,0
2005,Newfoundland and Labrador,2016A000210,Realized net income,Dollars,81,thousands,3,v8074,2.8,3171,,,,0
2005,Newfoundland and Labrador,2016A000210,Value of inventory change,Dollars,81,thousands,3,v8072,2.2,477,,,,0
2005,Newfoundland and Labrador,2016A000210,"Net income, total",Dollars,81,thousands,3,v8075,2.9,3647,,,,0
2005,Prince Edward Island,2016A000211,"Cash receipts, total",Dollars,81,thousands,3,v8635,3.1,371848,,,,0
2005,Prince Edward Island,2016A000211,Operating expenses after rebates,Dollars,81,thousands,3,v8636,3.11,306815,,,,0
2005,Prince Edward Island,2016A000211,Net cash income,Dollars,81,thousands,3,v8637,3.12,65033,,,,0
2005,Prince Edward Island,2016A000211,Income-in-kind,Dollars,81,thousands,3,v8630,3.5,426,,,,0
2005,Prince Edward Island,2016A000211,Depreciation charges,Dollars,81,thousands,3,v8638,3.13,40855,,,,0
2005,Prince Edward Island,2016A000211,Realized net income,Dollars,81,thousands,3,v8633,3.8,24604,,,,0
2005,Prince Edward Island,2016A000211,Value of inventory change,Dollars,81,thousands,3,v8627,3.2,-20554,,,,0
2005,Prince Edward Island,2016A000211,"Net income, total",Dollars,81,thousands,3,v8634,3.9,4050,,,,0
2005,Nova Scotia,2016A000212,"Cash receipts, total",Dollars,81,thousands,3,v8648,4.1,466351,,,,0
2005,Nova Scotia,2016A000212,Operating expenses after rebates,Dollars,81,thousands,3,v8649,4.11,366829,,,,0
2005,Nova Scotia,2016A000212,Net cash income,Dollars,81,thousands,3,v8650,4.12,99522,,,,0
2005,Nova Scotia,2016A000212,Income-in-kind,Dollars,81,thousands,3,v8643,4.5,926,,,,0
2005,Nova Scotia,2016A000212,Depreciation charges,Dollars,81,thousands,3,v8651,4.13,53122,,,,0
2005,Nova Scotia,2016A000212,Realized net income,Dollars,81,thousands,3,v8646,4.8,47326,,,,0
2005,Nova Scotia,2016A000212,Value of inventory change,Dollars,81,thousands,3,v8640,4.2,-655,,,,0
2005,Nova Scotia,2016A000212,"Net income, total",Dollars,81,thousands,3,v8647,4.9,46671,,,,0
2005,New Brunswick,2016A000213,"Cash receipts, total",Dollars,81,thousands,3,v8661,5.1,437506,,,,0
2005,New Brunswick,2016A000213,Operating expenses after rebates,Dollars,81,thousands,3,v8662,5.11,360415,,,,0
2005,New Brunswick,2016A000213,Net cash income,Dollars,81,thousands,3,v8663,5.12,77090,,,,0
2005,New Brunswick,2016A000213,Income-in-kind,Dollars,81,thousands,3,v8656,5.5,901,,,,0
2005,New Brunswick,2016A000213,Depreciation charges,Dollars,81,thousands,3,v8664,5.13,51444,,,,0
2005,New Brunswick,2016A000213,Realized net income,Dollars,81,thousands,3,v8659,5.8,26547,,,,0
2005,New Brunswick,2016A000213,Value of inventory change,Dollars,81,thousands,3,v8653,5.2,10145,,,,0
2005,New Brunswick,2016A000213,"Net income, total",Dollars,81,thousands,3,v8660,5.9,36692,,,,0
2005,Quebec,2016A000224,"Cash receipts, total",Dollars,81,thousands,3,v8674,6.1,6251480,,,,0
2005,Quebec,2016A000224,Operating expenses after rebates,Dollars,81,thousands,3,v8675,6.11,4874892,,,,0
2005,Quebec,2016A000224,Net cash income,Dollars,81,thousands,3,v8676,6.12,1376588,,,,0
2005,Quebec,2016A000224,Income-in-kind,Dollars,81,thousands,3,v8669,6.5,13581,,,,0
2005,Quebec,2016A000224,Depreciation charges,Dollars,81,thousands,3,v8677,6.13,654928,,,,0
2005,Quebec,2016A000224,Realized net income,Dollars,81,thousands,3,v8672,6.8,735242,,,,0
2005,Quebec,2016A000224,Value of inventory change,Dollars,81,thousands,3,v8666,6.2,-52916,,,,0
2005,Quebec,2016A000224,"Net income, total",Dollars,81,thousands,3,v8673,6.9,682325,,,,0
2005,Ontario,2016A000235,"Cash receipts, total",Dollars,81,thousands,3,v8687,7.1,8901262,,,,0
2005,Ontario,2016A000235,Operating expenses after rebates,Dollars,81,thousands,3,v8688,7.11,7359187,,,,0
2005,Ontario,2016A000235,Net cash income,Dollars,81,thousands,3,v8689,7.12,1542075,,,,0
2005,Ontario,2016A000235,Income-in-kind,Dollars,81,thousands,3,v8682,7.5,11049,,,,0
2005,Ontario,2016A000235,Depreciation charges,Dollars,81,thousands,3,v8690,7.13,1106751,,,,0
2005,Ontario,2016A000235,Realized net income,Dollars,81,thousands,3,v8685,7.8,446373,,,,0
2005,Ontario,2016A000235,Value of inventory change,Dollars,81,thousands,3,v8679,7.2,-11309,,,,0
2005,Ontario,2016A000235,"Net income, total",Dollars,81,thousands,3,v8686,7.9,435064,,,,0
2005,Manitoba,2016A000246,"Cash receipts, total",Dollars,81,thousands,3,v8700,8.1,3830764,,,,0
2005,Manitoba,2016A000246,Operating expenses after rebates,Dollars,81,thousands,3,v8701,8.11,3011261,,,,0
2005,Manitoba,2016A000246,Net cash income,Dollars,81,thousands,3,v8702,8.12,819503,,,,0
2005,Manitoba,2016A000246,Income-in-kind,Dollars,81,thousands,3,v8695,8.5,3997,,,,0
2005,Manitoba,2016A000246,Depreciation charges,Dollars,81,thousands,3,v8703,8.13,454785,,,,0
2005,Manitoba,2016A000246,Realized net income,Dollars,81,thousands,3,v8698,8.8,368716,,,,0
2005,Manitoba,2016A000246,Value of inventory change,Dollars,81,thousands,3,v8692,8.2,-243052,,,,0
2005,Manitoba,2016A000246,"Net income, total",Dollars,81,thousands,3,v8699,8.9,125664,,,,0
2005,Saskatchewan,2016A000247,"Cash receipts, total",Dollars,81,thousands,3,v8713,9.1,6275432,,,,0
2005,Saskatchewan,2016A000247,Operating expenses after rebates,Dollars,81,thousands,3,v8714,9.11,5132054,,,,0
2005,Saskatchewan,2016A000247,Net cash income,Dollars,81,thousands,3,v8715,9.12,1143378,,,,0
2005,Saskatchewan,2016A000247,Income-in-kind,Dollars,81,thousands,3,v8708,9.5,7628,,,,0
2005,Saskatchewan,2016A000247,Depreciation charges,Dollars,81,thousands,3,v8716,9.13,971676,,,,0
2005,Saskatchewan,2016A000247,Realized net income,Dollars,81,thousands,3,v8711,9.8,179330,,,,0
2005,Saskatchewan,2016A000247,Value of inventory change,Dollars,81,thousands,3,v8705,9.2,575492,,,,0
2005,Saskatchewan,2016A000247,"Net income, total",Dollars,81,thousands,3,v8712,9.9,754822,,,,0
2005,Alberta,2016A000248,"Cash receipts, total",Dollars,81,thousands,3,v8726,10.1,7905783,,,,0
2005,Alberta,2016A000248,Operating expenses after rebates,Dollars,81,thousands,3,v8727,10.11,6569034,,,,0
2005,Alberta,2016A000248,Net cash income,Dollars,81,thousands,3,v8728,10.12,1336750,,,,0
2005,Alberta,2016A000248,Income-in-kind,Dollars,81,thousands,3,v8721,10.5,14449,,,,0
2005,Alberta,2016A000248,Depreciation charges,Dollars,81,thousands,3,v8729,10.13,1182611,,,,0
2005,Alberta,2016A000248,Realized net income,Dollars,81,thousands,3,v8724,10.8,168588,,,,0
2005,Alberta,2016A000248,Value of inventory change,Dollars,81,thousands,3,v8718,10.2,287055,,,,0
2005,Alberta,2016A000248,"Net income, total",Dollars,81,thousands,3,v8725,10.9,455642,,,,0
2005,British Columbia,2016A000259,"Cash receipts, total",Dollars,81,thousands,3,v8739,11.1,2389362,,,,0
2005,British Columbia,2016A000259,Operating expenses after rebates,Dollars,81,thousands,3,v8740,11.11,2036602,,,,0
2005,British Columbia,2016A000259,Net cash income,Dollars,81,thousands,3,v8741,11.12,352760,,,,0
2005,British Columbia,2016A000259,Income-in-kind,Dollars,81,thousands,3,v8734,11.5,3391,,,,0
2005,British Columbia,2016A000259,Depreciation charges,Dollars,81,thousands,3,v8742,11.13,277177,,,,0
2005,British Columbia,2016A000259,Realized net income,Dollars,81,thousands,3,v8737,11.8,78974,,,,0
2005,British Columbia,2016A000259,Value of inventory change,Dollars,81,thousands,3,v8731,11.2,-44935,,,,0
2005,British Columbia,2016A000259,"Net income, total",Dollars,81,thousands,3,v8738,11.9,34039,,,,0
2006,Canada,2016A000011124,"Cash receipts, total",Dollars,81,thousands,3,v8622,1.1,37038684,,,,0
2006,Canada,2016A000011124,Operating expenses after rebates,Dollars,81,thousands,3,v8623,1.11,31171042,,,,0
2006,Canada,2016A000011124,Net cash income,Dollars,81,thousands,3,v8624,1.12,5867641,,,,0
2006,Canada,2016A000011124,Income-in-kind,Dollars,81,thousands,3,v8617,1.5,46941,,,,0
2006,Canada,2016A000011124,Depreciation charges,Dollars,81,thousands,3,v8625,1.13,4867115,,,,0
2006,Canada,2016A000011124,Realized net income,Dollars,81,thousands,3,v8620,1.8,1047467,,,,0
2006,Canada,2016A000011124,Value of inventory change,Dollars,81,thousands,3,v8614,1.2,-796075,,,,0
2006,Canada,2016A000011124,"Net income, total",Dollars,81,thousands,3,v8621,1.9,251391,,,,0
2006,Newfoundland and Labrador,2016A000210,"Cash receipts, total",Dollars,81,thousands,3,v8076,2.1,95990,,,,0
2006,Newfoundland and Labrador,2016A000210,Operating expenses after rebates,Dollars,81,thousands,3,v8077,2.11,85412,,,,0
2006,Newfoundland and Labrador,2016A000210,Net cash income,Dollars,81,thousands,3,v8078,2.12,10578,,,,0
2006,Newfoundland and Labrador,2016A000210,Income-in-kind,Dollars,81,thousands,3,v8073,2.5,415,,,,0
2006,Newfoundland and Labrador,2016A000210,Depreciation charges,Dollars,81,thousands,3,v8079,2.13,7432,,,,0
2006,Newfoundland and Labrador,2016A000210,Realized net income,Dollars,81,thousands,3,v8074,2.8,3560,,,,0
2006,Newfoundland and Labrador,2016A000210,Value of inventory change,Dollars,81,thousands,3,v8072,2.2,638,,,,0
2006,Newfoundland and Labrador,2016A000210,"Net income, total",Dollars,81,thousands,3,v8075,2.9,4199,,,,0
2006,Prince Edward Island,2016A000211,"Cash receipts, total",Dollars,81,thousands,3,v8635,3.1,376586,,,,0
2006,Prince Edward Island,2016A000211,Operating expenses after rebates,Dollars,81,thousands,3,v8636,3.11,317044,,,,0
2006,Prince Edward Island,2016A000211,Net cash income,Dollars,81,thousands,3,v8637,3.12,59542,,,,0
2006,Prince Edward Island,2016A000211,Income-in-kind,Dollars,81,thousands,3,v8630,3.5,514,,,,0
2006,Prince Edward Island,2016A000211,Depreciation charges,Dollars,81,thousands,3,v8638,3.13,41492,,,,0
2006,Prince Edward Island,2016A000211,Realized net income,Dollars,81,thousands,3,v8633,3.8,18565,,,,0
2006,Prince Edward Island,2016A000211,Value of inventory change,Dollars,81,thousands,3,v8627,3.2,28642,,,,0
2006,Prince Edward Island,2016A000211,"Net income, total",Dollars,81,thousands,3,v8634,3.9,47207,,,,0
2006,Nova Scotia,2016A000212,"Cash receipts, total",Dollars,81,thousands,3,v8648,4.1,467826,,,,0
2006,Nova Scotia,2016A000212,Operating expenses after rebates,Dollars,81,thousands,3,v8649,4.11,381602,,,,0
2006,Nova Scotia,2016A000212,Net cash income,Dollars,81,thousands,3,v8650,4.12,86224,,,,0
2006,Nova Scotia,2016A000212,Income-in-kind,Dollars,81,thousands,3,v8643,4.5,951,,,,0
2006,Nova Scotia,2016A000212,Depreciation charges,Dollars,81,thousands,3,v8651,4.13,53327,,,,0
2006,Nova Scotia,2016A000212,Realized net income,Dollars,81,thousands,3,v8646,4.8,33849,,,,0
2006,Nova Scotia,2016A000212,Value of inventory change,Dollars,81,thousands,3,v8640,4.2,-1713,,,,0
2006,Nova Scotia,2016A000212,"Net income, total",Dollars,81,thousands,3,v8647,4.9,32136,,,,0
2006,New Brunswick,2016A000213,"Cash receipts, total",Dollars,81,thousands,3,v8661,5.1,460088,,,,0
2006,New Brunswick,2016A000213,Operating expenses after rebates,Dollars,81,thousands,3,v8662,5.11,376577,,,,0
2006,New Brunswick,2016A000213,Net cash income,Dollars,81,thousands,3,v8663,5.12,83511,,,,0
2006,New Brunswick,2016A000213,Income-in-kind,Dollars,81,thousands,3,v8656,5.5,923,,,,0
2006,New Brunswick,2016A000213,Depreciation charges,Dollars,81,thousands,3,v8664,5.13,51830,,,,0
2006,New Brunswick,2016A000213,Realized net income,Dollars,81,thousands,3,v8659,5.8,32605,,,,0
2006,New Brunswick,2016A000213,Value of inventory change,Dollars,81,thousands,3,v8653,5.2,24358,,,,0
2006,New Brunswick,2016A000213,"Net income, total",Dollars,81,thousands,3,v8660,5.9,56962,,,,0
2006,Quebec,2016A000224,"Cash receipts, total",Dollars,81,thousands,3,v8674,6.1,6307882,,,,0
2006,Quebec,2016A000224,Operating expenses after rebates,Dollars,81,thousands,3,v8675,6.11,5087554,,,,0
2006,Quebec,2016A000224,Net cash income,Dollars,81,thousands,3,v8676,6.12,1220329,,,,0
2006,Quebec,2016A000224,Income-in-kind,Dollars,81,thousands,3,v8669,6.5,11314,,,,0
2006,Quebec,2016A000224,Depreciation charges,Dollars,81,thousands,3,v8677,6.13,662880,,,,0
2006,Quebec,2016A000224,Realized net income,Dollars,81,thousands,3,v8672,6.8,568762,,,,0
2006,Quebec,2016A000224,Value of inventory change,Dollars,81,thousands,3,v8666,6.2,-98350,,,,0
2006,Quebec,2016A000224,"Net income, total",Dollars,81,thousands,3,v8673,6.9,470412,,,,0
2006,Ontario,2016A000235,"Cash receipts, total",Dollars,81,thousands,3,v8687,7.1,8806348,,,,0
2006,Ontario,2016A000235,Operating expenses after rebates,Dollars,81,thousands,3,v8688,7.11,7572536,,,,0
2006,Ontario,2016A000235,Net cash income,Dollars,81,thousands,3,v8689,7.12,1233811,,,,0
2006,Ontario,2016A000235,Income-in-kind,Dollars,81,thousands,3,v8682,7.5,9712,,,,0
2006,Ontario,2016A000235,Depreciation charges,Dollars,81,thousands,3,v8690,7.13,1123904,,,,0
2006,Ontario,2016A000235,Realized net income,Dollars,81,thousands,3,v8685,7.8,119619,,,,0
2006,Ontario,2016A000235,Value of inventory change,Dollars,81,thousands,3,v8679,7.2,-130297,,,,0
2006,Ontario,2016A000235,"Net income, total",Dollars,81,thousands,3,v8686,7.9,-10677,,,,0
2006,Manitoba,2016A000246,"Cash receipts, total",Dollars,81,thousands,3,v8700,8.1,3717302,,,,0
2006,Manitoba,2016A000246,Operating expenses after rebates,Dollars,81,thousands,3,v8701,8.11,3222564,,,,0
2006,Manitoba,2016A000246,Net cash income,Dollars,81,thousands,3,v8702,8.12,494738,,,,0
2006,Manitoba,2016A000246,Income-in-kind,Dollars,81,thousands,3,v8695,8.5,3247,,,,0
2006,Manitoba,2016A000246,Depreciation charges,Dollars,81,thousands,3,v8703,8.13,461113,,,,0
2006,Manitoba,2016A000246,Realized net income,Dollars,81,thousands,3,v8698,8.8,36872,,,,0
2006,Manitoba,2016A000246,Value of inventory change,Dollars,81,thousands,3,v8692,8.2,286122,,,,0
2006,Manitoba,2016A000246,"Net income, total",Dollars,81,thousands,3,v8699,8.9,322994,,,,0
2006,Saskatchewan,2016A000247,"Cash receipts, total",Dollars,81,thousands,3,v8713,9.1,6681616,,,,0
2006,Saskatchewan,2016A000247,Operating expenses after rebates,Dollars,81,thousands,3,v8714,9.11,5301157,,,,0
2006,Saskatchewan,2016A000247,Net cash income,Dollars,81,thousands,3,v8715,9.12,1380458,,,,0
2006,Saskatchewan,2016A000247,Income-in-kind,Dollars,81,thousands,3,v8708,9.5,5663,,,,0
2006,Saskatchewan,2016A000247,Depreciation charges,Dollars,81,thousands,3,v8716,9.13,965990,,,,0
2006,Saskatchewan,2016A000247,Realized net income,Dollars,81,thousands,3,v8711,9.8,420131,,,,0
2006,Saskatchewan,2016A000247,Value of inventory change,Dollars,81,thousands,3,v8705,9.2,-580654,,,,0
2006,Saskatchewan,2016A000247,"Net income, total",Dollars,81,thousands,3,v8712,9.9,-160523,,,,0
2006,Alberta,2016A000248,"Cash receipts, total",Dollars,81,thousands,3,v8726,10.1,7779064,,,,0
2006,Alberta,2016A000248,Operating expenses after rebates,Dollars,81,thousands,3,v8727,10.11,6756426,,,,0
2006,Alberta,2016A000248,Net cash income,Dollars,81,thousands,3,v8728,10.12,1022638,,,,0
2006,Alberta,2016A000248,Income-in-kind,Dollars,81,thousands,3,v8721,10.5,10876,,,,0
2006,Alberta,2016A000248,Depreciation charges,Dollars,81,thousands,3,v8729,10.13,1194559,,,,0
2006,Alberta,2016A000248,Realized net income,Dollars,81,thousands,3,v8724,10.8,-161045,,,,0
2006,Alberta,2016A000248,Value of inventory change,Dollars,81,thousands,3,v8718,10.2,-286598,,,,0
2006,Alberta,2016A000248,"Net income, total",Dollars,81,thousands,3,v8725,10.9,-447642,,,,0
2006,British Columbia,2016A000259,"Cash receipts, total",Dollars,81,thousands,3,v8739,11.1,2345982,,,,0
2006,British Columbia,2016A000259,Operating expenses after rebates,Dollars,81,thousands,3,v8740,11.11,2070171,,,,0
2006,British Columbia,2016A000259,Net cash income,Dollars,81,thousands,3,v8741,11.12,275811,,,,0
2006,British Columbia,2016A000259,Income-in-kind,Dollars,81,thousands,3,v8734,11.5,3326,,,,0
2006,British Columbia,2016A000259,Depreciation charges,Dollars,81,thousands,3,v8742,11.13,304588,,,,0
2006,British Columbia,2016A000259,Realized net income,Dollars,81,thousands,3,v8737,11.8,-25452,,,,0
2006,British Columbia,2016A000259,Value of inventory change,Dollars,81,thousands,3,v8731,11.2,-38224,,,,0
2006,British Columbia,2016A000259,"Net income, total",Dollars,81,thousands,3,v8738,11.9,-63676,,,,0
2007,Canada,2016A000011124,"Cash receipts, total",Dollars,81,thousands,3,v8622,1.1,40865566,,,,0
2007,Canada,2016A000011124,Operating expenses after rebates,Dollars,81,thousands,3,v8623,1.11,33756407,,,,0
2007,Canada,2016A000011124,Net cash income,Dollars,81,thousands,3,v8624,1.12,7109159,,,,0
2007,Canada,2016A000011124,Income-in-kind,Dollars,81,thousands,3,v8617,1.5,42826,,,,0
2007,Canada,2016A000011124,Depreciation charges,Dollars,81,thousands,3,v8625,1.13,5033501,,,,0
2007,Canada,2016A000011124,Realized net income,Dollars,81,thousands,3,v8620,1.8,2118484,,,,0
2007,Canada,2016A000011124,Value of inventory change,Dollars,81,thousands,3,v8614,1.2,-988628,,,,0
2007,Canada,2016A000011124,"Net income, total",Dollars,81,thousands,3,v8621,1.9,1129856,,,,0
2007,Newfoundland and Labrador,2016A000210,"Cash receipts, total",Dollars,81,thousands,3,v8076,2.1,106103,,,,0
2007,Newfoundland and Labrador,2016A000210,Operating expenses after rebates,Dollars,81,thousands,3,v8077,2.11,95226,,,,0
2007,Newfoundland and Labrador,2016A000210,Net cash income,Dollars,81,thousands,3,v8078,2.12,10876,,,,0
2007,Newfoundland and Labrador,2016A000210,Income-in-kind,Dollars,81,thousands,3,v8073,2.5,425,,,,0
2007,Newfoundland and Labrador,2016A000210,Depreciation charges,Dollars,81,thousands,3,v8079,2.13,7779,,,,0
2007,Newfoundland and Labrador,2016A000210,Realized net income,Dollars,81,thousands,3,v8074,2.8,3523,,,,0
2007,Newfoundland and Labrador,2016A000210,Value of inventory change,Dollars,81,thousands,3,v8072,2.2,-74,,,,0
2007,Newfoundland and Labrador,2016A000210,"Net income, total",Dollars,81,thousands,3,v8075,2.9,3449,,,,0
2007,Prince Edward Island,2016A000211,"Cash receipts, total",Dollars,81,thousands,3,v8635,3.1,384753,,,,0
2007,Prince Edward Island,2016A000211,Operating expenses after rebates,Dollars,81,thousands,3,v8636,3.11,329144,,,,0
2007,Prince Edward Island,2016A000211,Net cash income,Dollars,81,thousands,3,v8637,3.12,55609,,,,0
2007,Prince Edward Island,2016A000211,Income-in-kind,Dollars,81,thousands,3,v8630,3.5,647,,,,0
2007,Prince Edward Island,2016A000211,Depreciation charges,Dollars,81,thousands,3,v8638,3.13,40166,,,,0
2007,Prince Edward Island,2016A000211,Realized net income,Dollars,81,thousands,3,v8633,3.8,16090,,,,0
2007,Prince Edward Island,2016A000211,Value of inventory change,Dollars,81,thousands,3,v8627,3.2,-25227,,,,0
2007,Prince Edward Island,2016A000211,"Net income, total",Dollars,81,thousands,3,v8634,3.9,-9137,,,,0
2007,Nova Scotia,2016A000212,"Cash receipts, total",Dollars,81,thousands,3,v8648,4.1,458952,,,,0
2007,Nova Scotia,2016A000212,Operating expenses after rebates,Dollars,81,thousands,3,v8649,4.11,399768,,,,0
2007,Nova Scotia,2016A000212,Net cash income,Dollars,81,thousands,3,v8650,4.12,59184,,,,0
2007,Nova Scotia,2016A000212,Income-in-kind,Dollars,81,thousands,3,v8643,4.5,1017,,,,0
2007,Nova Scotia,2016A000212,Depreciation charges,Dollars,81,thousands,3,v8651,4.13,54462,,,,0
2007,Nova Scotia,2016A000212,Realized net income,Dollars,81,thousands,3,v8646,4.8,5739,,,,0
2007,Nova Scotia,2016A000212,Value of inventory change,Dollars,81,thousands,3,v8640,4.2,11,,,,0
2007,Nova Scotia,2016A000212,"Net income, total",Dollars,81,thousands,3,v8647,4.9,5749,,,,0
2007,New Brunswick,2016A000213,"Cash receipts, total",Dollars,81,thousands,3,v8661,5.1,457102,,,,0
2007,New Brunswick,2016A000213,Operating expenses after rebates,Dollars,81,thousands,3,v8662,5.11,391092,,,,0
2007,New Brunswick,2016A000213,Net cash income,Dollars,81,thousands,3,v8663,5.12,66010,,,,0
2007,New Brunswick,2016A000213,Income-in-kind,Dollars,81,thousands,3,v8656,5.5,977,,,,0
2007,New Brunswick,2016A000213,Depreciation charges,Dollars,81,thousands,3,v8664,5.13,53506,,,,0
2007,New Brunswick,2016A000213,Realized net income,Dollars,81,thousands,3,v8659,5.8,13480,,,,0
2007,New Brunswick,2016A000213,Value of inventory change,Dollars,81,thousands,3,v8653,5.2,-12803,,,,0
2007,New Brunswick,2016A000213,"Net income, total",Dollars,81,thousands,3,v8660,5.9,678,,,,0
2007,Quebec,2016A000224,"Cash receipts, total",Dollars,81,thousands,3,v8674,6.1,6920080,,,,0
2007,Quebec,2016A000224,Operating expenses after rebates,Dollars,81,thousands,3,v8675,6.11,5590136,,,,0
2007,Quebec,2016A000224,Net cash income,Dollars,81,thousands,3,v8676,6.12,1329944,,,,0
2007,Quebec,2016A000224,Income-in-kind,Dollars,81,thousands,3,v8669,6.5,11494,,,,0
2007,Quebec,2016A000224,Depreciation charges,Dollars,81,thousands,3,v8677,6.13,692178,,,,0
2007,Quebec,2016A000224,Realized net income,Dollars,81,thousands,3,v8672,6.8,649260,,,,0
2007,Quebec,2016A000224,Value of inventory change,Dollars,81,thousands,3,v8666,6.2,81697,,,,0
2007,Quebec,2016A000224,"Net income, total",Dollars,81,thousands,3,v8673,6.9,730957,,,,0
2007,Ontario,2016A000235,"Cash receipts, total",Dollars,81,thousands,3,v8687,7.1,9272840,,,,0
2007,Ontario,2016A000235,Operating expenses after rebates,Dollars,81,thousands,3,v8688,7.11,8050336,,,,0
2007,Ontario,2016A000235,Net cash income,Dollars,81,thousands,3,v8689,7.12,1222504,,,,0
2007,Ontario,2016A000235,Income-in-kind,Dollars,81,thousands,3,v8682,7.5,9082,,,,0
2007,Ontario,2016A000235,Depreciation charges,Dollars,81,thousands,3,v8690,7.13,1145495,,,,0
2007,Ontario,2016A000235,Realized net income,Dollars,81,thousands,3,v8685,7.8,86091,,,,0
2007,Ontario,2016A000235,Value of inventory change,Dollars,81,thousands,3,v8679,7.2,-228753,,,,0
2007,Ontario,2016A000235,"Net income, total",Dollars,81,thousands,3,v8686,7.9,-142662,,,,0
2007,Manitoba,2016A000246,"Cash receipts, total",Dollars,81,thousands,3,v8700,8.1,4389123,,,,0
2007,Manitoba,2016A000246,Operating expenses after rebates,Dollars,81,thousands,3,v8701,8.11,3551446,,,,0
2007,Manitoba,2016A000246,Net cash income,Dollars,81,thousands,3,v8702,8.12,837677,,,,0
2007,Manitoba,2016A000246,Income-in-kind,Dollars,81,thousands,3,v8695,8.5,3347,,,,0
2007,Manitoba,2016A000246,Depreciation charges,Dollars,81,thousands,3,v8703,8.13,465934,,,,0
2007,Manitoba,2016A000246,Realized net income,Dollars,81,thousands,3,v8698,8.8,375090,,,,0
2007,Manitoba,2016A000246,Value of inventory change,Dollars,81,thousands,3,v8692,8.2,-103535,,,,0
2007,Manitoba,2016A000246,"Net income, total",Dollars,81,thousands,3,v8699,8.9,271555,,,,0
2007,Saskatchewan,2016A000247,"Cash receipts, total",Dollars,81,thousands,3,v8713,9.1,7803887,,,,0
2007,Saskatchewan,2016A000247,Operating expenses after rebates,Dollars,81,thousands,3,v8714,9.11,5927004,,,,0
2007,Saskatchewan,2016A000247,Net cash income,Dollars,81,thousands,3,v8715,9.12,1876884,,,,0
2007,Saskatchewan,2016A000247,Income-in-kind,Dollars,81,thousands,3,v8708,9.5,4412,,,,0
2007,Saskatchewan,2016A000247,Depreciation charges,Dollars,81,thousands,3,v8716,9.13,1010173,,,,0
2007,Saskatchewan,2016A000247,Realized net income,Dollars,81,thousands,3,v8711,9.8,871123,,,,0
2007,Saskatchewan,2016A000247,Value of inventory change,Dollars,81,thousands,3,v8705,9.2,-392491,,,,0
2007,Saskatchewan,2016A000247,"Net income, total",Dollars,81,thousands,3,v8712,9.9,478632,,,,0
2007,Alberta,2016A000248,"Cash receipts, total",Dollars,81,thousands,3,v8726,10.1,8691514,,,,0
2007,Alberta,2016A000248,Operating expenses after rebates,Dollars,81,thousands,3,v8727,10.11,7226787,,,,0
2007,Alberta,2016A000248,Net cash income,Dollars,81,thousands,3,v8728,10.12,1464727,,,,0
2007,Alberta,2016A000248,Income-in-kind,Dollars,81,thousands,3,v8721,10.5,8154,,,,0
2007,Alberta,2016A000248,Depreciation charges,Dollars,81,thousands,3,v8729,10.13,1238716,,,,0
2007,Alberta,2016A000248,Realized net income,Dollars,81,thousands,3,v8724,10.8,234164,,,,0
2007,Alberta,2016A000248,Value of inventory change,Dollars,81,thousands,3,v8718,10.2,-289055,,,,0
2007,Alberta,2016A000248,"Net income, total",Dollars,81,thousands,3,v8725,10.9,-54891,,,,0
2007,British Columbia,2016A000259,"Cash receipts, total",Dollars,81,thousands,3,v8739,11.1,2381213,,,,0
2007,British Columbia,2016A000259,Operating expenses after rebates,Dollars,81,thousands,3,v8740,11.11,2195469,,,,0
2007,British Columbia,2016A000259,Net cash income,Dollars,81,thousands,3,v8741,11.12,185744,,,,0
2007,British Columbia,2016A000259,Income-in-kind,Dollars,81,thousands,3,v8734,11.5,3271,,,,0
2007,British Columbia,2016A000259,Depreciation charges,Dollars,81,thousands,3,v8742,11.13,325092,,,,0
2007,British Columbia,2016A000259,Realized net income,Dollars,81,thousands,3,v8737,11.8,-136076,,,,0
2007,British Columbia,2016A000259,Value of inventory change,Dollars,81,thousands,3,v8731,11.2,-18396,,,,0
2007,British Columbia,2016A000259,"Net income, total",Dollars,81,thousands,3,v8738,11.9,-154472,,,,0
2008,Canada,2016A000011124,"Cash receipts, total",Dollars,81,thousands,3,v8622,1.1,46059835,,,,0
2008,Canada,2016A000011124,Operating expenses after rebates,Dollars,81,thousands,3,v8623,1.11,37128162,,,,0
2008,Canada,2016A000011124,Net cash income,Dollars,81,thousands,3,v8624,1.12,8931673,,,,0
2008,Canada,2016A000011124,Income-in-kind,Dollars,81,thousands,3,v8617,1.5,42854,,,,0
2008,Canada,2016A000011124,Depreciation charges,Dollars,81,thousands,3,v8625,1.13,5220724,,,,0
2008,Canada,2016A000011124,Realized net income,Dollars,81,thousands,3,v8620,1.8,3753804,,,,0
2008,Canada,2016A000011124,Value of inventory change,Dollars,81,thousands,3,v8614,1.2,3260137,,,,0
2008,Canada,2016A000011124,"Net income, total",Dollars,81,thousands,3,v8621,1.9,7013941,,,,0
2008,Newfoundland and Labrador,2016A000210,"Cash receipts, total",Dollars,81,thousands,3,v8076,2.1,109323,,,,0
2008,Newfoundland and Labrador,2016A000210,Operating expenses after rebates,Dollars,81,thousands,3,v8077,2.11,101655,,,,0
2008,Newfoundland and Labrador,2016A000210,Net cash income,Dollars,81,thousands,3,v8078,2.12,7668,,,,0
2008,Newfoundland and Labrador,2016A000210,Income-in-kind,Dollars,81,thousands,3,v8073,2.5,468,,,,0
2008,Newfoundland and Labrador,2016A000210,Depreciation charges,Dollars,81,thousands,3,v8079,2.13,7981,,,,0
2008,Newfoundland and Labrador,2016A000210,Realized net income,Dollars,81,thousands,3,v8074,2.8,154,,,,0
2008,Newfoundland and Labrador,2016A000210,Value of inventory change,Dollars,81,thousands,3,v8072,2.2,-1056,,,,0
2008,Newfoundland and Labrador,2016A000210,"Net income, total",Dollars,81,thousands,3,v8075,2.9,-901,,,,0
2008,Prince Edward Island,2016A000211,"Cash receipts, total",Dollars,81,thousands,3,v8635,3.1,394369,,,,0
2008,Prince Edward Island,2016A000211,Operating expenses after rebates,Dollars,81,thousands,3,v8636,3.11,348408,,,,0
2008,Prince Edward Island,2016A000211,Net cash income,Dollars,81,thousands,3,v8637,3.12,45961,,,,0
2008,Prince Edward Island,2016A000211,Income-in-kind,Dollars,81,thousands,3,v8630,3.5,570,,,,0
2008,Prince Edward Island,2016A000211,Depreciation charges,Dollars,81,thousands,3,v8638,3.13,40918,,,,0
2008,Prince Edward Island,2016A000211,Realized net income,Dollars,81,thousands,3,v8633,3.8,5613,,,,0
2008,Prince Edward Island,2016A000211,Value of inventory change,Dollars,81,thousands,3,v8627,3.2,-26243,,,,0
2008,Prince Edward Island,2016A000211,"Net income, total",Dollars,81,thousands,3,v8634,3.9,-20629,,,,0
2008,Nova Scotia,2016A000212,"Cash receipts, total",Dollars,81,thousands,3,v8648,4.1,488520,,,,0
2008,Nova Scotia,2016A000212,Operating expenses after rebates,Dollars,81,thousands,3,v8649,4.11,431161,,,,0
2008,Nova Scotia,2016A000212,Net cash income,Dollars,81,thousands,3,v8650,4.12,57359,,,,0
2008,Nova Scotia,2016A000212,Income-in-kind,Dollars,81,thousands,3,v8643,4.5,1008,,,,0
2008,Nova Scotia,2016A000212,Depreciation charges,Dollars,81,thousands,3,v8651,4.13,56631,,,,0
2008,Nova Scotia,2016A000212,Realized net income,Dollars,81,thousands,3,v8646,4.8,1736,,,,0
2008,Nova Scotia,2016A000212,Value of inventory change,Dollars,81,thousands,3,v8640,4.2,-925,,,,0
2008,Nova Scotia,2016A000212,"Net income, total",Dollars,81,thousands,3,v8647,4.9,811,,,,0
2008,New Brunswick,2016A000213,"Cash receipts, total",Dollars,81,thousands,3,v8661,5.1,476515,,,,0
2008,New Brunswick,2016A000213,Operating expenses after rebates,Dollars,81,thousands,3,v8662,5.11,411493,,,,0
2008,New Brunswick,2016A000213,Net cash income,Dollars,81,thousands,3,v8663,5.12,65022,,,,0
2008,New Brunswick,2016A000213,Income-in-kind,Dollars,81,thousands,3,v8656,5.5,889,,,,0
2008,New Brunswick,2016A000213,Depreciation charges,Dollars,81,thousands,3,v8664,5.13,52169,,,,0
2008,New Brunswick,2016A000213,Realized net income,Dollars,81,thousands,3,v8659,5.8,13742,,,,0
2008,New Brunswick,2016A000213,Value of inventory change,Dollars,81,thousands,3,v8653,5.2,-19358,,,,0
2008,New Brunswick,2016A000213,"Net income, total",Dollars,81,thousands,3,v8660,5.9,-5616,,,,0
2008,Quebec,2016A000224,"Cash receipts, total",Dollars,81,thousands,3,v8674,6.1,7573278,,,,0
2008,Quebec,2016A000224,Operating expenses after rebates,Dollars,81,thousands,3,v8675,6.11,5940242,,,,0
2008,Quebec,2016A000224,Net cash income,Dollars,81,thousands,3,v8676,6.12,1633035,,,,0
2008,Quebec,2016A000224,Income-in-kind,Dollars,81,thousands,3,v8669,6.5,11938,,,,0
2008,Quebec,2016A000224,Depreciation charges,Dollars,81,thousands,3,v8677,6.13,721264,,,,0
2008,Quebec,2016A000224,Realized net income,Dollars,81,thousands,3,v8672,6.8,923709,,,,0
2008,Quebec,2016A000224,Value of inventory change,Dollars,81,thousands,3,v8666,6.2,-169364,,,,0
2008,Quebec,2016A000224,"Net income, total",Dollars,81,thousands,3,v8673,6.9,754345,,,,0
2008,Ontario,2016A000235,"Cash receipts, total",Dollars,81,thousands,3,v8687,7.1,10046738,,,,0
2008,Ontario,2016A000235,Operating expenses after rebates,Dollars,81,thousands,3,v8688,7.11,8553133,,,,0
2008,Ontario,2016A000235,Net cash income,Dollars,81,thousands,3,v8689,7.12,1493605,,,,0
2008,Ontario,2016A000235,Income-in-kind,Dollars,81,thousands,3,v8682,7.5,8802,,,,0
2008,Ontario,2016A000235,Depreciation charges,Dollars,81,thousands,3,v8690,7.13,1176544,,,,0
2008,Ontario,2016A000235,Realized net income,Dollars,81,thousands,3,v8685,7.8,325864,,,,0
2008,Ontario,2016A000235,Value of inventory change,Dollars,81,thousands,3,v8679,7.2,44205,,,,0
2008,Ontario,2016A000235,"Net income, total",Dollars,81,thousands,3,v8686,7.9,370068,,,,0
2008,Manitoba,2016A000246,"Cash receipts, total",Dollars,81,thousands,3,v8700,8.1,4843809,,,,0
2008,Manitoba,2016A000246,Operating expenses after rebates,Dollars,81,thousands,3,v8701,8.11,3999012,,,,0
2008,Manitoba,2016A000246,Net cash income,Dollars,81,thousands,3,v8702,8.12,844796,,,,0
2008,Manitoba,2016A000246,Income-in-kind,Dollars,81,thousands,3,v8695,8.5,3336,,,,0
2008,Manitoba,2016A000246,Depreciation charges,Dollars,81,thousands,3,v8703,8.13,490202,,,,0
2008,Manitoba,2016A000246,Realized net income,Dollars,81,thousands,3,v8698,8.8,357930,,,,0
2008,Manitoba,2016A000246,Value of inventory change,Dollars,81,thousands,3,v8692,8.2,521457,,,,0
2008,Manitoba,2016A000246,"Net income, total",Dollars,81,thousands,3,v8699,8.9,879388,,,,0
2008,Saskatchewan,2016A000247,"Cash receipts, total",Dollars,81,thousands,3,v8713,9.1,9427015,,,,0
2008,Saskatchewan,2016A000247,Operating expenses after rebates,Dollars,81,thousands,3,v8714,9.11,6879810,,,,0
2008,Saskatchewan,2016A000247,Net cash income,Dollars,81,thousands,3,v8715,9.12,2547205,,,,0
2008,Saskatchewan,2016A000247,Income-in-kind,Dollars,81,thousands,3,v8708,9.5,4338,,,,0
2008,Saskatchewan,2016A000247,Depreciation charges,Dollars,81,thousands,3,v8716,9.13,1043178,,,,0
2008,Saskatchewan,2016A000247,Realized net income,Dollars,81,thousands,3,v8711,9.8,1508365,,,,0
2008,Saskatchewan,2016A000247,Value of inventory change,Dollars,81,thousands,3,v8705,9.2,2208744,,,,0
2008,Saskatchewan,2016A000247,"Net income, total",Dollars,81,thousands,3,v8712,9.9,3717109,,,,0
2008,Alberta,2016A000248,"Cash receipts, total",Dollars,81,thousands,3,v8726,10.1,10178520,,,,0
2008,Alberta,2016A000248,Operating expenses after rebates,Dollars,81,thousands,3,v8727,10.11,8071086,,,,0
2008,Alberta,2016A000248,Net cash income,Dollars,81,thousands,3,v8728,10.12,2107434,,,,0
2008,Alberta,2016A000248,Income-in-kind,Dollars,81,thousands,3,v8721,10.5,8051,,,,0
2008,Alberta,2016A000248,Depreciation charges,Dollars,81,thousands,3,v8729,10.13,1282428,,,,0
2008,Alberta,2016A000248,Realized net income,Dollars,81,thousands,3,v8724,10.8,833057,,,,0
2008,Alberta,2016A000248,Value of inventory change,Dollars,81,thousands,3,v8718,10.2,738440,,,,0
2008,Alberta,2016A000248,"Net income, total",Dollars,81,thousands,3,v8725,10.9,1571498,,,,0
2008,British Columbia,2016A000259,"Cash receipts, total",Dollars,81,thousands,3,v8739,11.1,2521749,,,,0
2008,British Columbia,2016A000259,Operating expenses after rebates,Dollars,81,thousands,3,v8740,11.11,2392162,,,,0
2008,British Columbia,2016A000259,Net cash income,Dollars,81,thousands,3,v8741,11.12,129587,,,,0
2008,British Columbia,2016A000259,Income-in-kind,Dollars,81,thousands,3,v8734,11.5,3455,,,,0
2008,British Columbia,2016A000259,Depreciation charges,Dollars,81,thousands,3,v8742,11.13,349410,,,,0
2008,British Columbia,2016A000259,Realized net income,Dollars,81,thousands,3,v8737,11.8,-216368,,,,0
2008,British Columbia,2016A000259,Value of inventory change,Dollars,81,thousands,3,v8731,11.2,-35764,,,,0
2008,British Columbia,2016A000259,"Net income, total",Dollars,81,thousands,3,v8738,11.9,-252132,,,,0
2009,Canada,2016A000011124,"Cash receipts, total",Dollars,81,thousands,3,v8622,1.1,44559519,,,,0
2009,Canada,2016A000011124,Operating expenses after rebates,Dollars,81,thousands,3,v8623,1.11,36078927,,,,0
2009,Canada,2016A000011124,Net cash income,Dollars,81,thousands,3,v8624,1.12,8480592,,,,0
2009,Canada,2016A000011124,Income-in-kind,Dollars,81,thousands,3,v8617,1.5,39929,,,,0
2009,Canada,2016A000011124,Depreciation charges,Dollars,81,thousands,3,v8625,1.13,5497759,,,,0
2009,Canada,2016A000011124,Realized net income,Dollars,81,thousands,3,v8620,1.8,3022761,,,,0
2009,Canada,2016A000011124,Value of inventory change,Dollars,81,thousands,3,v8614,1.2,-175920,,,,0
2009,Canada,2016A000011124,"Net income, total",Dollars,81,thousands,3,v8621,1.9,2846841,,,,0
2009,Newfoundland and Labrador,2016A000210,"Cash receipts, total",Dollars,81,thousands,3,v8076,2.1,107805,,,,0
2009,Newfoundland and Labrador,2016A000210,Operating expenses after rebates,Dollars,81,thousands,3,v8077,2.11,104326,,,,0
2009,Newfoundland and Labrador,2016A000210,Net cash income,Dollars,81,thousands,3,v8078,2.12,3480,,,,0
2009,Newfoundland and Labrador,2016A000210,Income-in-kind,Dollars,81,thousands,3,v8073,2.5,368,,,,0
2009,Newfoundland and Labrador,2016A000210,Depreciation charges,Dollars,81,thousands,3,v8079,2.13,8320,,,,0
2009,Newfoundland and Labrador,2016A000210,Realized net income,Dollars,81,thousands,3,v8074,2.8,-4472,,,,0
2009,Newfoundland and Labrador,2016A000210,Value of inventory change,Dollars,81,thousands,3,v8072,2.2,3,,,,0
2009,Newfoundland and Labrador,2016A000210,"Net income, total",Dollars,81,thousands,3,v8075,2.9,-4469,,,,0
2009,Prince Edward Island,2016A000211,"Cash receipts, total",Dollars,81,thousands,3,v8635,3.1,410721,,,,0
2009,Prince Edward Island,2016A000211,Operating expenses after rebates,Dollars,81,thousands,3,v8636,3.11,361283,,,,0
2009,Prince Edward Island,2016A000211,Net cash income,Dollars,81,thousands,3,v8637,3.12,49438,,,,0
2009,Prince Edward Island,2016A000211,Income-in-kind,Dollars,81,thousands,3,v8630,3.5,480,,,,0
2009,Prince Edward Island,2016A000211,Depreciation charges,Dollars,81,thousands,3,v8638,3.13,41650,,,,0
2009,Prince Edward Island,2016A000211,Realized net income,Dollars,81,thousands,3,v8633,3.8,8267,,,,0
2009,Prince Edward Island,2016A000211,Value of inventory change,Dollars,81,thousands,3,v8627,3.2,-3169,,,,0
2009,Prince Edward Island,2016A000211,"Net income, total",Dollars,81,thousands,3,v8634,3.9,5098,,,,0
2009,Nova Scotia,2016A000212,"Cash receipts, total",Dollars,81,thousands,3,v8648,4.1,462744,,,,0
2009,Nova Scotia,2016A000212,Operating expenses after rebates,Dollars,81,thousands,3,v8649,4.11,419696,,,,0
2009,Nova Scotia,2016A000212,Net cash income,Dollars,81,thousands,3,v8650,4.12,43047,,,,0
2009,Nova Scotia,2016A000212,Income-in-kind,Dollars,81,thousands,3,v8643,4.5,955,,,,0
2009,Nova Scotia,2016A000212,Depreciation charges,Dollars,81,thousands,3,v8651,4.13,59698,,,,0
2009,Nova Scotia,2016A000212,Realized net income,Dollars,81,thousands,3,v8646,4.8,-15696,,,,0
2009,Nova Scotia,2016A000212,Value of inventory change,Dollars,81,thousands,3,v8640,4.2,-10590,,,,0
2009,Nova Scotia,2016A000212,"Net income, total",Dollars,81,thousands,3,v8647,4.9,-26287,,,,0
2009,New Brunswick,2016A000213,"Cash receipts, total",Dollars,81,thousands,3,v8661,5.1,501530,,,,0
2009,New Brunswick,2016A000213,Operating expenses after rebates,Dollars,81,thousands,3,v8662,5.11,417853,,,,0
2009,New Brunswick,2016A000213,Net cash income,Dollars,81,thousands,3,v8663,5.12,83677,,,,0
2009,New Brunswick,2016A000213,Income-in-kind,Dollars,81,thousands,3,v8656,5.5,852,,,,0
2009,New Brunswick,2016A000213,Depreciation charges,Dollars,81,thousands,3,v8664,5.13,54133,,,,0
2009,New Brunswick,2016A000213,Realized net income,Dollars,81,thousands,3,v8659,5.8,30397,,,,0
2009,New Brunswick,2016A000213,Value of inventory change,Dollars,81,thousands,3,v8653,5.2,2690,,,,0
2009,New Brunswick,2016A000213,"Net income, total",Dollars,81,thousands,3,v8660,5.9,33086,,,,0
2009,Quebec,2016A000224,"Cash receipts, total",Dollars,81,thousands,3,v8674,6.1,7442757,,,,0
2009,Quebec,2016A000224,Operating expenses after rebates,Dollars,81,thousands,3,v8675,6.11,5816597,,,,0
2009,Quebec,2016A000224,Net cash income,Dollars,81,thousands,3,v8676,6.12,1626160,,,,0
2009,Quebec,2016A000224,Income-in-kind,Dollars,81,thousands,3,v8669,6.5,11095,,,,0
2009,Quebec,2016A000224,Depreciation charges,Dollars,81,thousands,3,v8677,6.13,769383,,,,0
2009,Quebec,2016A000224,Realized net income,Dollars,81,thousands,3,v8672,6.8,867873,,,,0
2009,Quebec,2016A000224,Value of inventory change,Dollars,81,thousands,3,v8666,6.2,-77101,,,,0
2009,Quebec,2016A000224,"Net income, total",Dollars,81,thousands,3,v8673,6.9,790772,,,,0
2009,Ontario,2016A000235,"Cash receipts, total",Dollars,81,thousands,3,v8687,7.1,9684732,,,,0
2009,Ontario,2016A000235,Operating expenses after rebates,Dollars,81,thousands,3,v8688,7.11,8465811,,,,0
2009,Ontario,2016A000235,Net cash income,Dollars,81,thousands,3,v8689,7.12,1218921,,,,0
2009,Ontario,2016A000235,Income-in-kind,Dollars,81,thousands,3,v8682,7.5,8407,,,,0
2009,Ontario,2016A000235,Depreciation charges,Dollars,81,thousands,3,v8690,7.13,1217194,,,,0
2009,Ontario,2016A000235,Realized net income,Dollars,81,thousands,3,v8685,7.8,10135,,,,0
2009,Ontario,2016A000235,Value of inventory change,Dollars,81,thousands,3,v8679,7.2,-317,,,,0
2009,Ontario,2016A000235,"Net income, total",Dollars,81,thousands,3,v8686,7.9,9818,,,,0
2009,Manitoba,2016A000246,"Cash receipts, total",Dollars,81,thousands,3,v8700,8.1,4853362,,,,0
2009,Manitoba,2016A000246,Operating expenses after rebates,Dollars,81,thousands,3,v8701,8.11,3868616,,,,0
2009,Manitoba,2016A000246,Net cash income,Dollars,81,thousands,3,v8702,8.12,984746,,,,0
2009,Manitoba,2016A000246,Income-in-kind,Dollars,81,thousands,3,v8695,8.5,2762,,,,0
2009,Manitoba,2016A000246,Depreciation charges,Dollars,81,thousands,3,v8703,8.13,520003,,,,0
2009,Manitoba,2016A000246,Realized net income,Dollars,81,thousands,3,v8698,8.8,467504,,,,0
2009,Manitoba,2016A000246,Value of inventory change,Dollars,81,thousands,3,v8692,8.2,33721,,,,0
2009,Manitoba,2016A000246,"Net income, total",Dollars,81,thousands,3,v8699,8.9,501225,,,,0
2009,Saskatchewan,2016A000247,"Cash receipts, total",Dollars,81,thousands,3,v8713,9.1,9244398,,,,0
2009,Saskatchewan,2016A000247,Operating expenses after rebates,Dollars,81,thousands,3,v8714,9.11,6660982,,,,0
2009,Saskatchewan,2016A000247,Net cash income,Dollars,81,thousands,3,v8715,9.12,2583417,,,,0
2009,Saskatchewan,2016A000247,Income-in-kind,Dollars,81,thousands,3,v8708,9.5,4236,,,,0
2009,Saskatchewan,2016A000247,Depreciation charges,Dollars,81,thousands,3,v8716,9.13,1132381,,,,0
2009,Saskatchewan,2016A000247,Realized net income,Dollars,81,thousands,3,v8711,9.8,1455271,,,,0
2009,Saskatchewan,2016A000247,Value of inventory change,Dollars,81,thousands,3,v8705,9.2,527934,,,,0
2009,Saskatchewan,2016A000247,"Net income, total",Dollars,81,thousands,3,v8712,9.9,1983205,,,,0
2009,Alberta,2016A000248,"Cash receipts, total",Dollars,81,thousands,3,v8726,10.1,9326081,,,,0
2009,Alberta,2016A000248,Operating expenses after rebates,Dollars,81,thousands,3,v8727,10.11,7702104,,,,0
2009,Alberta,2016A000248,Net cash income,Dollars,81,thousands,3,v8728,10.12,1623977,,,,0
2009,Alberta,2016A000248,Income-in-kind,Dollars,81,thousands,3,v8721,10.5,7011,,,,0
2009,Alberta,2016A000248,Depreciation charges,Dollars,81,thousands,3,v8729,10.13,1335727,,,,0
2009,Alberta,2016A000248,Realized net income,Dollars,81,thousands,3,v8724,10.8,295261,,,,0
2009,Alberta,2016A000248,Value of inventory change,Dollars,81,thousands,3,v8718,10.2,-623961,,,,0
2009,Alberta,2016A000248,"Net income, total",Dollars,81,thousands,3,v8725,10.9,-328700,,,,0
2009,British Columbia,2016A000259,"Cash receipts, total",Dollars,81,thousands,3,v8739,11.1,2525388,,,,0
2009,British Columbia,2016A000259,Operating expenses after rebates,Dollars,81,thousands,3,v8740,11.11,2261660,,,,0
2009,British Columbia,2016A000259,Net cash income,Dollars,81,thousands,3,v8741,11.12,263729,,,,0
2009,British Columbia,2016A000259,Income-in-kind,Dollars,81,thousands,3,v8734,11.5,3763,,,,0
2009,British Columbia,2016A000259,Depreciation charges,Dollars,81,thousands,3,v8742,11.13,359270,,,,0
2009,British Columbia,2016A000259,Realized net income,Dollars,81,thousands,3,v8737,11.8,-91778,,,,0
2009,British Columbia,2016A000259,Value of inventory change,Dollars,81,thousands,3,v8731,11.2,-25130,,,,0
2009,British Columbia,2016A000259,"Net income, total",Dollars,81,thousands,3,v8738,11.9,-116908,,,,0
2010,Canada,2016A000011124,"Cash receipts, total",Dollars,81,thousands,3,v8622,1.1,44455276,,,,0
2010,Canada,2016A000011124,Operating expenses after rebates,Dollars,81,thousands,3,v8623,1.11,35424634,,,,0
2010,Canada,2016A000011124,Net cash income,Dollars,81,thousands,3,v8624,1.12,9030642,,,,0
2010,Canada,2016A000011124,Income-in-kind,Dollars,81,thousands,3,v8617,1.5,41445,,,,0
2010,Canada,2016A000011124,Depreciation charges,Dollars,81,thousands,3,v8625,1.13,5509504,,,,0
2010,Canada,2016A000011124,Realized net income,Dollars,81,thousands,3,v8620,1.8,3562583,,,,0
2010,Canada,2016A000011124,Value of inventory change,Dollars,81,thousands,3,v8614,1.2,-1123431,,,,0
2010,Canada,2016A000011124,"Net income, total",Dollars,81,thousands,3,v8621,1.9,2439153,,,,0
2010,Newfoundland and Labrador,2016A000210,"Cash receipts, total",Dollars,81,thousands,3,v8076,2.1,117290,,,,0
2010,Newfoundland and Labrador,2016A000210,Operating expenses after rebates,Dollars,81,thousands,3,v8077,2.11,103242,,,,0
2010,Newfoundland and Labrador,2016A000210,Net cash income,Dollars,81,thousands,3,v8078,2.12,14048,,,,0
2010,Newfoundland and Labrador,2016A000210,Income-in-kind,Dollars,81,thousands,3,v8073,2.5,339,,,,0
2010,Newfoundland and Labrador,2016A000210,Depreciation charges,Dollars,81,thousands,3,v8079,2.13,8338,,,,0
2010,Newfoundland and Labrador,2016A000210,Realized net income,Dollars,81,thousands,3,v8074,2.8,6049,,,,0
2010,Newfoundland and Labrador,2016A000210,Value of inventory change,Dollars,81,thousands,3,v8072,2.2,-431,,,,0
2010,Newfoundland and Labrador,2016A000210,"Net income, total",Dollars,81,thousands,3,v8075,2.9,5619,,,,0
2010,Prince Edward Island,2016A000211,"Cash receipts, total",Dollars,81,thousands,3,v8635,3.1,410896,,,,0
2010,Prince Edward Island,2016A000211,Operating expenses after rebates,Dollars,81,thousands,3,v8636,3.11,348132,,,,0
2010,Prince Edward Island,2016A000211,Net cash income,Dollars,81,thousands,3,v8637,3.12,62764,,,,0
2010,Prince Edward Island,2016A000211,Income-in-kind,Dollars,81,thousands,3,v8630,3.5,416,,,,0
2010,Prince Edward Island,2016A000211,Depreciation charges,Dollars,81,thousands,3,v8638,3.13,40759,,,,0
2010,Prince Edward Island,2016A000211,Realized net income,Dollars,81,thousands,3,v8633,3.8,22420,,,,0
2010,Prince Edward Island,2016A000211,Value of inventory change,Dollars,81,thousands,3,v8627,3.2,17095,,,,0
2010,Prince Edward Island,2016A000211,"Net income, total",Dollars,81,thousands,3,v8634,3.9,39515,,,,0
2010,Nova Scotia,2016A000212,"Cash receipts, total",Dollars,81,thousands,3,v8648,4.1,495598,,,,0
2010,Nova Scotia,2016A000212,Operating expenses after rebates,Dollars,81,thousands,3,v8649,4.11,422429,,,,0
2010,Nova Scotia,2016A000212,Net cash income,Dollars,81,thousands,3,v8650,4.12,73170,,,,0
2010,Nova Scotia,2016A000212,Income-in-kind,Dollars,81,thousands,3,v8643,4.5,937,,,,0
2010,Nova Scotia,2016A000212,Depreciation charges,Dollars,81,thousands,3,v8651,4.13,59135,,,,0
2010,Nova Scotia,2016A000212,Realized net income,Dollars,81,thousands,3,v8646,4.8,14972,,,,0
2010,Nova Scotia,2016A000212,Value of inventory change,Dollars,81,thousands,3,v8640,4.2,463,,,,0
2010,Nova Scotia,2016A000212,"Net income, total",Dollars,81,thousands,3,v8647,4.9,15435,,,,0
2010,New Brunswick,2016A000213,"Cash receipts, total",Dollars,81,thousands,3,v8661,5.1,477619,,,,0
2010,New Brunswick,2016A000213,Operating expenses after rebates,Dollars,81,thousands,3,v8662,5.11,406570,,,,0
2010,New Brunswick,2016A000213,Net cash income,Dollars,81,thousands,3,v8663,5.12,71049,,,,0
2010,New Brunswick,2016A000213,Income-in-kind,Dollars,81,thousands,3,v8656,5.5,827,,,,0
2010,New Brunswick,2016A000213,Depreciation charges,Dollars,81,thousands,3,v8664,5.13,52604,,,,0
2010,New Brunswick,2016A000213,Realized net income,Dollars,81,thousands,3,v8659,5.8,19272,,,,0
2010,New Brunswick,2016A000213,Value of inventory change,Dollars,81,thousands,3,v8653,5.2,9357,,,,0
2010,New Brunswick,2016A000213,"Net income, total",Dollars,81,thousands,3,v8660,5.9,28629,,,,0
2010,Quebec,2016A000224,"Cash receipts, total",Dollars,81,thousands,3,v8674,6.1,7209195,,,,0
2010,Quebec,2016A000224,Operating expenses after rebates,Dollars,81,thousands,3,v8675,6.11,5519318,,,,0
2010,Quebec,2016A000224,Net cash income,Dollars,81,thousands,3,v8676,6.12,1689877,,,,0
2010,Quebec,2016A000224,Income-in-kind,Dollars,81,thousands,3,v8669,6.5,10803,,,,0
2010,Quebec,2016A000224,Depreciation charges,Dollars,81,thousands,3,v8677,6.13,763251,,,,0
2010,Quebec,2016A000224,Realized net income,Dollars,81,thousands,3,v8672,6.8,937429,,,,0
2010,Quebec,2016A000224,Value of inventory change,Dollars,81,thousands,3,v8666,6.2,21119,,,,0
2010,Quebec,2016A000224,"Net income, total",Dollars,81,thousands,3,v8673,6.9,958548,,,,0
2010,Ontario,2016A000235,"Cash receipts, total",Dollars,81,thousands,3,v8687,7.1,10289539,,,,0
2010,Ontario,2016A000235,Operating expenses after rebates,Dollars,81,thousands,3,v8688,7.11,8462184,,,,0
2010,Ontario,2016A000235,Net cash income,Dollars,81,thousands,3,v8689,7.12,1827355,,,,0
2010,Ontario,2016A000235,Income-in-kind,Dollars,81,thousands,3,v8682,7.5,8890,,,,0
2010,Ontario,2016A000235,Depreciation charges,Dollars,81,thousands,3,v8690,7.13,1212000,,,,0
2010,Ontario,2016A000235,Realized net income,Dollars,81,thousands,3,v8685,7.8,624245,,,,0
2010,Ontario,2016A000235,Value of inventory change,Dollars,81,thousands,3,v8679,7.2,-88700,,,,0
2010,Ontario,2016A000235,"Net income, total",Dollars,81,thousands,3,v8686,7.9,535544,,,,0
2010,Manitoba,2016A000246,"Cash receipts, total",Dollars,81,thousands,3,v8700,8.1,4785792,,,,0
2010,Manitoba,2016A000246,Operating expenses after rebates,Dollars,81,thousands,3,v8701,8.11,3773386,,,,0
2010,Manitoba,2016A000246,Net cash income,Dollars,81,thousands,3,v8702,8.12,1012406,,,,0
2010,Manitoba,2016A000246,Income-in-kind,Dollars,81,thousands,3,v8695,8.5,2997,,,,0
2010,Manitoba,2016A000246,Depreciation charges,Dollars,81,thousands,3,v8703,8.13,529544,,,,0
2010,Manitoba,2016A000246,Realized net income,Dollars,81,thousands,3,v8698,8.8,485859,,,,0
2010,Manitoba,2016A000246,Value of inventory change,Dollars,81,thousands,3,v8692,8.2,-562981,,,,0
2010,Manitoba,2016A000246,"Net income, total",Dollars,81,thousands,3,v8699,8.9,-77122,,,,0
2010,Saskatchewan,2016A000247,"Cash receipts, total",Dollars,81,thousands,3,v8713,9.1,9117555,,,,0
2010,Saskatchewan,2016A000247,Operating expenses after rebates,Dollars,81,thousands,3,v8714,9.11,6381064,,,,0
2010,Saskatchewan,2016A000247,Net cash income,Dollars,81,thousands,3,v8715,9.12,2736491,,,,0
2010,Saskatchewan,2016A000247,Income-in-kind,Dollars,81,thousands,3,v8708,9.5,4386,,,,0
2010,Saskatchewan,2016A000247,Depreciation charges,Dollars,81,thousands,3,v8716,9.13,1163217,,,,0
2010,Saskatchewan,2016A000247,Realized net income,Dollars,81,thousands,3,v8711,9.8,1577659,,,,0
2010,Saskatchewan,2016A000247,Value of inventory change,Dollars,81,thousands,3,v8705,9.2,-832353,,,,0
2010,Saskatchewan,2016A000247,"Net income, total",Dollars,81,thousands,3,v8712,9.9,745307,,,,0
2010,Alberta,2016A000248,"Cash receipts, total",Dollars,81,thousands,3,v8726,10.1,9004601,,,,0
2010,Alberta,2016A000248,Operating expenses after rebates,Dollars,81,thousands,3,v8727,10.11,7744233,,,,0
2010,Alberta,2016A000248,Net cash income,Dollars,81,thousands,3,v8728,10.12,1260367,,,,0
2010,Alberta,2016A000248,Income-in-kind,Dollars,81,thousands,3,v8721,10.5,7686,,,,0
2010,Alberta,2016A000248,Depreciation charges,Dollars,81,thousands,3,v8729,10.13,1323298,,,,0
2010,Alberta,2016A000248,Realized net income,Dollars,81,thousands,3,v8724,10.8,-55244,,,,0
2010,Alberta,2016A000248,Value of inventory change,Dollars,81,thousands,3,v8718,10.2,322626,,,,0
2010,Alberta,2016A000248,"Net income, total",Dollars,81,thousands,3,v8725,10.9,267381,,,,0
2010,British Columbia,2016A000259,"Cash receipts, total",Dollars,81,thousands,3,v8739,11.1,2547193,,,,0
2010,British Columbia,2016A000259,Operating expenses after rebates,Dollars,81,thousands,3,v8740,11.11,2264076,,,,0
2010,British Columbia,2016A000259,Net cash income,Dollars,81,thousands,3,v8741,11.12,283117,,,,0
2010,British Columbia,2016A000259,Income-in-kind,Dollars,81,thousands,3,v8734,11.5,4164,,,,0
2010,British Columbia,2016A000259,Depreciation charges,Dollars,81,thousands,3,v8742,11.13,357359,,,,0
2010,British Columbia,2016A000259,Realized net income,Dollars,81,thousands,3,v8737,11.8,-70078,,,,0
2010,British Columbia,2016A000259,Value of inventory change,Dollars,81,thousands,3,v8731,11.2,-9625,,,,0
2010,British Columbia,2016A000259,"Net income, total",Dollars,81,thousands,3,v8738,11.9,-79703,,,,0
2011,Canada,2016A000011124,"Cash receipts, total",Dollars,81,thousands,3,v8622,1.1,49889876,,,,0
2011,Canada,2016A000011124,Operating expenses after rebates,Dollars,81,thousands,3,v8623,1.11,38403018,,,,0
2011,Canada,2016A000011124,Net cash income,Dollars,81,thousands,3,v8624,1.12,11486858,,,,0
2011,Canada,2016A000011124,Income-in-kind,Dollars,81,thousands,3,v8617,1.5,45439,,,,0
2011,Canada,2016A000011124,Depreciation charges,Dollars,81,thousands,3,v8625,1.13,5870596,,,,0
2011,Canada,2016A000011124,Realized net income,Dollars,81,thousands,3,v8620,1.8,5661700,,,,0
2011,Canada,2016A000011124,Value of inventory change,Dollars,81,thousands,3,v8614,1.2,476218,,,,0
2011,Canada,2016A000011124,"Net income, total",Dollars,81,thousands,3,v8621,1.9,6137918,,,,0
2011,Newfoundland and Labrador,2016A000210,"Cash receipts, total",Dollars,81,thousands,3,v8076,2.1,119627,,,,0
2011,Newfoundland and Labrador,2016A000210,Operating expenses after rebates,Dollars,81,thousands,3,v8077,2.11,108915,,,,0
2011,Newfoundland and Labrador,2016A000210,Net cash income,Dollars,81,thousands,3,v8078,2.12,10712,,,,0
2011,Newfoundland and Labrador,2016A000210,Income-in-kind,Dollars,81,thousands,3,v8073,2.5,315,,,,0
2011,Newfoundland and Labrador,2016A000210,Depreciation charges,Dollars,81,thousands,3,v8079,2.13,8719,,,,0
2011,Newfoundland and Labrador,2016A000210,Realized net income,Dollars,81,thousands,3,v8074,2.8,2307,,,,0
2011,Newfoundland and Labrador,2016A000210,Value of inventory change,Dollars,81,thousands,3,v8072,2.2,-213,,,,0
2011,Newfoundland and Labrador,2016A000210,"Net income, total",Dollars,81,thousands,3,v8075,2.9,2094,,,,0
2011,Prince Edward Island,2016A000211,"Cash receipts, total",Dollars,81,thousands,3,v8635,3.1,486981,,,,0
2011,Prince Edward Island,2016A000211,Operating expenses after rebates,Dollars,81,thousands,3,v8636,3.11,368051,,,,0
2011,Prince Edward Island,2016A000211,Net cash income,Dollars,81,thousands,3,v8637,3.12,118930,,,,0
2011,Prince Edward Island,2016A000211,Income-in-kind,Dollars,81,thousands,3,v8630,3.5,334,,,,0
2011,Prince Edward Island,2016A000211,Depreciation charges,Dollars,81,thousands,3,v8638,3.13,42999,,,,0
2011,Prince Edward Island,2016A000211,Realized net income,Dollars,81,thousands,3,v8633,3.8,76265,,,,0
2011,Prince Edward Island,2016A000211,Value of inventory change,Dollars,81,thousands,3,v8627,3.2,-12952,,,,0
2011,Prince Edward Island,2016A000211,"Net income, total",Dollars,81,thousands,3,v8634,3.9,63312,,,,0
2011,Nova Scotia,2016A000212,"Cash receipts, total",Dollars,81,thousands,3,v8648,4.1,531897,,,,0
2011,Nova Scotia,2016A000212,Operating expenses after rebates,Dollars,81,thousands,3,v8649,4.11,441946,,,,0
2011,Nova Scotia,2016A000212,Net cash income,Dollars,81,thousands,3,v8650,4.12,89951,,,,0
2011,Nova Scotia,2016A000212,Income-in-kind,Dollars,81,thousands,3,v8643,4.5,951,,,,0
2011,Nova Scotia,2016A000212,Depreciation charges,Dollars,81,thousands,3,v8651,4.13,61499,,,,0
2011,Nova Scotia,2016A000212,Realized net income,Dollars,81,thousands,3,v8646,4.8,29403,,,,0
2011,Nova Scotia,2016A000212,Value of inventory change,Dollars,81,thousands,3,v8640,4.2,427,,,,0
2011,Nova Scotia,2016A000212,"Net income, total",Dollars,81,thousands,3,v8647,4.9,29830,,,,0
2011,New Brunswick,2016A000213,"Cash receipts, total",Dollars,81,thousands,3,v8661,5.1,542671,,,,0
2011,New Brunswick,2016A000213,Operating expenses after rebates,Dollars,81,thousands,3,v8662,5.11,424807,,,,0
2011,New Brunswick,2016A000213,Net cash income,Dollars,81,thousands,3,v8663,5.12,117865,,,,0
2011,New Brunswick,2016A000213,Income-in-kind,Dollars,81,thousands,3,v8656,5.5,761,,,,0
2011,New Brunswick,2016A000213,Depreciation charges,Dollars,81,thousands,3,v8664,5.13,53946,,,,0
2011,New Brunswick,2016A000213,Realized net income,Dollars,81,thousands,3,v8659,5.8,64679,,,,0
2011,New Brunswick,2016A000213,Value of inventory change,Dollars,81,thousands,3,v8653,5.2,-52635,,,,0
2011,New Brunswick,2016A000213,"Net income, total",Dollars,81,thousands,3,v8660,5.9,12044,,,,0
2011,Quebec,2016A000224,"Cash receipts, total",Dollars,81,thousands,3,v8674,6.1,8000800,,,,0
2011,Quebec,2016A000224,Operating expenses after rebates,Dollars,81,thousands,3,v8675,6.11,6071694,,,,0
2011,Quebec,2016A000224,Net cash income,Dollars,81,thousands,3,v8676,6.12,1929106,,,,0
2011,Quebec,2016A000224,Income-in-kind,Dollars,81,thousands,3,v8669,6.5,11288,,,,0
2011,Quebec,2016A000224,Depreciation charges,Dollars,81,thousands,3,v8677,6.13,804446,,,,0
2011,Quebec,2016A000224,Realized net income,Dollars,81,thousands,3,v8672,6.8,1135947,,,,0
2011,Quebec,2016A000224,Value of inventory change,Dollars,81,thousands,3,v8666,6.2,8760,,,,0
2011,Quebec,2016A000224,"Net income, total",Dollars,81,thousands,3,v8673,6.9,1144708,,,,0
2011,Ontario,2016A000235,"Cash receipts, total",Dollars,81,thousands,3,v8687,7.1,11205641,,,,0
2011,Ontario,2016A000235,Operating expenses after rebates,Dollars,81,thousands,3,v8688,7.11,8886432,,,,0
2011,Ontario,2016A000235,Net cash income,Dollars,81,thousands,3,v8689,7.12,2319209,,,,0
2011,Ontario,2016A000235,Income-in-kind,Dollars,81,thousands,3,v8682,7.5,10035,,,,0
2011,Ontario,2016A000235,Depreciation charges,Dollars,81,thousands,3,v8690,7.13,1285354,,,,0
2011,Ontario,2016A000235,Realized net income,Dollars,81,thousands,3,v8685,7.8,1043890,,,,0
2011,Ontario,2016A000235,Value of inventory change,Dollars,81,thousands,3,v8679,7.2,258917,,,,0
2011,Ontario,2016A000235,"Net income, total",Dollars,81,thousands,3,v8686,7.9,1302807,,,,0
2011,Manitoba,2016A000246,"Cash receipts, total",Dollars,81,thousands,3,v8700,8.1,4980655,,,,0
2011,Manitoba,2016A000246,Operating expenses after rebates,Dollars,81,thousands,3,v8701,8.11,3955291,,,,0
2011,Manitoba,2016A000246,Net cash income,Dollars,81,thousands,3,v8702,8.12,1025364,,,,0
2011,Manitoba,2016A000246,Income-in-kind,Dollars,81,thousands,3,v8695,8.5,3342,,,,0
2011,Manitoba,2016A000246,Depreciation charges,Dollars,81,thousands,3,v8703,8.13,565267,,,,0
2011,Manitoba,2016A000246,Realized net income,Dollars,81,thousands,3,v8698,8.8,463439,,,,0
2011,Manitoba,2016A000246,Value of inventory change,Dollars,81,thousands,3,v8692,8.2,-473838,,,,0
2011,Manitoba,2016A000246,"Net income, total",Dollars,81,thousands,3,v8699,8.9,-10399,,,,0
2011,Saskatchewan,2016A000247,"Cash receipts, total",Dollars,81,thousands,3,v8713,9.1,11026690,,,,0
2011,Saskatchewan,2016A000247,Operating expenses after rebates,Dollars,81,thousands,3,v8714,9.11,7268993,,,,0
2011,Saskatchewan,2016A000247,Net cash income,Dollars,81,thousands,3,v8715,9.12,3757696,,,,0
2011,Saskatchewan,2016A000247,Income-in-kind,Dollars,81,thousands,3,v8708,9.5,4806,,,,0
2011,Saskatchewan,2016A000247,Depreciation charges,Dollars,81,thousands,3,v8716,9.13,1283325,,,,0
2011,Saskatchewan,2016A000247,Realized net income,Dollars,81,thousands,3,v8711,9.8,2479177,,,,0
2011,Saskatchewan,2016A000247,Value of inventory change,Dollars,81,thousands,3,v8705,9.2,169265,,,,0
2011,Saskatchewan,2016A000247,"Net income, total",Dollars,81,thousands,3,v8712,9.9,2648443,,,,0
2011,Alberta,2016A000248,"Cash receipts, total",Dollars,81,thousands,3,v8726,10.1,10306960,,,,0
2011,Alberta,2016A000248,Operating expenses after rebates,Dollars,81,thousands,3,v8727,10.11,8491363,,,,0
2011,Alberta,2016A000248,Net cash income,Dollars,81,thousands,3,v8728,10.12,1815597,,,,0
2011,Alberta,2016A000248,Income-in-kind,Dollars,81,thousands,3,v8721,10.5,8924,,,,0
2011,Alberta,2016A000248,Depreciation charges,Dollars,81,thousands,3,v8729,10.13,1392998,,,,0
2011,Alberta,2016A000248,Realized net income,Dollars,81,thousands,3,v8724,10.8,431524,,,,0
2011,Alberta,2016A000248,Value of inventory change,Dollars,81,thousands,3,v8718,10.2,518303,,,,0
2011,Alberta,2016A000248,"Net income, total",Dollars,81,thousands,3,v8725,10.9,949827,,,,0
2011,British Columbia,2016A000259,"Cash receipts, total",Dollars,81,thousands,3,v8739,11.1,2687954,,,,0
2011,British Columbia,2016A000259,Operating expenses after rebates,Dollars,81,thousands,3,v8740,11.11,2385525,,,,0
2011,British Columbia,2016A000259,Net cash income,Dollars,81,thousands,3,v8741,11.12,302429,,,,0
2011,British Columbia,2016A000259,Income-in-kind,Dollars,81,thousands,3,v8734,11.5,4683,,,,0
2011,British Columbia,2016A000259,Depreciation charges,Dollars,81,thousands,3,v8742,11.13,372043,,,,0
2011,British Columbia,2016A000259,Realized net income,Dollars,81,thousands,3,v8737,11.8,-64931,,,,0
2011,British Columbia,2016A000259,Value of inventory change,Dollars,81,thousands,3,v8731,11.2,60184,,,,0
2011,British Columbia,2016A000259,"Net income, total",Dollars,81,thousands,3,v8738,11.9,-4747,,,,0
2012,Canada,2016A000011124,"Cash receipts, total",Dollars,81,thousands,3,v8622,1.1,54227613,,,,0
2012,Canada,2016A000011124,Operating expenses after rebates,Dollars,81,thousands,3,v8623,1.11,41682703,,,,0
2012,Canada,2016A000011124,Net cash income,Dollars,81,thousands,3,v8624,1.12,12544910,,,,0
2012,Canada,2016A000011124,Income-in-kind,Dollars,81,thousands,3,v8617,1.5,45382,,,,0
2012,Canada,2016A000011124,Depreciation charges,Dollars,81,thousands,3,v8625,1.13,6080957,,,,0
2012,Canada,2016A000011124,Realized net income,Dollars,81,thousands,3,v8620,1.8,6509335,,,,0
2012,Canada,2016A000011124,Value of inventory change,Dollars,81,thousands,3,v8614,1.2,145318,,,,0
2012,Canada,2016A000011124,"Net income, total",Dollars,81,thousands,3,v8621,1.9,6654653,,,,0
2012,Newfoundland and Labrador,2016A000210,"Cash receipts, total",Dollars,81,thousands,3,v8076,2.1,131660,,,,0
2012,Newfoundland and Labrador,2016A000210,Operating expenses after rebates,Dollars,81,thousands,3,v8077,2.11,115353,,,,0
2012,Newfoundland and Labrador,2016A000210,Net cash income,Dollars,81,thousands,3,v8078,2.12,16307,,,,0
2012,Newfoundland and Labrador,2016A000210,Income-in-kind,Dollars,81,thousands,3,v8073,2.5,223,,,,0
2012,Newfoundland and Labrador,2016A000210,Depreciation charges,Dollars,81,thousands,3,v8079,2.13,8875,,,,0
2012,Newfoundland and Labrador,2016A000210,Realized net income,Dollars,81,thousands,3,v8074,2.8,7655,,,,0
2012,Newfoundland and Labrador,2016A000210,Value of inventory change,Dollars,81,thousands,3,v8072,2.2,-1663,,,,0
2012,Newfoundland and Labrador,2016A000210,"Net income, total",Dollars,81,thousands,3,v8075,2.9,5992,,,,0
2012,Prince Edward Island,2016A000211,"Cash receipts, total",Dollars,81,thousands,3,v8635,3.1,484294,,,,0
2012,Prince Edward Island,2016A000211,Operating expenses after rebates,Dollars,81,thousands,3,v8636,3.11,389728,,,,0
2012,Prince Edward Island,2016A000211,Net cash income,Dollars,81,thousands,3,v8637,3.12,94565,,,,0
2012,Prince Edward Island,2016A000211,Income-in-kind,Dollars,81,thousands,3,v8630,3.5,330,,,,0
2012,Prince Edward Island,2016A000211,Depreciation charges,Dollars,81,thousands,3,v8638,3.13,44224,,,,0
2012,Prince Edward Island,2016A000211,Realized net income,Dollars,81,thousands,3,v8633,3.8,50672,,,,0
2012,Prince Edward Island,2016A000211,Value of inventory change,Dollars,81,thousands,3,v8627,3.2,7965,,,,0
2012,Prince Edward Island,2016A000211,"Net income, total",Dollars,81,thousands,3,v8634,3.9,58637,,,,0
2012,Nova Scotia,2016A000212,"Cash receipts, total",Dollars,81,thousands,3,v8648,4.1,581876,,,,0
2012,Nova Scotia,2016A000212,Operating expenses after rebates,Dollars,81,thousands,3,v8649,4.11,478457,,,,0
2012,Nova Scotia,2016A000212,Net cash income,Dollars,81,thousands,3,v8650,4.12,103420,,,,0
2012,Nova Scotia,2016A000212,Income-in-kind,Dollars,81,thousands,3,v8643,4.5,877,,,,0
2012,Nova Scotia,2016A000212,Depreciation charges,Dollars,81,thousands,3,v8651,4.13,61701,,,,0
2012,Nova Scotia,2016A000212,Realized net income,Dollars,81,thousands,3,v8646,4.8,42596,,,,0
2012,Nova Scotia,2016A000212,Value of inventory change,Dollars,81,thousands,3,v8640,4.2,-570,,,,0
2012,Nova Scotia,2016A000212,"Net income, total",Dollars,81,thousands,3,v8647,4.9,42026,,,,0
2012,New Brunswick,2016A000213,"Cash receipts, total",Dollars,81,thousands,3,v8661,5.1,539629,,,,0
2012,New Brunswick,2016A000213,Operating expenses after rebates,Dollars,81,thousands,3,v8662,5.11,443206,,,,0
2012,New Brunswick,2016A000213,Net cash income,Dollars,81,thousands,3,v8663,5.12,96423,,,,0
2012,New Brunswick,2016A000213,Income-in-kind,Dollars,81,thousands,3,v8656,5.5,894,,,,0
2012,New Brunswick,2016A000213,Depreciation charges,Dollars,81,thousands,3,v8664,5.13,54312,,,,0
2012,New Brunswick,2016A000213,Realized net income,Dollars,81,thousands,3,v8659,5.8,43005,,,,0
2012,New Brunswick,2016A000213,Value of inventory change,Dollars,81,thousands,3,v8653,5.2,32942,,,,0
2012,New Brunswick,2016A000213,"Net income, total",Dollars,81,thousands,3,v8660,5.9,75946,,,,0
2012,Quebec,2016A000224,"Cash receipts, total",Dollars,81,thousands,3,v8674,6.1,8415888,,,,0
2012,Quebec,2016A000224,Operating expenses after rebates,Dollars,81,thousands,3,v8675,6.11,6291700,,,,0
2012,Quebec,2016A000224,Net cash income,Dollars,81,thousands,3,v8676,6.12,2124189,,,,0
2012,Quebec,2016A000224,Income-in-kind,Dollars,81,thousands,3,v8669,6.5,11765,,,,0
2012,Quebec,2016A000224,Depreciation charges,Dollars,81,thousands,3,v8677,6.13,821992,,,,0
2012,Quebec,2016A000224,Realized net income,Dollars,81,thousands,3,v8672,6.8,1313961,,,,0
2012,Quebec,2016A000224,Value of inventory change,Dollars,81,thousands,3,v8666,6.2,-2263,,,,0
2012,Quebec,2016A000224,"Net income, total",Dollars,81,thousands,3,v8673,6.9,1311698,,,,0
2012,Ontario,2016A000235,"Cash receipts, total",Dollars,81,thousands,3,v8687,7.1,12250608,,,,0
2012,Ontario,2016A000235,Operating expenses after rebates,Dollars,81,thousands,3,v8688,7.11,9522331,,,,0
2012,Ontario,2016A000235,Net cash income,Dollars,81,thousands,3,v8689,7.12,2728277,,,,0
2012,Ontario,2016A000235,Income-in-kind,Dollars,81,thousands,3,v8682,7.5,9628,,,,0
2012,Ontario,2016A000235,Depreciation charges,Dollars,81,thousands,3,v8690,7.13,1327167,,,,0
2012,Ontario,2016A000235,Realized net income,Dollars,81,thousands,3,v8685,7.8,1410738,,,,0
2012,Ontario,2016A000235,Value of inventory change,Dollars,81,thousands,3,v8679,7.2,-66422,,,,0
2012,Ontario,2016A000235,"Net income, total",Dollars,81,thousands,3,v8686,7.9,1344316,,,,0
2012,Manitoba,2016A000246,"Cash receipts, total",Dollars,81,thousands,3,v8700,8.1,5164996,,,,0
2012,Manitoba,2016A000246,Operating expenses after rebates,Dollars,81,thousands,3,v8701,8.11,4379487,,,,0
2012,Manitoba,2016A000246,Net cash income,Dollars,81,thousands,3,v8702,8.12,785509,,,,0
2012,Manitoba,2016A000246,Income-in-kind,Dollars,81,thousands,3,v8695,8.5,3393,,,,0
2012,Manitoba,2016A000246,Depreciation charges,Dollars,81,thousands,3,v8703,8.13,584424,,,,0
2012,Manitoba,2016A000246,Realized net income,Dollars,81,thousands,3,v8698,8.8,204477,,,,0
2012,Manitoba,2016A000246,Value of inventory change,Dollars,81,thousands,3,v8692,8.2,760939,,,,0
2012,Manitoba,2016A000246,"Net income, total",Dollars,81,thousands,3,v8699,8.9,965416,,,,0
2012,Saskatchewan,2016A000247,"Cash receipts, total",Dollars,81,thousands,3,v8713,9.1,11781972,,,,0
2012,Saskatchewan,2016A000247,Operating expenses after rebates,Dollars,81,thousands,3,v8714,9.11,8193411,,,,0
2012,Saskatchewan,2016A000247,Net cash income,Dollars,81,thousands,3,v8715,9.12,3588560,,,,0
2012,Saskatchewan,2016A000247,Income-in-kind,Dollars,81,thousands,3,v8708,9.5,5062,,,,0
2012,Saskatchewan,2016A000247,Depreciation charges,Dollars,81,thousands,3,v8716,9.13,1339691,,,,0
2012,Saskatchewan,2016A000247,Realized net income,Dollars,81,thousands,3,v8711,9.8,2253932,,,,0
2012,Saskatchewan,2016A000247,Value of inventory change,Dollars,81,thousands,3,v8705,9.2,-31737,,,,0
2012,Saskatchewan,2016A000247,"Net income, total",Dollars,81,thousands,3,v8712,9.9,2222195,,,,0
2012,Alberta,2016A000248,"Cash receipts, total",Dollars,81,thousands,3,v8726,10.1,12031716,,,,0
2012,Alberta,2016A000248,Operating expenses after rebates,Dollars,81,thousands,3,v8727,10.11,9346466,,,,0
2012,Alberta,2016A000248,Net cash income,Dollars,81,thousands,3,v8728,10.12,2685249,,,,0
2012,Alberta,2016A000248,Income-in-kind,Dollars,81,thousands,3,v8721,10.5,8925,,,,0
2012,Alberta,2016A000248,Depreciation charges,Dollars,81,thousands,3,v8729,10.13,1458989,,,,0
2012,Alberta,2016A000248,Realized net income,Dollars,81,thousands,3,v8724,10.8,1235186,,,,0
2012,Alberta,2016A000248,Value of inventory change,Dollars,81,thousands,3,v8718,10.2,-540477,,,,0
2012,Alberta,2016A000248,"Net income, total",Dollars,81,thousands,3,v8725,10.9,694709,,,,0
2012,British Columbia,2016A000259,"Cash receipts, total",Dollars,81,thousands,3,v8739,11.1,2844975,,,,0
2012,British Columbia,2016A000259,Operating expenses after rebates,Dollars,81,thousands,3,v8740,11.11,2522564,,,,0
2012,British Columbia,2016A000259,Net cash income,Dollars,81,thousands,3,v8741,11.12,322411,,,,0
2012,British Columbia,2016A000259,Income-in-kind,Dollars,81,thousands,3,v8734,11.5,4285,,,,0
2012,British Columbia,2016A000259,Depreciation charges,Dollars,81,thousands,3,v8742,11.13,379582,,,,0
2012,British Columbia,2016A000259,Realized net income,Dollars,81,thousands,3,v8737,11.8,-52886,,,,0
2012,British Columbia,2016A000259,Value of inventory change,Dollars,81,thousands,3,v8731,11.2,-13396,,,,0
2012,British Columbia,2016A000259,"Net income, total",Dollars,81,thousands,3,v8738,11.9,-66282,,,,0
2013,Canada,2016A000011124,"Cash receipts, total",Dollars,81,thousands,3,v8622,1.1,55627787,,,,0
2013,Canada,2016A000011124,Operating expenses after rebates,Dollars,81,thousands,3,v8623,1.11,43090807,,,,0
2013,Canada,2016A000011124,Net cash income,Dollars,81,thousands,3,v8624,1.12,12536980,,,,0
2013,Canada,2016A000011124,Income-in-kind,Dollars,81,thousands,3,v8617,1.5,46482,,,,0
2013,Canada,2016A000011124,Depreciation charges,Dollars,81,thousands,3,v8625,1.13,6352458,,,,0
2013,Canada,2016A000011124,Realized net income,Dollars,81,thousands,3,v8620,1.8,6231003,,,,0
2013,Canada,2016A000011124,Value of inventory change,Dollars,81,thousands,3,v8614,1.2,5991414,,,,0
2013,Canada,2016A000011124,"Net income, total",Dollars,81,thousands,3,v8621,1.9,12222417,,,,0
2013,Newfoundland and Labrador,2016A000210,"Cash receipts, total",Dollars,81,thousands,3,v8076,2.1,140484,,,,0
2013,Newfoundland and Labrador,2016A000210,Operating expenses after rebates,Dollars,81,thousands,3,v8077,2.11,119511,,,,0
2013,Newfoundland and Labrador,2016A000210,Net cash income,Dollars,81,thousands,3,v8078,2.12,20973,,,,0
2013,Newfoundland and Labrador,2016A000210,Income-in-kind,Dollars,81,thousands,3,v8073,2.5,344,,,,0
2013,Newfoundland and Labrador,2016A000210,Depreciation charges,Dollars,81,thousands,3,v8079,2.13,9129,,,,0
2013,Newfoundland and Labrador,2016A000210,Realized net income,Dollars,81,thousands,3,v8074,2.8,12188,,,,0
2013,Newfoundland and Labrador,2016A000210,Value of inventory change,Dollars,81,thousands,3,v8072,2.2,129,,,,0
2013,Newfoundland and Labrador,2016A000210,"Net income, total",Dollars,81,thousands,3,v8075,2.9,12317,,,,0
2013,Prince Edward Island,2016A000211,"Cash receipts, total",Dollars,81,thousands,3,v8635,3.1,497671,,,,0
2013,Prince Edward Island,2016A000211,Operating expenses after rebates,Dollars,81,thousands,3,v8636,3.11,387580,,,,0
2013,Prince Edward Island,2016A000211,Net cash income,Dollars,81,thousands,3,v8637,3.12,110091,,,,0
2013,Prince Edward Island,2016A000211,Income-in-kind,Dollars,81,thousands,3,v8630,3.5,331,,,,0
2013,Prince Edward Island,2016A000211,Depreciation charges,Dollars,81,thousands,3,v8638,3.13,45562,,,,0
2013,Prince Edward Island,2016A000211,Realized net income,Dollars,81,thousands,3,v8633,3.8,64860,,,,0
2013,Prince Edward Island,2016A000211,Value of inventory change,Dollars,81,thousands,3,v8627,3.2,-2343,,,,0
2013,Prince Edward Island,2016A000211,"Net income, total",Dollars,81,thousands,3,v8634,3.9,62517,,,,0
2013,Nova Scotia,2016A000212,"Cash receipts, total",Dollars,81,thousands,3,v8648,4.1,605785,,,,0
2013,Nova Scotia,2016A000212,Operating expenses after rebates,Dollars,81,thousands,3,v8649,4.11,487045,,,,0
2013,Nova Scotia,2016A000212,Net cash income,Dollars,81,thousands,3,v8650,4.12,118740,,,,0
2013,Nova Scotia,2016A000212,Income-in-kind,Dollars,81,thousands,3,v8643,4.5,1060,,,,0
2013,Nova Scotia,2016A000212,Depreciation charges,Dollars,81,thousands,3,v8651,4.13,62723,,,,0
2013,Nova Scotia,2016A000212,Realized net income,Dollars,81,thousands,3,v8646,4.8,57077,,,,0
2013,Nova Scotia,2016A000212,Value of inventory change,Dollars,81,thousands,3,v8640,4.2,711,,,,0
2013,Nova Scotia,2016A000212,"Net income, total",Dollars,81,thousands,3,v8647,4.9,57788,,,,0
2013,New Brunswick,2016A000213,"Cash receipts, total",Dollars,81,thousands,3,v8661,5.1,570661,,,,0
2013,New Brunswick,2016A000213,Operating expenses after rebates,Dollars,81,thousands,3,v8662,5.11,448626,,,,0
2013,New Brunswick,2016A000213,Net cash income,Dollars,81,thousands,3,v8663,5.12,122035,,,,0
2013,New Brunswick,2016A000213,Income-in-kind,Dollars,81,thousands,3,v8656,5.5,827,,,,0
2013,New Brunswick,2016A000213,Depreciation charges,Dollars,81,thousands,3,v8664,5.13,55307,,,,0
2013,New Brunswick,2016A000213,Realized net income,Dollars,81,thousands,3,v8659,5.8,67555,,,,0
2013,New Brunswick,2016A000213,Value of inventory change,Dollars,81,thousands,3,v8653,5.2,-11913,,,,0
2013,New Brunswick,2016A000213,"Net income, total",Dollars,81,thousands,3,v8660,5.9,55642,,,,0
2013,Quebec,2016A000224,"Cash receipts, total",Dollars,81,thousands,3,v8674,6.1,8368936,,,,0
2013,Quebec,2016A000224,Operating expenses after rebates,Dollars,81,thousands,3,v8675,6.11,6478974,,,,0
2013,Quebec,2016A000224,Net cash income,Dollars,81,thousands,3,v8676,6.12,1889963,,,,0
2013,Quebec,2016A000224,Income-in-kind,Dollars,81,thousands,3,v8669,6.5,12022,,,,0
2013,Quebec,2016A000224,Depreciation charges,Dollars,81,thousands,3,v8677,6.13,847687,,,,0
2013,Quebec,2016A000224,Realized net income,Dollars,81,thousands,3,v8672,6.8,1054297,,,,0
2013,Quebec,2016A000224,Value of inventory change,Dollars,81,thousands,3,v8666,6.2,55507,,,,0
2013,Quebec,2016A000224,"Net income, total",Dollars,81,thousands,3,v8673,6.9,1109805,,,,0
2013,Ontario,2016A000235,"Cash receipts, total",Dollars,81,thousands,3,v8687,7.1,12532428,,,,0
2013,Ontario,2016A000235,Operating expenses after rebates,Dollars,81,thousands,3,v8688,7.11,9817478,,,,0
2013,Ontario,2016A000235,Net cash income,Dollars,81,thousands,3,v8689,7.12,2714951,,,,0
2013,Ontario,2016A000235,Income-in-kind,Dollars,81,thousands,3,v8682,7.5,10006,,,,0
2013,Ontario,2016A000235,Depreciation charges,Dollars,81,thousands,3,v8690,7.13,1373818,,,,0
2013,Ontario,2016A000235,Realized net income,Dollars,81,thousands,3,v8685,7.8,1351138,,,,0
2013,Ontario,2016A000235,Value of inventory change,Dollars,81,thousands,3,v8679,7.2,31613,,,,0
2013,Ontario,2016A000235,"Net income, total",Dollars,81,thousands,3,v8686,7.9,1382752,,,,0
2013,Manitoba,2016A000246,"Cash receipts, total",Dollars,81,thousands,3,v8700,8.1,5855259,,,,0
2013,Manitoba,2016A000246,Operating expenses after rebates,Dollars,81,thousands,3,v8701,8.11,4598586,,,,0
2013,Manitoba,2016A000246,Net cash income,Dollars,81,thousands,3,v8702,8.12,1256673,,,,0
2013,Manitoba,2016A000246,Income-in-kind,Dollars,81,thousands,3,v8695,8.5,3475,,,,0
2013,Manitoba,2016A000246,Depreciation charges,Dollars,81,thousands,3,v8703,8.13,616132,,,,0
2013,Manitoba,2016A000246,Realized net income,Dollars,81,thousands,3,v8698,8.8,644015,,,,0
2013,Manitoba,2016A000246,Value of inventory change,Dollars,81,thousands,3,v8692,8.2,792621,,,,0
2013,Manitoba,2016A000246,"Net income, total",Dollars,81,thousands,3,v8699,8.9,1436636,,,,0
2013,Saskatchewan,2016A000247,"Cash receipts, total",Dollars,81,thousands,3,v8713,9.1,12287612,,,,0
2013,Saskatchewan,2016A000247,Operating expenses after rebates,Dollars,81,thousands,3,v8714,9.11,8603262,,,,0
2013,Saskatchewan,2016A000247,Net cash income,Dollars,81,thousands,3,v8715,9.12,3684349,,,,0
2013,Saskatchewan,2016A000247,Income-in-kind,Dollars,81,thousands,3,v8708,9.5,4972,,,,0
2013,Saskatchewan,2016A000247,Depreciation charges,Dollars,81,thousands,3,v8716,9.13,1426652,,,,0
2013,Saskatchewan,2016A000247,Realized net income,Dollars,81,thousands,3,v8711,9.8,2262669,,,,0
2013,Saskatchewan,2016A000247,Value of inventory change,Dollars,81,thousands,3,v8705,9.2,3373029,,,,0
2013,Saskatchewan,2016A000247,"Net income, total",Dollars,81,thousands,3,v8712,9.9,5635698,,,,0
2013,Alberta,2016A000248,"Cash receipts, total",Dollars,81,thousands,3,v8726,10.1,11886301,,,,0
2013,Alberta,2016A000248,Operating expenses after rebates,Dollars,81,thousands,3,v8727,10.11,9571737,,,,0
2013,Alberta,2016A000248,Net cash income,Dollars,81,thousands,3,v8728,10.12,2314564,,,,0
2013,Alberta,2016A000248,Income-in-kind,Dollars,81,thousands,3,v8721,10.5,9257,,,,0
2013,Alberta,2016A000248,Depreciation charges,Dollars,81,thousands,3,v8729,10.13,1528641,,,,0
2013,Alberta,2016A000248,Realized net income,Dollars,81,thousands,3,v8724,10.8,795180,,,,0
2013,Alberta,2016A000248,Value of inventory change,Dollars,81,thousands,3,v8718,10.2,1693582,,,,0
2013,Alberta,2016A000248,"Net income, total",Dollars,81,thousands,3,v8725,10.9,2488762,,,,0
2013,British Columbia,2016A000259,"Cash receipts, total",Dollars,81,thousands,3,v8739,11.1,2882650,,,,0
2013,British Columbia,2016A000259,Operating expenses after rebates,Dollars,81,thousands,3,v8740,11.11,2578008,,,,0
2013,British Columbia,2016A000259,Net cash income,Dollars,81,thousands,3,v8741,11.12,304642,,,,0
2013,British Columbia,2016A000259,Income-in-kind,Dollars,81,thousands,3,v8734,11.5,4189,,,,0
2013,British Columbia,2016A000259,Depreciation charges,Dollars,81,thousands,3,v8742,11.13,386807,,,,0
2013,British Columbia,2016A000259,Realized net income,Dollars,81,thousands,3,v8737,11.8,-77976,,,,0
2013,British Columbia,2016A000259,Value of inventory change,Dollars,81,thousands,3,v8731,11.2,58476,,,,0
2013,British Columbia,2016A000259,"Net income, total",Dollars,81,thousands,3,v8738,11.9,-19500,,,,0
2014,Canada,2016A000011124,"Cash receipts, total",Dollars,81,thousands,3,v8622,1.1,58285425,,,,0
2014,Canada,2016A000011124,Operating expenses after rebates,Dollars,81,thousands,3,v8623,1.11,44507181,,,,0
2014,Canada,2016A000011124,Net cash income,Dollars,81,thousands,3,v8624,1.12,13778244,,,,0
2014,Canada,2016A000011124,Income-in-kind,Dollars,81,thousands,3,v8617,1.5,56314,,,,0
2014,Canada,2016A000011124,Depreciation charges,Dollars,81,thousands,3,v8625,1.13,6678413,,,,0
2014,Canada,2016A000011124,Realized net income,Dollars,81,thousands,3,v8620,1.8,7156145,,,,0
2014,Canada,2016A000011124,Value of inventory change,Dollars,81,thousands,3,v8614,1.2,-2781173,,,,0
2014,Canada,2016A000011124,"Net income, total",Dollars,81,thousands,3,v8621,1.9,4374972,,,,0
2014,Newfoundland and Labrador,2016A000210,"Cash receipts, total",Dollars,81,thousands,3,v8076,2.1,127662,,,,0
2014,Newfoundland and Labrador,2016A000210,Operating expenses after rebates,Dollars,81,thousands,3,v8077,2.11,119288,,,,0
2014,Newfoundland and Labrador,2016A000210,Net cash income,Dollars,81,thousands,3,v8078,2.12,8374,,,,0
2014,Newfoundland and Labrador,2016A000210,Income-in-kind,Dollars,81,thousands,3,v8073,2.5,502,,,,0
2014,Newfoundland and Labrador,2016A000210,Depreciation charges,Dollars,81,thousands,3,v8079,2.13,9387,,,,0
2014,Newfoundland and Labrador,2016A000210,Realized net income,Dollars,81,thousands,3,v8074,2.8,-511,,,,0
2014,Newfoundland and Labrador,2016A000210,Value of inventory change,Dollars,81,thousands,3,v8072,2.2,-121,,,,0
2014,Newfoundland and Labrador,2016A000210,"Net income, total",Dollars,81,thousands,3,v8075,2.9,-632,,,,0
2014,Prince Edward Island,2016A000211,"Cash receipts, total",Dollars,81,thousands,3,v8635,3.1,478779,,,,0
2014,Prince Edward Island,2016A000211,Operating expenses after rebates,Dollars,81,thousands,3,v8636,3.11,387968,,,,0
2014,Prince Edward Island,2016A000211,Net cash income,Dollars,81,thousands,3,v8637,3.12,90811,,,,0
2014,Prince Edward Island,2016A000211,Income-in-kind,Dollars,81,thousands,3,v8630,3.5,327,,,,0
2014,Prince Edward Island,2016A000211,Depreciation charges,Dollars,81,thousands,3,v8638,3.13,46977,,,,0
2014,Prince Edward Island,2016A000211,Realized net income,Dollars,81,thousands,3,v8633,3.8,44161,,,,0
2014,Prince Edward Island,2016A000211,Value of inventory change,Dollars,81,thousands,3,v8627,3.2,3477,,,,0
2014,Prince Edward Island,2016A000211,"Net income, total",Dollars,81,thousands,3,v8634,3.9,47638,,,,0
2014,Nova Scotia,2016A000212,"Cash receipts, total",Dollars,81,thousands,3,v8648,4.1,581528,,,,0
2014,Nova Scotia,2016A000212,Operating expenses after rebates,Dollars,81,thousands,3,v8649,4.11,499538,,,,0
2014,Nova Scotia,2016A000212,Net cash income,Dollars,81,thousands,3,v8650,4.12,81990,,,,0
2014,Nova Scotia,2016A000212,Income-in-kind,Dollars,81,thousands,3,v8643,4.5,1151,,,,0
2014,Nova Scotia,2016A000212,Depreciation charges,Dollars,81,thousands,3,v8651,4.13,64358,,,,0
2014,Nova Scotia,2016A000212,Realized net income,Dollars,81,thousands,3,v8646,4.8,18783,,,,0
2014,Nova Scotia,2016A000212,Value of inventory change,Dollars,81,thousands,3,v8640,4.2,-3852,,,,0
2014,Nova Scotia,2016A000212,"Net income, total",Dollars,81,thousands,3,v8647,4.9,14930,,,,0
2014,New Brunswick,2016A000213,"Cash receipts, total",Dollars,81,thousands,3,v8661,5.1,568755,,,,0
2014,New Brunswick,2016A000213,Operating expenses after rebates,Dollars,81,thousands,3,v8662,5.11,440944,,,,0
2014,New Brunswick,2016A000213,Net cash income,Dollars,81,thousands,3,v8663,5.12,127811,,,,0
2014,New Brunswick,2016A000213,Income-in-kind,Dollars,81,thousands,3,v8656,5.5,856,,,,0
2014,New Brunswick,2016A000213,Depreciation charges,Dollars,81,thousands,3,v8664,5.13,56374,,,,0
2014,New Brunswick,2016A000213,Realized net income,Dollars,81,thousands,3,v8659,5.8,72293,,,,0
2014,New Brunswick,2016A000213,Value of inventory change,Dollars,81,thousands,3,v8653,5.2,2244,,,,0
2014,New Brunswick,2016A000213,"Net income, total",Dollars,81,thousands,3,v8660,5.9,74537,,,,0
2014,Quebec,2016A000224,"Cash receipts, total",Dollars,81,thousands,3,v8674,6.1,8505828,,,,0
2014,Quebec,2016A000224,Operating expenses after rebates,Dollars,81,thousands,3,v8675,6.11,6570034,,,,0
2014,Quebec,2016A000224,Net cash income,Dollars,81,thousands,3,v8676,6.12,1935794,,,,0
2014,Quebec,2016A000224,Income-in-kind,Dollars,81,thousands,3,v8669,6.5,13173,,,,0
2014,Quebec,2016A000224,Depreciation charges,Dollars,81,thousands,3,v8677,6.13,877382,,,,0
2014,Quebec,2016A000224,Realized net income,Dollars,81,thousands,3,v8672,6.8,1071585,,,,0
2014,Quebec,2016A000224,Value of inventory change,Dollars,81,thousands,3,v8666,6.2,-69454,,,,0
2014,Quebec,2016A000224,"Net income, total",Dollars,81,thousands,3,v8673,6.9,1002131,,,,0
2014,Ontario,2016A000235,"Cash receipts, total",Dollars,81,thousands,3,v8687,7.1,12929951,,,,0
2014,Ontario,2016A000235,Operating expenses after rebates,Dollars,81,thousands,3,v8688,7.11,10169112,,,,0
2014,Ontario,2016A000235,Net cash income,Dollars,81,thousands,3,v8689,7.12,2760839,,,,0
2014,Ontario,2016A000235,Income-in-kind,Dollars,81,thousands,3,v8682,7.5,12157,,,,0
2014,Ontario,2016A000235,Depreciation charges,Dollars,81,thousands,3,v8690,7.13,1434379,,,,0
2014,Ontario,2016A000235,Realized net income,Dollars,81,thousands,3,v8685,7.8,1338616,,,,0
2014,Ontario,2016A000235,Value of inventory change,Dollars,81,thousands,3,v8679,7.2,-81458,,,,0
2014,Ontario,2016A000235,"Net income, total",Dollars,81,thousands,3,v8686,7.9,1257158,,,,0
2014,Manitoba,2016A000246,"Cash receipts, total",Dollars,81,thousands,3,v8700,8.1,5979450,,,,0
2014,Manitoba,2016A000246,Operating expenses after rebates,Dollars,81,thousands,3,v8701,8.11,4582853,,,,0
2014,Manitoba,2016A000246,Net cash income,Dollars,81,thousands,3,v8702,8.12,1396597,,,,0
2014,Manitoba,2016A000246,Income-in-kind,Dollars,81,thousands,3,v8695,8.5,4533,,,,0
2014,Manitoba,2016A000246,Depreciation charges,Dollars,81,thousands,3,v8703,8.13,653465,,,,0
2014,Manitoba,2016A000246,Realized net income,Dollars,81,thousands,3,v8698,8.8,747665,,,,0
2014,Manitoba,2016A000246,Value of inventory change,Dollars,81,thousands,3,v8692,8.2,-417965,,,,0
2014,Manitoba,2016A000246,"Net income, total",Dollars,81,thousands,3,v8699,8.9,329700,,,,0
2014,Saskatchewan,2016A000247,"Cash receipts, total",Dollars,81,thousands,3,v8713,9.1,13179865,,,,0
2014,Saskatchewan,2016A000247,Operating expenses after rebates,Dollars,81,thousands,3,v8714,9.11,8939437,,,,0
2014,Saskatchewan,2016A000247,Net cash income,Dollars,81,thousands,3,v8715,9.12,4240428,,,,0
2014,Saskatchewan,2016A000247,Income-in-kind,Dollars,81,thousands,3,v8708,9.5,6628,,,,0
2014,Saskatchewan,2016A000247,Depreciation charges,Dollars,81,thousands,3,v8716,9.13,1521303,,,,0
2014,Saskatchewan,2016A000247,Realized net income,Dollars,81,thousands,3,v8711,9.8,2725752,,,,0
2014,Saskatchewan,2016A000247,Value of inventory change,Dollars,81,thousands,3,v8705,9.2,-1410777,,,,0
2014,Saskatchewan,2016A000247,"Net income, total",Dollars,81,thousands,3,v8712,9.9,1314976,,,,0
2014,Alberta,2016A000248,"Cash receipts, total",Dollars,81,thousands,3,v8726,10.1,12896700,,,,0
2014,Alberta,2016A000248,Operating expenses after rebates,Dollars,81,thousands,3,v8727,10.11,10193002,,,,0
2014,Alberta,2016A000248,Net cash income,Dollars,81,thousands,3,v8728,10.12,2703697,,,,0
2014,Alberta,2016A000248,Income-in-kind,Dollars,81,thousands,3,v8721,10.5,11937,,,,0
2014,Alberta,2016A000248,Depreciation charges,Dollars,81,thousands,3,v8729,10.13,1615588,,,,0
2014,Alberta,2016A000248,Realized net income,Dollars,81,thousands,3,v8724,10.8,1100046,,,,0
2014,Alberta,2016A000248,Value of inventory change,Dollars,81,thousands,3,v8718,10.2,-754010,,,,0
2014,Alberta,2016A000248,"Net income, total",Dollars,81,thousands,3,v8725,10.9,346036,,,,0
2014,British Columbia,2016A000259,"Cash receipts, total",Dollars,81,thousands,3,v8739,11.1,3036909,,,,0
2014,British Columbia,2016A000259,Operating expenses after rebates,Dollars,81,thousands,3,v8740,11.11,2605007,,,,0
2014,British Columbia,2016A000259,Net cash income,Dollars,81,thousands,3,v8741,11.12,431903,,,,0
2014,British Columbia,2016A000259,Income-in-kind,Dollars,81,thousands,3,v8734,11.5,5050,,,,0
2014,British Columbia,2016A000259,Depreciation charges,Dollars,81,thousands,3,v8742,11.13,399198,,,,0
2014,British Columbia,2016A000259,Realized net income,Dollars,81,thousands,3,v8737,11.8,37754,,,,0
2014,British Columbia,2016A000259,Value of inventory change,Dollars,81,thousands,3,v8731,11.2,-49258,,,,0
2014,British Columbia,2016A000259,"Net income, total",Dollars,81,thousands,3,v8738,11.9,-11504,,,,0
2015,Canada,2016A000011124,"Cash receipts, total",Dollars,81,thousands,3,v8622,1.1,60076137,,,,0
2015,Canada,2016A000011124,Operating expenses after rebates,Dollars,81,thousands,3,v8623,1.11,45985502,,,,0
2015,Canada,2016A000011124,Net cash income,Dollars,81,thousands,3,v8624,1.12,14090636,,,,0
2015,Canada,2016A000011124,Income-in-kind,Dollars,81,thousands,3,v8617,1.5,61336,,,,0
2015,Canada,2016A000011124,Depreciation charges,Dollars,81,thousands,3,v8625,1.13,7134267,,,,0
2015,Canada,2016A000011124,Realized net income,Dollars,81,thousands,3,v8620,1.8,7017705,,,,0
2015,Canada,2016A000011124,Value of inventory change,Dollars,81,thousands,3,v8614,1.2,-121895,,,,0
2015,Canada,2016A000011124,"Net income, total",Dollars,81,thousands,3,v8621,1.9,6895810,,,,0
2015,Newfoundland and Labrador,2016A000210,"Cash receipts, total",Dollars,81,thousands,3,v8076,2.1,132154,,,,0
2015,Newfoundland and Labrador,2016A000210,Operating expenses after rebates,Dollars,81,thousands,3,v8077,2.11,119461,,,,0
2015,Newfoundland and Labrador,2016A000210,Net cash income,Dollars,81,thousands,3,v8078,2.12,12692,,,,0
2015,Newfoundland and Labrador,2016A000210,Income-in-kind,Dollars,81,thousands,3,v8073,2.5,572,,,,0
2015,Newfoundland and Labrador,2016A000210,Depreciation charges,Dollars,81,thousands,3,v8079,2.13,9728,,,,0
2015,Newfoundland and Labrador,2016A000210,Realized net income,Dollars,81,thousands,3,v8074,2.8,3536,,,,0
2015,Newfoundland and Labrador,2016A000210,Value of inventory change,Dollars,81,thousands,3,v8072,2.2,-379,,,,0
2015,Newfoundland and Labrador,2016A000210,"Net income, total",Dollars,81,thousands,3,v8075,2.9,3158,,,,0
2015,Prince Edward Island,2016A000211,"Cash receipts, total",Dollars,81,thousands,3,v8635,3.1,477759,,,,0
2015,Prince Edward Island,2016A000211,Operating expenses after rebates,Dollars,81,thousands,3,v8636,3.11,388257,,,,0
2015,Prince Edward Island,2016A000211,Net cash income,Dollars,81,thousands,3,v8637,3.12,89502,,,,0
2015,Prince Edward Island,2016A000211,Income-in-kind,Dollars,81,thousands,3,v8630,3.5,320,,,,0
2015,Prince Edward Island,2016A000211,Depreciation charges,Dollars,81,thousands,3,v8638,3.13,48600,,,,0
2015,Prince Edward Island,2016A000211,Realized net income,Dollars,81,thousands,3,v8633,3.8,41221,,,,0
2015,Prince Edward Island,2016A000211,Value of inventory change,Dollars,81,thousands,3,v8627,3.2,4259,,,,0
2015,Prince Edward Island,2016A000211,"Net income, total",Dollars,81,thousands,3,v8634,3.9,45480,,,,0
2015,Nova Scotia,2016A000212,"Cash receipts, total",Dollars,81,thousands,3,v8648,4.1,595444,,,,0
2015,Nova Scotia,2016A000212,Operating expenses after rebates,Dollars,81,thousands,3,v8649,4.11,500383,,,,0
2015,Nova Scotia,2016A000212,Net cash income,Dollars,81,thousands,3,v8650,4.12,95061,,,,0
2015,Nova Scotia,2016A000212,Income-in-kind,Dollars,81,thousands,3,v8643,4.5,1211,,,,0
2015,Nova Scotia,2016A000212,Depreciation charges,Dollars,81,thousands,3,v8651,4.13,67030,,,,0
2015,Nova Scotia,2016A000212,Realized net income,Dollars,81,thousands,3,v8646,4.8,29241,,,,0
2015,Nova Scotia,2016A000212,Value of inventory change,Dollars,81,thousands,3,v8640,4.2,807,,,,0
2015,Nova Scotia,2016A000212,"Net income, total",Dollars,81,thousands,3,v8647,4.9,30049,,,,0
2015,New Brunswick,2016A000213,"Cash receipts, total",Dollars,81,thousands,3,v8661,5.1,574918,,,,0
2015,New Brunswick,2016A000213,Operating expenses after rebates,Dollars,81,thousands,3,v8662,5.11,449755,,,,0
2015,New Brunswick,2016A000213,Net cash income,Dollars,81,thousands,3,v8663,5.12,125163,,,,0
2015,New Brunswick,2016A000213,Income-in-kind,Dollars,81,thousands,3,v8656,5.5,864,,,,0
2015,New Brunswick,2016A000213,Depreciation charges,Dollars,81,thousands,3,v8664,5.13,57438,,,,0
2015,New Brunswick,2016A000213,Realized net income,Dollars,81,thousands,3,v8659,5.8,68589,,,,0
2015,New Brunswick,2016A000213,Value of inventory change,Dollars,81,thousands,3,v8653,5.2,13154,,,,0
2015,New Brunswick,2016A000213,"Net income, total",Dollars,81,thousands,3,v8660,5.9,81743,,,,0
2015,Quebec,2016A000224,"Cash receipts, total",Dollars,81,thousands,3,v8674,6.1,8195681,,,,0
2015,Quebec,2016A000224,Operating expenses after rebates,Dollars,81,thousands,3,v8675,6.11,6630932,,,,0
2015,Quebec,2016A000224,Net cash income,Dollars,81,thousands,3,v8676,6.12,1564749,,,,0
2015,Quebec,2016A000224,Income-in-kind,Dollars,81,thousands,3,v8669,6.5,14040,,,,0
2015,Quebec,2016A000224,Depreciation charges,Dollars,81,thousands,3,v8677,6.13,913245,,,,0
2015,Quebec,2016A000224,Realized net income,Dollars,81,thousands,3,v8672,6.8,665545,,,,0
2015,Quebec,2016A000224,Value of inventory change,Dollars,81,thousands,3,v8666,6.2,175319,,,,0
2015,Quebec,2016A000224,"Net income, total",Dollars,81,thousands,3,v8673,6.9,840863,,,,0
2015,Ontario,2016A000235,"Cash receipts, total",Dollars,81,thousands,3,v8687,7.1,12927096,,,,0
2015,Ontario,2016A000235,Operating expenses after rebates,Dollars,81,thousands,3,v8688,7.11,10448128,,,,0
2015,Ontario,2016A000235,Net cash income,Dollars,81,thousands,3,v8689,7.12,2478967,,,,0
2015,Ontario,2016A000235,Income-in-kind,Dollars,81,thousands,3,v8682,7.5,12934,,,,0
2015,Ontario,2016A000235,Depreciation charges,Dollars,81,thousands,3,v8690,7.13,1531280,,,,0
2015,Ontario,2016A000235,Realized net income,Dollars,81,thousands,3,v8685,7.8,960622,,,,0
2015,Ontario,2016A000235,Value of inventory change,Dollars,81,thousands,3,v8679,7.2,194743,,,,0
2015,Ontario,2016A000235,"Net income, total",Dollars,81,thousands,3,v8686,7.9,1155365,,,,0
2015,Manitoba,2016A000246,"Cash receipts, total",Dollars,81,thousands,3,v8700,8.1,5830289,,,,0
2015,Manitoba,2016A000246,Operating expenses after rebates,Dollars,81,thousands,3,v8701,8.11,4705004,,,,0
2015,Manitoba,2016A000246,Net cash income,Dollars,81,thousands,3,v8702,8.12,1125285,,,,0
2015,Manitoba,2016A000246,Income-in-kind,Dollars,81,thousands,3,v8695,8.5,5100,,,,0
2015,Manitoba,2016A000246,Depreciation charges,Dollars,81,thousands,3,v8703,8.13,699372,,,,0
2015,Manitoba,2016A000246,Realized net income,Dollars,81,thousands,3,v8698,8.8,431013,,,,0
2015,Manitoba,2016A000246,Value of inventory change,Dollars,81,thousands,3,v8692,8.2,305689,,,,0
2015,Manitoba,2016A000246,"Net income, total",Dollars,81,thousands,3,v8699,8.9,736702,,,,0
2015,Saskatchewan,2016A000247,"Cash receipts, total",Dollars,81,thousands,3,v8713,9.1,14562627,,,,0
2015,Saskatchewan,2016A000247,Operating expenses after rebates,Dollars,81,thousands,3,v8714,9.11,9531239,,,,0
2015,Saskatchewan,2016A000247,Net cash income,Dollars,81,thousands,3,v8715,9.12,5031388,,,,0
2015,Saskatchewan,2016A000247,Income-in-kind,Dollars,81,thousands,3,v8708,9.5,7218,,,,0
2015,Saskatchewan,2016A000247,Depreciation charges,Dollars,81,thousands,3,v8716,9.13,1650667,,,,0
2015,Saskatchewan,2016A000247,Realized net income,Dollars,81,thousands,3,v8711,9.8,3387940,,,,0
2015,Saskatchewan,2016A000247,Value of inventory change,Dollars,81,thousands,3,v8705,9.2,-531788,,,,0
2015,Saskatchewan,2016A000247,"Net income, total",Dollars,81,thousands,3,v8712,9.9,2856152,,,,0
2015,Alberta,2016A000248,"Cash receipts, total",Dollars,81,thousands,3,v8726,10.1,13607255,,,,0
2015,Alberta,2016A000248,Operating expenses after rebates,Dollars,81,thousands,3,v8727,10.11,10515833,,,,0
2015,Alberta,2016A000248,Net cash income,Dollars,81,thousands,3,v8728,10.12,3091422,,,,0
2015,Alberta,2016A000248,Income-in-kind,Dollars,81,thousands,3,v8721,10.5,13435,,,,0
2015,Alberta,2016A000248,Depreciation charges,Dollars,81,thousands,3,v8729,10.13,1749830,,,,0
2015,Alberta,2016A000248,Realized net income,Dollars,81,thousands,3,v8724,10.8,1355026,,,,0
2015,Alberta,2016A000248,Value of inventory change,Dollars,81,thousands,3,v8718,10.2,-327437,,,,0
2015,Alberta,2016A000248,"Net income, total",Dollars,81,thousands,3,v8725,10.9,1027590,,,,0
2015,British Columbia,2016A000259,"Cash receipts, total",Dollars,81,thousands,3,v8739,11.1,3172915,,,,0
2015,British Columbia,2016A000259,Operating expenses after rebates,Dollars,81,thousands,3,v8740,11.11,2696509,,,,0
2015,British Columbia,2016A000259,Net cash income,Dollars,81,thousands,3,v8741,11.12,476406,,,,0
2015,British Columbia,2016A000259,Income-in-kind,Dollars,81,thousands,3,v8734,11.5,5644,,,,0
2015,British Columbia,2016A000259,Depreciation charges,Dollars,81,thousands,3,v8742,11.13,407078,,,,0
2015,British Columbia,2016A000259,Realized net income,Dollars,81,thousands,3,v8737,11.8,74971,,,,0
2015,British Columbia,2016A000259,Value of inventory change,Dollars,81,thousands,3,v8731,11.2,43737,,,,0
2015,British Columbia,2016A000259,"Net income, total",Dollars,81,thousands,3,v8738,11.9,118709,,,,0
2016,Canada,2016A000011124,"Cash receipts, total",Dollars,81,thousands,3,v8622,1.1,60699813,,,,0
2016,Canada,2016A000011124,Operating expenses after rebates,Dollars,81,thousands,3,v8623,1.11,46521121,,,,0
2016,Canada,2016A000011124,Net cash income,Dollars,81,thousands,3,v8624,1.12,14178692,,,,0
2016,Canada,2016A000011124,Income-in-kind,Dollars,81,thousands,3,v8617,1.5,55690,,,,0
2016,Canada,2016A000011124,Depreciation charges,Dollars,81,thousands,3,v8625,1.13,7312896,,,,0
2016,Canada,2016A000011124,Realized net income,Dollars,81,thousands,3,v8620,1.8,6921486,,,,0
2016,Canada,2016A000011124,Value of inventory change,Dollars,81,thousands,3,v8614,1.2,1198401,,,,0
2016,Canada,2016A000011124,"Net income, total",Dollars,81,thousands,3,v8621,1.9,8119888,,,,0
2016,Newfoundland and Labrador,2016A000210,"Cash receipts, total",Dollars,81,thousands,3,v8076,2.1,132009,,,,0
2016,Newfoundland and Labrador,2016A000210,Operating expenses after rebates,Dollars,81,thousands,3,v8077,2.11,119809,,,,0
2016,Newfoundland and Labrador,2016A000210,Net cash income,Dollars,81,thousands,3,v8078,2.12,12200,,,,0
2016,Newfoundland and Labrador,2016A000210,Income-in-kind,Dollars,81,thousands,3,v8073,2.5,371,,,,0
2016,Newfoundland and Labrador,2016A000210,Depreciation charges,Dollars,81,thousands,3,v8079,2.13,9840,,,,0
2016,Newfoundland and Labrador,2016A000210,Realized net income,Dollars,81,thousands,3,v8074,2.8,2732,,,,0
2016,Newfoundland and Labrador,2016A000210,Value of inventory change,Dollars,81,thousands,3,v8072,2.2,-322,,,,0
2016,Newfoundland and Labrador,2016A000210,"Net income, total",Dollars,81,thousands,3,v8075,2.9,2409,,,,0
2016,Prince Edward Island,2016A000211,"Cash receipts, total",Dollars,81,thousands,3,v8635,3.1,483217,,,,0
2016,Prince Edward Island,2016A000211,Operating expenses after rebates,Dollars,81,thousands,3,v8636,3.11,393054,,,,0
2016,Prince Edward Island,2016A000211,Net cash income,Dollars,81,thousands,3,v8637,3.12,90163,,,,0
2016,Prince Edward Island,2016A000211,Income-in-kind,Dollars,81,thousands,3,v8630,3.5,319,,,,0
2016,Prince Edward Island,2016A000211,Depreciation charges,Dollars,81,thousands,3,v8638,3.13,48955,,,,0
2016,Prince Edward Island,2016A000211,Realized net income,Dollars,81,thousands,3,v8633,3.8,41528,,,,0
2016,Prince Edward Island,2016A000211,Value of inventory change,Dollars,81,thousands,3,v8627,3.2,280,,,,0
2016,Prince Edward Island,2016A000211,"Net income, total",Dollars,81,thousands,3,v8634,3.9,41807,,,,0
2016,Nova Scotia,2016A000212,"Cash receipts, total",Dollars,81,thousands,3,v8648,4.1,594515,,,,0
2016,Nova Scotia,2016A000212,Operating expenses after rebates,Dollars,81,thousands,3,v8649,4.11,504767,,,,0
2016,Nova Scotia,2016A000212,Net cash income,Dollars,81,thousands,3,v8650,4.12,89748,,,,0
2016,Nova Scotia,2016A000212,Income-in-kind,Dollars,81,thousands,3,v8643,4.5,1140,,,,0
2016,Nova Scotia,2016A000212,Depreciation charges,Dollars,81,thousands,3,v8651,4.13,67619,,,,0
2016,Nova Scotia,2016A000212,Realized net income,Dollars,81,thousands,3,v8646,4.8,23268,,,,0
2016,Nova Scotia,2016A000212,Value of inventory change,Dollars,81,thousands,3,v8640,4.2,-6780,,,,0
2016,Nova Scotia,2016A000212,"Net income, total",Dollars,81,thousands,3,v8647,4.9,16488,,,,0
2016,New Brunswick,2016A000213,"Cash receipts, total",Dollars,81,thousands,3,v8661,5.1,582859,,,,0
2016,New Brunswick,2016A000213,Operating expenses after rebates,Dollars,81,thousands,3,v8662,5.11,458712,,,,0
2016,New Brunswick,2016A000213,Net cash income,Dollars,81,thousands,3,v8663,5.12,124147,,,,0
2016,New Brunswick,2016A000213,Income-in-kind,Dollars,81,thousands,3,v8656,5.5,824,,,,0
2016,New Brunswick,2016A000213,Depreciation charges,Dollars,81,thousands,3,v8664,5.13,57514,,,,0
2016,New Brunswick,2016A000213,Realized net income,Dollars,81,thousands,3,v8659,5.8,67457,,,,0
2016,New Brunswick,2016A000213,Value of inventory change,Dollars,81,thousands,3,v8653,5.2,4340,,,,0
2016,New Brunswick,2016A000213,"Net income, total",Dollars,81,thousands,3,v8660,5.9,71797,,,,0
2016,Quebec,2016A000224,"Cash receipts, total",Dollars,81,thousands,3,v8674,6.1,8757162,,,,0
2016,Quebec,2016A000224,Operating expenses after rebates,Dollars,81,thousands,3,v8675,6.11,6783358,,,,0
2016,Quebec,2016A000224,Net cash income,Dollars,81,thousands,3,v8676,6.12,1973804,,,,0
2016,Quebec,2016A000224,Income-in-kind,Dollars,81,thousands,3,v8669,6.5,13122,,,,0
2016,Quebec,2016A000224,Depreciation charges,Dollars,81,thousands,3,v8677,6.13,933694,,,,0
2016,Quebec,2016A000224,Realized net income,Dollars,81,thousands,3,v8672,6.8,1053231,,,,0
2016,Quebec,2016A000224,Value of inventory change,Dollars,81,thousands,3,v8666,6.2,-59826,,,,0
2016,Quebec,2016A000224,"Net income, total",Dollars,81,thousands,3,v8673,6.9,993406,,,,0
2016,Ontario,2016A000235,"Cash receipts, total",Dollars,81,thousands,3,v8687,7.1,13314880,,,,0
2016,Ontario,2016A000235,Operating expenses after rebates,Dollars,81,thousands,3,v8688,7.11,10545666,,,,0
2016,Ontario,2016A000235,Net cash income,Dollars,81,thousands,3,v8689,7.12,2769213,,,,0
2016,Ontario,2016A000235,Income-in-kind,Dollars,81,thousands,3,v8682,7.5,11972,,,,0
2016,Ontario,2016A000235,Depreciation charges,Dollars,81,thousands,3,v8690,7.13,1573014,,,,0
2016,Ontario,2016A000235,Realized net income,Dollars,81,thousands,3,v8685,7.8,1208171,,,,0
2016,Ontario,2016A000235,Value of inventory change,Dollars,81,thousands,3,v8679,7.2,-154041,,,,0
2016,Ontario,2016A000235,"Net income, total",Dollars,81,thousands,3,v8686,7.9,1054130,,,,0
2016,Manitoba,2016A000246,"Cash receipts, total",Dollars,81,thousands,3,v8700,8.1,5982079,,,,0
2016,Manitoba,2016A000246,Operating expenses after rebates,Dollars,81,thousands,3,v8701,8.11,4733203,,,,0
2016,Manitoba,2016A000246,Net cash income,Dollars,81,thousands,3,v8702,8.12,1248876,,,,0
2016,Manitoba,2016A000246,Income-in-kind,Dollars,81,thousands,3,v8695,8.5,4560,,,,0
2016,Manitoba,2016A000246,Depreciation charges,Dollars,81,thousands,3,v8703,8.13,708278,,,,0
2016,Manitoba,2016A000246,Realized net income,Dollars,81,thousands,3,v8698,8.8,545158,,,,0
2016,Manitoba,2016A000246,Value of inventory change,Dollars,81,thousands,3,v8692,8.2,75194,,,,0
2016,Manitoba,2016A000246,"Net income, total",Dollars,81,thousands,3,v8699,8.9,620352,,,,0
2016,Saskatchewan,2016A000247,"Cash receipts, total",Dollars,81,thousands,3,v8713,9.1,14228284,,,,0
2016,Saskatchewan,2016A000247,Operating expenses after rebates,Dollars,81,thousands,3,v8714,9.11,9890666,,,,0
2016,Saskatchewan,2016A000247,Net cash income,Dollars,81,thousands,3,v8715,9.12,4337618,,,,0
2016,Saskatchewan,2016A000247,Income-in-kind,Dollars,81,thousands,3,v8708,9.5,6635,,,,0
2016,Saskatchewan,2016A000247,Depreciation charges,Dollars,81,thousands,3,v8716,9.13,1702640,,,,0
2016,Saskatchewan,2016A000247,Realized net income,Dollars,81,thousands,3,v8711,9.8,2641613,,,,0
2016,Saskatchewan,2016A000247,Value of inventory change,Dollars,81,thousands,3,v8705,9.2,797081,,,,0
2016,Saskatchewan,2016A000247,"Net income, total",Dollars,81,thousands,3,v8712,9.9,3438694,,,,0
2016,Alberta,2016A000248,"Cash receipts, total",Dollars,81,thousands,3,v8726,10.1,13483861,,,,0
2016,Alberta,2016A000248,Operating expenses after rebates,Dollars,81,thousands,3,v8727,10.11,10346366,,,,0
2016,Alberta,2016A000248,Net cash income,Dollars,81,thousands,3,v8728,10.12,3137495,,,,0
2016,Alberta,2016A000248,Income-in-kind,Dollars,81,thousands,3,v8721,10.5,11622,,,,0
2016,Alberta,2016A000248,Depreciation charges,Dollars,81,thousands,3,v8729,10.13,1795031,,,,0
2016,Alberta,2016A000248,Realized net income,Dollars,81,thousands,3,v8724,10.8,1354085,,,,0
2016,Alberta,2016A000248,Value of inventory change,Dollars,81,thousands,3,v8718,10.2,507988,,,,0
2016,Alberta,2016A000248,"Net income, total",Dollars,81,thousands,3,v8725,10.9,1862073,,,,0
2016,British Columbia,2016A000259,"Cash receipts, total",Dollars,81,thousands,3,v8739,11.1,3140947,,,,0
2016,British Columbia,2016A000259,Operating expenses after rebates,Dollars,81,thousands,3,v8740,11.11,2745519,,,,0
2016,British Columbia,2016A000259,Net cash income,Dollars,81,thousands,3,v8741,11.12,395428,,,,0
2016,British Columbia,2016A000259,Income-in-kind,Dollars,81,thousands,3,v8734,11.5,5125,,,,0
2016,British Columbia,2016A000259,Depreciation charges,Dollars,81,thousands,3,v8742,11.13,416310,,,,0
2016,British Columbia,2016A000259,Realized net income,Dollars,81,thousands,3,v8737,11.8,-15757,,,,0
2016,British Columbia,2016A000259,Value of inventory change,Dollars,81,thousands,3,v8731,11.2,34488,,,,0
2016,British Columbia,2016A000259,"Net income, total",Dollars,81,thousands,3,v8738,11.9,18731,,,,0
2017,Canada,2016A000011124,"Cash receipts, total",Dollars,81,thousands,3,v8622,1.1,62433143,,,,0
2017,Canada,2016A000011124,Operating expenses after rebates,Dollars,81,thousands,3,v8623,1.11,48279624,,,,0
2017,Canada,2016A000011124,Net cash income,Dollars,81,thousands,3,v8624,1.12,14153519,,,,0
2017,Canada,2016A000011124,Income-in-kind,Dollars,81,thousands,3,v8617,1.5,56217,,,,0
2017,Canada,2016A000011124,Depreciation charges,Dollars,81,thousands,3,v8625,1.13,7601930,,,,0
2017,Canada,2016A000011124,Realized net income,Dollars,81,thousands,3,v8620,1.8,6607806,,,,0
2017,Canada,2016A000011124,Value of inventory change,Dollars,81,thousands,3,v8614,1.2,1361247,,,,0
2017,Canada,2016A000011124,"Net income, total",Dollars,81,thousands,3,v8621,1.9,7969053,,,,0
2017,Newfoundland and Labrador,2016A000210,"Cash receipts, total",Dollars,81,thousands,3,v8076,2.1,138266,,,,0
2017,Newfoundland and Labrador,2016A000210,Operating expenses after rebates,Dollars,81,thousands,3,v8077,2.11,118342,,,,0
2017,Newfoundland and Labrador,2016A000210,Net cash income,Dollars,81,thousands,3,v8078,2.12,19925,,,,0
2017,Newfoundland and Labrador,2016A000210,Income-in-kind,Dollars,81,thousands,3,v8073,2.5,373,,,,0
2017,Newfoundland and Labrador,2016A000210,Depreciation charges,Dollars,81,thousands,3,v8079,2.13,10174,,,,0
2017,Newfoundland and Labrador,2016A000210,Realized net income,Dollars,81,thousands,3,v8074,2.8,10124,,,,0
2017,Newfoundland and Labrador,2016A000210,Value of inventory change,Dollars,81,thousands,3,v8072,2.2,645,,,,0
2017,Newfoundland and Labrador,2016A000210,"Net income, total",Dollars,81,thousands,3,v8075,2.9,10769,,,,0
2017,Prince Edward Island,2016A000211,"Cash receipts, total",Dollars,81,thousands,3,v8635,3.1,498209,,,,0
2017,Prince Edward Island,2016A000211,Operating expenses after rebates,Dollars,81,thousands,3,v8636,3.11,400589,,,,0
2017,Prince Edward Island,2016A000211,Net cash income,Dollars,81,thousands,3,v8637,3.12,97620,,,,0
2017,Prince Edward Island,2016A000211,Income-in-kind,Dollars,81,thousands,3,v8630,3.5,306,,,,0
2017,Prince Edward Island,2016A000211,Depreciation charges,Dollars,81,thousands,3,v8638,3.13,49687,,,,0
2017,Prince Edward Island,2016A000211,Realized net income,Dollars,81,thousands,3,v8633,3.8,48238,,,,0
2017,Prince Edward Island,2016A000211,Value of inventory change,Dollars,81,thousands,3,v8627,3.2,-3262,,,,0
2017,Prince Edward Island,2016A000211,"Net income, total",Dollars,81,thousands,3,v8634,3.9,44976,,,,0
2017,Nova Scotia,2016A000212,"Cash receipts, total",Dollars,81,thousands,3,v8648,4.1,564745,,,,0
2017,Nova Scotia,2016A000212,Operating expenses after rebates,Dollars,81,thousands,3,v8649,4.11,504542,,,,0
2017,Nova Scotia,2016A000212,Net cash income,Dollars,81,thousands,3,v8650,4.12,60202,,,,0
2017,Nova Scotia,2016A000212,Income-in-kind,Dollars,81,thousands,3,v8643,4.5,1120,,,,0
2017,Nova Scotia,2016A000212,Depreciation charges,Dollars,81,thousands,3,v8651,4.13,69839,,,,0
2017,Nova Scotia,2016A000212,Realized net income,Dollars,81,thousands,3,v8646,4.8,-8517,,,,0
2017,Nova Scotia,2016A000212,Value of inventory change,Dollars,81,thousands,3,v8640,4.2,2819,,,,0
2017,Nova Scotia,2016A000212,"Net income, total",Dollars,81,thousands,3,v8647,4.9,-5698,,,,0
2017,New Brunswick,2016A000213,"Cash receipts, total",Dollars,81,thousands,3,v8661,5.1,606869,,,,0
2017,New Brunswick,2016A000213,Operating expenses after rebates,Dollars,81,thousands,3,v8662,5.11,482371,,,,0
2017,New Brunswick,2016A000213,Net cash income,Dollars,81,thousands,3,v8663,5.12,124497,,,,0
2017,New Brunswick,2016A000213,Income-in-kind,Dollars,81,thousands,3,v8656,5.5,792,,,,0
2017,New Brunswick,2016A000213,Depreciation charges,Dollars,81,thousands,3,v8664,5.13,58767,,,,0
2017,New Brunswick,2016A000213,Realized net income,Dollars,81,thousands,3,v8659,5.8,66522,,,,0
2017,New Brunswick,2016A000213,Value of inventory change,Dollars,81,thousands,3,v8653,5.2,6382,,,,0
2017,New Brunswick,2016A000213,"Net income, total",Dollars,81,thousands,3,v8660,5.9,72904,,,,0
2017,Quebec,2016A000224,"Cash receipts, total",Dollars,81,thousands,3,v8674,6.1,8781947,,,,0
2017,Quebec,2016A000224,Operating expenses after rebates,Dollars,81,thousands,3,v8675,6.11,6911582,,,,0
2017,Quebec,2016A000224,Net cash income,Dollars,81,thousands,3,v8676,6.12,1870365,,,,0
2017,Quebec,2016A000224,Income-in-kind,Dollars,81,thousands,3,v8669,6.5,12771,,,,0
2017,Quebec,2016A000224,Depreciation charges,Dollars,81,thousands,3,v8677,6.13,964263,,,,0
2017,Quebec,2016A000224,Realized net income,Dollars,81,thousands,3,v8672,6.8,918873,,,,0
2017,Quebec,2016A000224,Value of inventory change,Dollars,81,thousands,3,v8666,6.2,110716,,,,0
2017,Quebec,2016A000224,"Net income, total",Dollars,81,thousands,3,v8673,6.9,1029589,,,,0
2017,Ontario,2016A000235,"Cash receipts, total",Dollars,81,thousands,3,v8687,7.1,13422453,,,,0
2017,Ontario,2016A000235,Operating expenses after rebates,Dollars,81,thousands,3,v8688,7.11,11063127,,,,0
2017,Ontario,2016A000235,Net cash income,Dollars,81,thousands,3,v8689,7.12,2359326,,,,0
2017,Ontario,2016A000235,Income-in-kind,Dollars,81,thousands,3,v8682,7.5,11732,,,,0
2017,Ontario,2016A000235,Depreciation charges,Dollars,81,thousands,3,v8690,7.13,1648362,,,,0
2017,Ontario,2016A000235,Realized net income,Dollars,81,thousands,3,v8685,7.8,722696,,,,0
2017,Ontario,2016A000235,Value of inventory change,Dollars,81,thousands,3,v8679,7.2,393567,,,,0
2017,Ontario,2016A000235,"Net income, total",Dollars,81,thousands,3,v8686,7.9,1116263,,,,0
2017,Manitoba,2016A000246,"Cash receipts, total",Dollars,81,thousands,3,v8700,8.1,6702855,,,,0
2017,Manitoba,2016A000246,Operating expenses after rebates,Dollars,81,thousands,3,v8701,8.11,4922451,,,,0
2017,Manitoba,2016A000246,Net cash income,Dollars,81,thousands,3,v8702,8.12,1780404,,,,0
2017,Manitoba,2016A000246,Income-in-kind,Dollars,81,thousands,3,v8695,8.5,4646,,,,0
2017,Manitoba,2016A000246,Depreciation charges,Dollars,81,thousands,3,v8703,8.13,731230,,,,0
2017,Manitoba,2016A000246,Realized net income,Dollars,81,thousands,3,v8698,8.8,1053820,,,,0
2017,Manitoba,2016A000246,Value of inventory change,Dollars,81,thousands,3,v8692,8.2,151287,,,,0
2017,Manitoba,2016A000246,"Net income, total",Dollars,81,thousands,3,v8699,8.9,1205107,,,,0
2017,Saskatchewan,2016A000247,"Cash receipts, total",Dollars,81,thousands,3,v8713,9.1,14223014,,,,0
2017,Saskatchewan,2016A000247,Operating expenses after rebates,Dollars,81,thousands,3,v8714,9.11,10165097,,,,0
2017,Saskatchewan,2016A000247,Net cash income,Dollars,81,thousands,3,v8715,9.12,4057917,,,,0
2017,Saskatchewan,2016A000247,Income-in-kind,Dollars,81,thousands,3,v8708,9.5,7316,,,,0
2017,Saskatchewan,2016A000247,Depreciation charges,Dollars,81,thousands,3,v8716,9.13,1776560,,,,0
2017,Saskatchewan,2016A000247,Realized net income,Dollars,81,thousands,3,v8711,9.8,2288673,,,,0
2017,Saskatchewan,2016A000247,Value of inventory change,Dollars,81,thousands,3,v8705,9.2,221022,,,,0
2017,Saskatchewan,2016A000247,"Net income, total",Dollars,81,thousands,3,v8712,9.9,2509695,,,,0
2017,Alberta,2016A000248,"Cash receipts, total",Dollars,81,thousands,3,v8726,10.1,14204162,,,,0
2017,Alberta,2016A000248,Operating expenses after rebates,Dollars,81,thousands,3,v8727,10.11,10862874,,,,0
2017,Alberta,2016A000248,Net cash income,Dollars,81,thousands,3,v8728,10.12,3341288,,,,0
2017,Alberta,2016A000248,Income-in-kind,Dollars,81,thousands,3,v8721,10.5,11801,,,,0
2017,Alberta,2016A000248,Depreciation charges,Dollars,81,thousands,3,v8729,10.13,1857566,,,,0
2017,Alberta,2016A000248,Realized net income,Dollars,81,thousands,3,v8724,10.8,1495523,,,,0
2017,Alberta,2016A000248,Value of inventory change,Dollars,81,thousands,3,v8718,10.2,443513,,,,0
2017,Alberta,2016A000248,"Net income, total",Dollars,81,thousands,3,v8725,10.9,1939035,,,,0
2017,British Columbia,2016A000259,"Cash receipts, total",Dollars,81,thousands,3,v8739,11.1,3290625,,,,0
2017,British Columbia,2016A000259,Operating expenses after rebates,Dollars,81,thousands,3,v8740,11.11,2848649,,,,0
2017,British Columbia,2016A000259,Net cash income,Dollars,81,thousands,3,v8741,11.12,441976,,,,0
2017,British Columbia,2016A000259,Income-in-kind,Dollars,81,thousands,3,v8734,11.5,5360,,,,0
2017,British Columbia,2016A000259,Depreciation charges,Dollars,81,thousands,3,v8742,11.13,435483,,,,0
2017,British Columbia,2016A000259,Realized net income,Dollars,81,thousands,3,v8737,11.8,11853,,,,0
2017,British Columbia,2016A000259,Value of inventory change,Dollars,81,thousands,3,v8731,11.2,34558,,,,0
2017,British Columbia,2016A000259,"Net income, total",Dollars,81,thousands,3,v8738,11.9,46411,,,,0
2018,Canada,2016A000011124,"Cash receipts, total",Dollars,81,thousands,3,v8622,1.1,62800068,,,,0
2018,Canada,2016A000011124,Operating expenses after rebates,Dollars,81,thousands,3,v8623,1.11,51100244,,,,0
2018,Canada,2016A000011124,Net cash income,Dollars,81,thousands,3,v8624,1.12,11699824,,,,0
2018,Canada,2016A000011124,Income-in-kind,Dollars,81,thousands,3,v8617,1.5,56183,,,,0
2018,Canada,2016A000011124,Depreciation charges,Dollars,81,thousands,3,v8625,1.13,7845376,,,,0
2018,Canada,2016A000011124,Realized net income,Dollars,81,thousands,3,v8620,1.8,3910631,,,,0
2018,Canada,2016A000011124,Value of inventory change,Dollars,81,thousands,3,v8614,1.2,49767,,,,0
2018,Canada,2016A000011124,"Net income, total",Dollars,81,thousands,3,v8621,1.9,3960397,,,,0
2018,Newfoundland and Labrador,2016A000210,"Cash receipts, total",Dollars,81,thousands,3,v8076,2.1,138279,,,,0
2018,Newfoundland and Labrador,2016A000210,Operating expenses after rebates,Dollars,81,thousands,3,v8077,2.11,120743,,,,0
2018,Newfoundland and Labrador,2016A000210,Net cash income,Dollars,81,thousands,3,v8078,2.12,17536,,,,0
2018,Newfoundland and Labrador,2016A000210,Income-in-kind,Dollars,81,thousands,3,v8073,2.5,365,,,,0
2018,Newfoundland and Labrador,2016A000210,Depreciation charges,Dollars,81,thousands,3,v8079,2.13,12161,,,,0
2018,Newfoundland and Labrador,2016A000210,Realized net income,Dollars,81,thousands,3,v8074,2.8,5740,,,,0
2018,Newfoundland and Labrador,2016A000210,Value of inventory change,Dollars,81,thousands,3,v8072,2.2,-324,,,,0
2018,Newfoundland and Labrador,2016A000210,"Net income, total",Dollars,81,thousands,3,v8075,2.9,5417,,,,0
2018,Prince Edward Island,2016A000211,"Cash receipts, total",Dollars,81,thousands,3,v8635,3.1,507217,,,,0
2018,Prince Edward Island,2016A000211,Operating expenses after rebates,Dollars,81,thousands,3,v8636,3.11,421673,,,,0
2018,Prince Edward Island,2016A000211,Net cash income,Dollars,81,thousands,3,v8637,3.12,85543,,,,0
2018,Prince Edward Island,2016A000211,Income-in-kind,Dollars,81,thousands,3,v8630,3.5,305,,,,0
2018,Prince Edward Island,2016A000211,Depreciation charges,Dollars,81,thousands,3,v8638,3.13,52095,,,,0
2018,Prince Edward Island,2016A000211,Realized net income,Dollars,81,thousands,3,v8633,3.8,33753,,,,0
2018,Prince Edward Island,2016A000211,Value of inventory change,Dollars,81,thousands,3,v8627,3.2,-13180,,,,0
2018,Prince Edward Island,2016A000211,"Net income, total",Dollars,81,thousands,3,v8634,3.9,20573,,,,0
2018,Nova Scotia,2016A000212,"Cash receipts, total",Dollars,81,thousands,3,v8648,4.1,573574,,,,0
2018,Nova Scotia,2016A000212,Operating expenses after rebates,Dollars,81,thousands,3,v8649,4.11,510820,,,,0
2018,Nova Scotia,2016A000212,Net cash income,Dollars,81,thousands,3,v8650,4.12,62754,,,,0
2018,Nova Scotia,2016A000212,Income-in-kind,Dollars,81,thousands,3,v8643,4.5,1134,,,,0
2018,Nova Scotia,2016A000212,Depreciation charges,Dollars,81,thousands,3,v8651,4.13,72083,,,,0
2018,Nova Scotia,2016A000212,Realized net income,Dollars,81,thousands,3,v8646,4.8,-8195,,,,0
2018,Nova Scotia,2016A000212,Value of inventory change,Dollars,81,thousands,3,v8640,4.2,929,,,,0
2018,Nova Scotia,2016A000212,"Net income, total",Dollars,81,thousands,3,v8647,4.9,-7266,,,,0
2018,New Brunswick,2016A000213,"Cash receipts, total",Dollars,81,thousands,3,v8661,5.1,674341,,,,0
2018,New Brunswick,2016A000213,Operating expenses after rebates,Dollars,81,thousands,3,v8662,5.11,560130,,,,0
2018,New Brunswick,2016A000213,Net cash income,Dollars,81,thousands,3,v8663,5.12,114211,,,,0
2018,New Brunswick,2016A000213,Income-in-kind,Dollars,81,thousands,3,v8656,5.5,801,,,,0
2018,New Brunswick,2016A000213,Depreciation charges,Dollars,81,thousands,3,v8664,5.13,62305,,,,0
2018,New Brunswick,2016A000213,Realized net income,Dollars,81,thousands,3,v8659,5.8,52708,,,,0
2018,New Brunswick,2016A000213,Value of inventory change,Dollars,81,thousands,3,v8653,5.2,1225,,,,0
2018,New Brunswick,2016A000213,"Net income, total",Dollars,81,thousands,3,v8660,5.9,53933,,,,0
2018,Quebec,2016A000224,"Cash receipts, total",Dollars,81,thousands,3,v8674,6.1,8878304,,,,0
2018,Quebec,2016A000224,Operating expenses after rebates,Dollars,81,thousands,3,v8675,6.11,7486722,,,,0
2018,Quebec,2016A000224,Net cash income,Dollars,81,thousands,3,v8676,6.12,1391582,,,,0
2018,Quebec,2016A000224,Income-in-kind,Dollars,81,thousands,3,v8669,6.5,12879,,,,0
2018,Quebec,2016A000224,Depreciation charges,Dollars,81,thousands,3,v8677,6.13,1001254,,,,0
2018,Quebec,2016A000224,Realized net income,Dollars,81,thousands,3,v8672,6.8,403206,,,,0
2018,Quebec,2016A000224,Value of inventory change,Dollars,81,thousands,3,v8666,6.2,-77612,,,,0
2018,Quebec,2016A000224,"Net income, total",Dollars,81,thousands,3,v8673,6.9,325594,,,,0
2018,Ontario,2016A000235,"Cash receipts, total",Dollars,81,thousands,3,v8687,7.1,14251987,,,,0
2018,Ontario,2016A000235,Operating expenses after rebates,Dollars,81,thousands,3,v8688,7.11,11852588,,,,0
2018,Ontario,2016A000235,Net cash income,Dollars,81,thousands,3,v8689,7.12,2399398,,,,0
2018,Ontario,2016A000235,Income-in-kind,Dollars,81,thousands,3,v8682,7.5,11666,,,,0
2018,Ontario,2016A000235,Depreciation charges,Dollars,81,thousands,3,v8690,7.13,1724329,,,,0
2018,Ontario,2016A000235,Realized net income,Dollars,81,thousands,3,v8685,7.8,686735,,,,0
2018,Ontario,2016A000235,Value of inventory change,Dollars,81,thousands,3,v8679,7.2,-61423,,,,0
2018,Ontario,2016A000235,"Net income, total",Dollars,81,thousands,3,v8686,7.9,625312,,,,0
2018,Manitoba,2016A000246,"Cash receipts, total",Dollars,81,thousands,3,v8700,8.1,6635537,,,,0
2018,Manitoba,2016A000246,Operating expenses after rebates,Dollars,81,thousands,3,v8701,8.11,5200690,,,,0
2018,Manitoba,2016A000246,Net cash income,Dollars,81,thousands,3,v8702,8.12,1434847,,,,0
2018,Manitoba,2016A000246,Income-in-kind,Dollars,81,thousands,3,v8695,8.5,4678,,,,0
2018,Manitoba,2016A000246,Depreciation charges,Dollars,81,thousands,3,v8703,8.13,748298,,,,0
2018,Manitoba,2016A000246,Realized net income,Dollars,81,thousands,3,v8698,8.8,691227,,,,0
2018,Manitoba,2016A000246,Value of inventory change,Dollars,81,thousands,3,v8692,8.2,-11376,,,,0
2018,Manitoba,2016A000246,"Net income, total",Dollars,81,thousands,3,v8699,8.9,679851,,,,0
2018,Saskatchewan,2016A000247,"Cash receipts, total",Dollars,81,thousands,3,v8713,9.1,14042278,,,,0
2018,Saskatchewan,2016A000247,Operating expenses after rebates,Dollars,81,thousands,3,v8714,9.11,10421744,,,,0
2018,Saskatchewan,2016A000247,Net cash income,Dollars,81,thousands,3,v8715,9.12,3620534,,,,0
2018,Saskatchewan,2016A000247,Income-in-kind,Dollars,81,thousands,3,v8708,9.5,6960,,,,0
2018,Saskatchewan,2016A000247,Depreciation charges,Dollars,81,thousands,3,v8716,9.13,1807162,,,,0
2018,Saskatchewan,2016A000247,Realized net income,Dollars,81,thousands,3,v8711,9.8,1820332,,,,0
2018,Saskatchewan,2016A000247,Value of inventory change,Dollars,81,thousands,3,v8705,9.2,167963,,,,0
2018,Saskatchewan,2016A000247,"Net income, total",Dollars,81,thousands,3,v8712,9.9,1988295,,,,0
2018,Alberta,2016A000248,"Cash receipts, total",Dollars,81,thousands,3,v8726,10.1,13606901,,,,0
2018,Alberta,2016A000248,Operating expenses after rebates,Dollars,81,thousands,3,v8727,10.11,11465394,,,,0
2018,Alberta,2016A000248,Net cash income,Dollars,81,thousands,3,v8728,10.12,2141507,,,,0
2018,Alberta,2016A000248,Income-in-kind,Dollars,81,thousands,3,v8721,10.5,11899,,,,0
2018,Alberta,2016A000248,Depreciation charges,Dollars,81,thousands,3,v8729,10.13,1907377,,,,0
2018,Alberta,2016A000248,Realized net income,Dollars,81,thousands,3,v8724,10.8,246029,,,,0
2018,Alberta,2016A000248,Value of inventory change,Dollars,81,thousands,3,v8718,10.2,52200,,,,0
2018,Alberta,2016A000248,"Net income, total",Dollars,81,thousands,3,v8725,10.9,298229,,,,0
2018,British Columbia,2016A000259,"Cash receipts, total",Dollars,81,thousands,3,v8739,11.1,3491651,,,,0
2018,British Columbia,2016A000259,Operating expenses after rebates,Dollars,81,thousands,3,v8740,11.11,3059740,,,,0
2018,British Columbia,2016A000259,Net cash income,Dollars,81,thousands,3,v8741,11.12,431911,,,,0
2018,British Columbia,2016A000259,Income-in-kind,Dollars,81,thousands,3,v8734,11.5,5497,,,,0
2018,British Columbia,2016A000259,Depreciation charges,Dollars,81,thousands,3,v8742,11.13,458312,,,,0
2018,British Columbia,2016A000259,Realized net income,Dollars,81,thousands,3,v8737,11.8,-20905,,,,0
2018,British Columbia,2016A000259,Value of inventory change,Dollars,81,thousands,3,v8731,11.2,-8635,,,,0
2018,British Columbia,2016A000259,"Net income, total",Dollars,81,thousands,3,v8738,11.9,-29540,,,,0
2019,Canada,2016A000011124,"Cash receipts, total",Dollars,81,thousands,3,v8622,1.1,66218775,,,,0
2019,Canada,2016A000011124,Operating expenses after rebates,Dollars,81,thousands,3,v8623,1.11,54395006,,,,0
2019,Canada,2016A000011124,Net cash income,Dollars,81,thousands,3,v8624,1.12,11823769,,,,0
2019,Canada,2016A000011124,Income-in-kind,Dollars,81,thousands,3,v8617,1.5,54923,,,,0
2019,Canada,2016A000011124,Depreciation charges,Dollars,81,thousands,3,v8625,1.13,8140210,,,,0
2019,Canada,2016A000011124,Realized net income,Dollars,81,thousands,3,v8620,1.8,3738482,,,,0
2019,Canada,2016A000011124,Value of inventory change,Dollars,81,thousands,3,v8614,1.2,403776,,,,0
2019,Canada,2016A000011124,"Net income, total",Dollars,81,thousands,3,v8621,1.9,4142259,,,,0
2019,Newfoundland and Labrador,2016A000210,"Cash receipts, total",Dollars,81,thousands,3,v8076,2.1,141425,,,,0
2019,Newfoundland and Labrador,2016A000210,Operating expenses after rebates,Dollars,81,thousands,3,v8077,2.11,120492,,,,0
2019,Newfoundland and Labrador,2016A000210,Net cash income,Dollars,81,thousands,3,v8078,2.12,20933,,,,0
2019,Newfoundland and Labrador,2016A000210,Income-in-kind,Dollars,81,thousands,3,v8073,2.5,366,,,,0
2019,Newfoundland and Labrador,2016A000210,Depreciation charges,Dollars,81,thousands,3,v8079,2.13,13977,,,,0
2019,Newfoundland and Labrador,2016A000210,Realized net income,Dollars,81,thousands,3,v8074,2.8,7322,,,,0
2019,Newfoundland and Labrador,2016A000210,Value of inventory change,Dollars,81,thousands,3,v8072,2.2,-342,,,,0
2019,Newfoundland and Labrador,2016A000210,"Net income, total",Dollars,81,thousands,3,v8075,2.9,6980,,,,0
2019,Prince Edward Island,2016A000211,"Cash receipts, total",Dollars,81,thousands,3,v8635,3.1,543932,,,,0
2019,Prince Edward Island,2016A000211,Operating expenses after rebates,Dollars,81,thousands,3,v8636,3.11,443056,,,,0
2019,Prince Edward Island,2016A000211,Net cash income,Dollars,81,thousands,3,v8637,3.12,100876,,,,0
2019,Prince Edward Island,2016A000211,Income-in-kind,Dollars,81,thousands,3,v8630,3.5,279,,,,0
2019,Prince Edward Island,2016A000211,Depreciation charges,Dollars,81,thousands,3,v8638,3.13,55544,,,,0
2019,Prince Edward Island,2016A000211,Realized net income,Dollars,81,thousands,3,v8633,3.8,45611,,,,0
2019,Prince Edward Island,2016A000211,Value of inventory change,Dollars,81,thousands,3,v8627,3.2,14596,,,,0
2019,Prince Edward Island,2016A000211,"Net income, total",Dollars,81,thousands,3,v8634,3.9,60207,,,,0
2019,Nova Scotia,2016A000212,"Cash receipts, total",Dollars,81,thousands,3,v8648,4.1,589207,,,,0
2019,Nova Scotia,2016A000212,Operating expenses after rebates,Dollars,81,thousands,3,v8649,4.11,521729,,,,0
2019,Nova Scotia,2016A000212,Net cash income,Dollars,81,thousands,3,v8650,4.12,67478,,,,0
2019,Nova Scotia,2016A000212,Income-in-kind,Dollars,81,thousands,3,v8643,4.5,1081,,,,0
2019,Nova Scotia,2016A000212,Depreciation charges,Dollars,81,thousands,3,v8651,4.13,74488,,,,0
2019,Nova Scotia,2016A000212,Realized net income,Dollars,81,thousands,3,v8646,4.8,-5929,,,,0
2019,Nova Scotia,2016A000212,Value of inventory change,Dollars,81,thousands,3,v8640,4.2,-2487,,,,0
2019,Nova Scotia,2016A000212,"Net income, total",Dollars,81,thousands,3,v8647,4.9,-8417,,,,0
2019,New Brunswick,2016A000213,"Cash receipts, total",Dollars,81,thousands,3,v8661,5.1,831156,,,,0
2019,New Brunswick,2016A000213,Operating expenses after rebates,Dollars,81,thousands,3,v8662,5.11,644204,,,,0
2019,New Brunswick,2016A000213,Net cash income,Dollars,81,thousands,3,v8663,5.12,186952,,,,0
2019,New Brunswick,2016A000213,Income-in-kind,Dollars,81,thousands,3,v8656,5.5,762,,,,0
2019,New Brunswick,2016A000213,Depreciation charges,Dollars,81,thousands,3,v8664,5.13,71083,,,,0
2019,New Brunswick,2016A000213,Realized net income,Dollars,81,thousands,3,v8659,5.8,116632,,,,0
2019,New Brunswick,2016A000213,Value of inventory change,Dollars,81,thousands,3,v8653,5.2,9645,,,,0
2019,New Brunswick,2016A000213,"Net income, total",Dollars,81,thousands,3,v8660,5.9,126277,,,,0
2019,Quebec,2016A000224,"Cash receipts, total",Dollars,81,thousands,3,v8674,6.1,9584261,,,,0
2019,Quebec,2016A000224,Operating expenses after rebates,Dollars,81,thousands,3,v8675,6.11,7956274,,,,0
2019,Quebec,2016A000224,Net cash income,Dollars,81,thousands,3,v8676,6.12,1627987,,,,0
2019,Quebec,2016A000224,Income-in-kind,Dollars,81,thousands,3,v8669,6.5,12777,,,,0
2019,Quebec,2016A000224,Depreciation charges,Dollars,81,thousands,3,v8677,6.13,1062059,,,,0
2019,Quebec,2016A000224,Realized net income,Dollars,81,thousands,3,v8672,6.8,578704,,,,0
2019,Quebec,2016A000224,Value of inventory change,Dollars,81,thousands,3,v8666,6.2,-106062,,,,0
2019,Quebec,2016A000224,"Net income, total",Dollars,81,thousands,3,v8673,6.9,472642,,,,0
2019,Ontario,2016A000235,"Cash receipts, total",Dollars,81,thousands,3,v8687,7.1,15073019,,,,0
2019,Ontario,2016A000235,Operating expenses after rebates,Dollars,81,thousands,3,v8688,7.11,12804568,,,,0
2019,Ontario,2016A000235,Net cash income,Dollars,81,thousands,3,v8689,7.12,2268451,,,,0
2019,Ontario,2016A000235,Income-in-kind,Dollars,81,thousands,3,v8682,7.5,11492,,,,0
2019,Ontario,2016A000235,Depreciation charges,Dollars,81,thousands,3,v8690,7.13,1826321,,,,0
2019,Ontario,2016A000235,Realized net income,Dollars,81,thousands,3,v8685,7.8,453622,,,,0
2019,Ontario,2016A000235,Value of inventory change,Dollars,81,thousands,3,v8679,7.2,72513,,,,0
2019,Ontario,2016A000235,"Net income, total",Dollars,81,thousands,3,v8686,7.9,526135,,,,0
2019,Manitoba,2016A000246,"Cash receipts, total",Dollars,81,thousands,3,v8700,8.1,6674218,,,,0
2019,Manitoba,2016A000246,Operating expenses after rebates,Dollars,81,thousands,3,v8701,8.11,5408308,,,,0
2019,Manitoba,2016A000246,Net cash income,Dollars,81,thousands,3,v8702,8.12,1265910,,,,0
2019,Manitoba,2016A000246,Income-in-kind,Dollars,81,thousands,3,v8695,8.5,4583,,,,0
2019,Manitoba,2016A000246,Depreciation charges,Dollars,81,thousands,3,v8703,8.13,766498,,,,0
2019,Manitoba,2016A000246,Realized net income,Dollars,81,thousands,3,v8698,8.8,503995,,,,0
2019,Manitoba,2016A000246,Value of inventory change,Dollars,81,thousands,3,v8692,8.2,-137661,,,,0
2019,Manitoba,2016A000246,"Net income, total",Dollars,81,thousands,3,v8699,8.9,366333,,,,0
2019,Saskatchewan,2016A000247,"Cash receipts, total",Dollars,81,thousands,3,v8713,9.1,14079058,,,,0
2019,Saskatchewan,2016A000247,Operating expenses after rebates,Dollars,81,thousands,3,v8714,9.11,10829754,,,,0
2019,Saskatchewan,2016A000247,Net cash income,Dollars,81,thousands,3,v8715,9.12,3249304,,,,0
2019,Saskatchewan,2016A000247,Income-in-kind,Dollars,81,thousands,3,v8708,9.5,6368,,,,0
2019,Saskatchewan,2016A000247,Depreciation charges,Dollars,81,thousands,3,v8716,9.13,1840775,,,,0
2019,Saskatchewan,2016A000247,Realized net income,Dollars,81,thousands,3,v8711,9.8,1414897,,,,0
2019,Saskatchewan,2016A000247,Value of inventory change,Dollars,81,thousands,3,v8705,9.2,648616,,,,0
2019,Saskatchewan,2016A000247,"Net income, total",Dollars,81,thousands,3,v8712,9.9,2063513,,,,0
2019,Alberta,2016A000248,"Cash receipts, total",Dollars,81,thousands,3,v8726,10.1,14876830,,,,0
2019,Alberta,2016A000248,Operating expenses after rebates,Dollars,81,thousands,3,v8727,10.11,12304233,,,,0
2019,Alberta,2016A000248,Net cash income,Dollars,81,thousands,3,v8728,10.12,2572597,,,,0
2019,Alberta,2016A000248,Income-in-kind,Dollars,81,thousands,3,v8721,10.5,11739,,,,0
2019,Alberta,2016A000248,Depreciation charges,Dollars,81,thousands,3,v8729,10.13,1949598,,,,0
2019,Alberta,2016A000248,Realized net income,Dollars,81,thousands,3,v8724,10.8,634737,,,,0
2019,Alberta,2016A000248,Value of inventory change,Dollars,81,thousands,3,v8718,10.2,-105623,,,,0
2019,Alberta,2016A000248,"Net income, total",Dollars,81,thousands,3,v8725,10.9,529115,,,,0
2019,British Columbia,2016A000259,"Cash receipts, total",Dollars,81,thousands,3,v8739,11.1,3825669,,,,0
2019,British Columbia,2016A000259,Operating expenses after rebates,Dollars,81,thousands,3,v8740,11.11,3362388,,,,0
2019,British Columbia,2016A000259,Net cash income,Dollars,81,thousands,3,v8741,11.12,463281,,,,0
2019,British Columbia,2016A000259,Income-in-kind,Dollars,81,thousands,3,v8734,11.5,5477,,,,0
2019,British Columbia,2016A000259,Depreciation charges,Dollars,81,thousands,3,v8742,11.13,479866,,,,0
2019,British Columbia,2016A000259,Realized net income,Dollars,81,thousands,3,v8737,11.8,-11108,,,,0
2019,British Columbia,2016A000259,Value of inventory change,Dollars,81,thousands,3,v8731,11.2,10583,,,,0
2019,British Columbia,2016A000259,"Net income, total",Dollars,81,thousands,3,v8738,11.9,-526,,,,0
2020,Canada,2016A000011124,"Cash receipts, total",Dollars,81,thousands,3,v8622,1.1,71676391,,,,0
2020,Canada,2016A000011124,Operating expenses after rebates,Dollars,81,thousands,3,v8623,1.11,55824185,,,,0
2020,Canada,2016A000011124,Net cash income,Dollars,81,thousands,3,v8624,1.12,15852206,,,,0
2020,Canada,2016A000011124,Income-in-kind,Dollars,81,thousands,3,v8617,1.5,54306,,,,0
2020,Canada,2016A000011124,Depreciation charges,Dollars,81,thousands,3,v8625,1.13,8456630,,,,0
2020,Canada,2016A000011124,Realized net income,Dollars,81,thousands,3,v8620,1.8,7449882,,,,0
2020,Canada,2016A000011124,Value of inventory change,Dollars,81,thousands,3,v8614,1.2,-1486592,,,,0
2020,Canada,2016A000011124,"Net income, total",Dollars,81,thousands,3,v8621,1.9,5963290,,,,0
2020,Newfoundland and Labrador,2016A000210,"Cash receipts, total",Dollars,81,thousands,3,v8076,2.1,125419,,,,0
2020,Newfoundland and Labrador,2016A000210,Operating expenses after rebates,Dollars,81,thousands,3,v8077,2.11,119687,,,,0
2020,Newfoundland and Labrador,2016A000210,Net cash income,Dollars,81,thousands,3,v8078,2.12,5732,,,,0
2020,Newfoundland and Labrador,2016A000210,Income-in-kind,Dollars,81,thousands,3,v8073,2.5,366,,,,0
2020,Newfoundland and Labrador,2016A000210,Depreciation charges,Dollars,81,thousands,3,v8079,2.13,14714,,,,0
2020,Newfoundland and Labrador,2016A000210,Realized net income,Dollars,81,thousands,3,v8074,2.8,-8617,,,,0
2020,Newfoundland and Labrador,2016A000210,Value of inventory change,Dollars,81,thousands,3,v8072,2.2,-1480,,,,0
2020,Newfoundland and Labrador,2016A000210,"Net income, total",Dollars,81,thousands,3,v8075,2.9,-10097,,,,0
2020,Prince Edward Island,2016A000211,"Cash receipts, total",Dollars,81,thousands,3,v8635,3.1,556583,,,,0
2020,Prince Edward Island,2016A000211,Operating expenses after rebates,Dollars,81,thousands,3,v8636,3.11,457826,,,,0
2020,Prince Edward Island,2016A000211,Net cash income,Dollars,81,thousands,3,v8637,3.12,98757,,,,0
2020,Prince Edward Island,2016A000211,Income-in-kind,Dollars,81,thousands,3,v8630,3.5,245,,,,0
2020,Prince Edward Island,2016A000211,Depreciation charges,Dollars,81,thousands,3,v8638,3.13,57866,,,,0
2020,Prince Edward Island,2016A000211,Realized net income,Dollars,81,thousands,3,v8633,3.8,41136,,,,0
2020,Prince Edward Island,2016A000211,Value of inventory change,Dollars,81,thousands,3,v8627,3.2,-41153,,,,0
2020,Prince Edward Island,2016A000211,"Net income, total",Dollars,81,thousands,3,v8634,3.9,-17,,,,0
2020,Nova Scotia,2016A000212,"Cash receipts, total",Dollars,81,thousands,3,v8648,4.1,565692,,,,0
2020,Nova Scotia,2016A000212,Operating expenses after rebates,Dollars,81,thousands,3,v8649,4.11,556340,,,,0
2020,Nova Scotia,2016A000212,Net cash income,Dollars,81,thousands,3,v8650,4.12,9352,,,,0
2020,Nova Scotia,2016A000212,Income-in-kind,Dollars,81,thousands,3,v8643,4.5,881,,,,0
2020,Nova Scotia,2016A000212,Depreciation charges,Dollars,81,thousands,3,v8651,4.13,76662,,,,0
2020,Nova Scotia,2016A000212,Realized net income,Dollars,81,thousands,3,v8646,4.8,-66429,,,,0
2020,Nova Scotia,2016A000212,Value of inventory change,Dollars,81,thousands,3,v8640,4.2,4557,,,,0
2020,Nova Scotia,2016A000212,"Net income, total",Dollars,81,thousands,3,v8647,4.9,-61873,,,,0
2020,New Brunswick,2016A000213,"Cash receipts, total",Dollars,81,thousands,3,v8661,5.1,837373,,,,0
2020,New Brunswick,2016A000213,Operating expenses after rebates,Dollars,81,thousands,3,v8662,5.11,671297,,,,0
2020,New Brunswick,2016A000213,Net cash income,Dollars,81,thousands,3,v8663,5.12,166076,,,,0
2020,New Brunswick,2016A000213,Income-in-kind,Dollars,81,thousands,3,v8656,5.5,733,,,,0
2020,New Brunswick,2016A000213,Depreciation charges,Dollars,81,thousands,3,v8664,5.13,79158,,,,0
2020,New Brunswick,2016A000213,Realized net income,Dollars,81,thousands,3,v8659,5.8,87652,,,,0
2020,New Brunswick,2016A000213,Value of inventory change,Dollars,81,thousands,3,v8653,5.2,-33812,,,,0
2020,New Brunswick,2016A000213,"Net income, total",Dollars,81,thousands,3,v8660,5.9,53840,,,,0
2020,Quebec,2016A000224,"Cash receipts, total",Dollars,81,thousands,3,v8674,6.1,10076685,,,,0
2020,Quebec,2016A000224,Operating expenses after rebates,Dollars,81,thousands,3,v8675,6.11,8277691,,,,0
2020,Quebec,2016A000224,Net cash income,Dollars,81,thousands,3,v8676,6.12,1798994,,,,0
2020,Quebec,2016A000224,Income-in-kind,Dollars,81,thousands,3,v8669,6.5,12840,,,,0
2020,Quebec,2016A000224,Depreciation charges,Dollars,81,thousands,3,v8677,6.13,1120398,,,,0
2020,Quebec,2016A000224,Realized net income,Dollars,81,thousands,3,v8672,6.8,691436,,,,0
2020,Quebec,2016A000224,Value of inventory change,Dollars,81,thousands,3,v8666,6.2,-150632,,,,0
2020,Quebec,2016A000224,"Net income, total",Dollars,81,thousands,3,v8673,6.9,540804,,,,0
2020,Ontario,2016A000235,"Cash receipts, total",Dollars,81,thousands,3,v8687,7.1,16799612,,,,0
2020,Ontario,2016A000235,Operating expenses after rebates,Dollars,81,thousands,3,v8688,7.11,13396444,,,,0
2020,Ontario,2016A000235,Net cash income,Dollars,81,thousands,3,v8689,7.12,3403168,,,,0
2020,Ontario,2016A000235,Income-in-kind,Dollars,81,thousands,3,v8682,7.5,11709,,,,0
2020,Ontario,2016A000235,Depreciation charges,Dollars,81,thousands,3,v8690,7.13,1923712,,,,0
2020,Ontario,2016A000235,Realized net income,Dollars,81,thousands,3,v8685,7.8,1491165,,,,0
2020,Ontario,2016A000235,Value of inventory change,Dollars,81,thousands,3,v8679,7.2,-136069,,,,0
2020,Ontario,2016A000235,"Net income, total",Dollars,81,thousands,3,v8686,7.9,1355096,,,,0
2020,Manitoba,2016A000246,"Cash receipts, total",Dollars,81,thousands,3,v8700,8.1,7004797,,,,0
2020,Manitoba,2016A000246,Operating expenses after rebates,Dollars,81,thousands,3,v8701,8.11,5500815,,,,0
2020,Manitoba,2016A000246,Net cash income,Dollars,81,thousands,3,v8702,8.12,1503982,,,,0
2020,Manitoba,2016A000246,Income-in-kind,Dollars,81,thousands,3,v8695,8.5,4821,,,,0
2020,Manitoba,2016A000246,Depreciation charges,Dollars,81,thousands,3,v8703,8.13,788148,,,,0
2020,Manitoba,2016A000246,Realized net income,Dollars,81,thousands,3,v8698,8.8,720655,,,,0
2020,Manitoba,2016A000246,Value of inventory change,Dollars,81,thousands,3,v8692,8.2,-78215,,,,0
2020,Manitoba,2016A000246,"Net income, total",Dollars,81,thousands,3,v8699,8.9,642440,,,,0
2020,Saskatchewan,2016A000247,"Cash receipts, total",Dollars,81,thousands,3,v8713,9.1,16473002,,,,0
2020,Saskatchewan,2016A000247,Operating expenses after rebates,Dollars,81,thousands,3,v8714,9.11,10896931,,,,0
2020,Saskatchewan,2016A000247,Net cash income,Dollars,81,thousands,3,v8715,9.12,5576071,,,,0
2020,Saskatchewan,2016A000247,Income-in-kind,Dollars,81,thousands,3,v8708,9.5,6052,,,,0
2020,Saskatchewan,2016A000247,Depreciation charges,Dollars,81,thousands,3,v8716,9.13,1892277,,,,0
2020,Saskatchewan,2016A000247,Realized net income,Dollars,81,thousands,3,v8711,9.8,3689846,,,,0
2020,Saskatchewan,2016A000247,Value of inventory change,Dollars,81,thousands,3,v8705,9.2,-975389,,,,0
2020,Saskatchewan,2016A000247,"Net income, total",Dollars,81,thousands,3,v8712,9.9,2714457,,,,0
2020,Alberta,2016A000248,"Cash receipts, total",Dollars,81,thousands,3,v8726,10.1,15401686,,,,0
2020,Alberta,2016A000248,Operating expenses after rebates,Dollars,81,thousands,3,v8727,10.11,12516239,,,,0
2020,Alberta,2016A000248,Net cash income,Dollars,81,thousands,3,v8728,10.12,2885447,,,,0
2020,Alberta,2016A000248,Income-in-kind,Dollars,81,thousands,3,v8721,10.5,11125,,,,0
2020,Alberta,2016A000248,Depreciation charges,Dollars,81,thousands,3,v8729,10.13,2000749,,,,0
2020,Alberta,2016A000248,Realized net income,Dollars,81,thousands,3,v8724,10.8,895823,,,,0
2020,Alberta,2016A000248,Value of inventory change,Dollars,81,thousands,3,v8718,10.2,-125893,,,,0
2020,Alberta,2016A000248,"Net income, total",Dollars,81,thousands,3,v8725,10.9,769931,,,,0
2020,British Columbia,2016A000259,"Cash receipts, total",Dollars,81,thousands,3,v8739,11.1,3835542,,,,0
2020,British Columbia,2016A000259,Operating expenses after rebates,Dollars,81,thousands,3,v8740,11.11,3430914,,,,0
2020,British Columbia,2016A000259,Net cash income,Dollars,81,thousands,3,v8741,11.12,404628,,,,0
2020,British Columbia,2016A000259,Income-in-kind,Dollars,81,thousands,3,v8734,11.5,5534,,,,0
2020,British Columbia,2016A000259,Depreciation charges,Dollars,81,thousands,3,v8742,11.13,502948,,,,0
2020,British Columbia,2016A000259,Realized net income,Dollars,81,thousands,3,v8737,11.8,-92786,,,,0
2020,British Columbia,2016A000259,Value of inventory change,Dollars,81,thousands,3,v8731,11.2,51495,,,,0
2020,British Columbia,2016A000259,"Net income, total",Dollars,81,thousands,3,v8738,11.9,-41290,,,,0
2021,Canada,2016A000011124,"Cash receipts, total",Dollars,81,thousands,3,v8622,1.1,83002709,,,,0
2021,Canada,2016A000011124,Operating expenses after rebates,Dollars,81,thousands,3,v8623,1.11,61116654,,,,0
2021,Canada,2016A000011124,Net cash income,Dollars,81,thousands,3,v8624,1.12,21886055,,,,0
2021,Canada,2016A000011124,Income-in-kind,Dollars,81,thousands,3,v8617,1.5,60988,,,,0
2021,Canada,2016A000011124,Depreciation charges,Dollars,81,thousands,3,v8625,1.13,9226183,,,,0
2021,Canada,2016A000011124,Realized net income,Dollars,81,thousands,3,v8620,1.8,12720860,,,,0
2021,Canada,2016A000011124,Value of inventory change,Dollars,81,thousands,3,v8614,1.2,-7145577,,,,0
2021,Canada,2016A000011124,"Net income, total",Dollars,81,thousands,3,v8621,1.9,5575283,,,,0
2021,Newfoundland and Labrador,2016A000210,"Cash receipts, total",Dollars,81,thousands,3,v8076,2.1,140103,,,,0
2021,Newfoundland and Labrador,2016A000210,Operating expenses after rebates,Dollars,81,thousands,3,v8077,2.11,129777,,,,0
2021,Newfoundland and Labrador,2016A000210,Net cash income,Dollars,81,thousands,3,v8078,2.12,10327,,,,0
2021,Newfoundland and Labrador,2016A000210,Income-in-kind,Dollars,81,thousands,3,v8073,2.5,416,,,,0
2021,Newfoundland and Labrador,2016A000210,Depreciation charges,Dollars,81,thousands,3,v8079,2.13,15635,,,,0
2021,Newfoundland and Labrador,2016A000210,Realized net income,Dollars,81,thousands,3,v8074,2.8,-4892,,,,0
2021,Newfoundland and Labrador,2016A000210,Value of inventory change,Dollars,81,thousands,3,v8072,2.2,2447,,,,0
2021,Newfoundland and Labrador,2016A000210,"Net income, total",Dollars,81,thousands,3,v8075,2.9,-2445,,,,0
2021,Prince Edward Island,2016A000211,"Cash receipts, total",Dollars,81,thousands,3,v8635,3.1,532108,,,,0
2021,Prince Edward Island,2016A000211,Operating expenses after rebates,Dollars,81,thousands,3,v8636,3.11,488526,,,,0
2021,Prince Edward Island,2016A000211,Net cash income,Dollars,81,thousands,3,v8637,3.12,43582,,,,0
2021,Prince Edward Island,2016A000211,Income-in-kind,Dollars,81,thousands,3,v8630,3.5,266,,,,0
2021,Prince Edward Island,2016A000211,Depreciation charges,Dollars,81,thousands,3,v8638,3.13,62926,,,,0
2021,Prince Edward Island,2016A000211,Realized net income,Dollars,81,thousands,3,v8633,3.8,-19077,,,,0
2021,Prince Edward Island,2016A000211,Value of inventory change,Dollars,81,thousands,3,v8627,3.2,112151,,,,0
2021,Prince Edward Island,2016A000211,"Net income, total",Dollars,81,thousands,3,v8634,3.9,93074,,,,0
2021,Nova Scotia,2016A000212,"Cash receipts, total",Dollars,81,thousands,3,v8648,4.1,642071,,,,0
2021,Nova Scotia,2016A000212,Operating expenses after rebates,Dollars,81,thousands,3,v8649,4.11,587637,,,,0
2021,Nova Scotia,2016A000212,Net cash income,Dollars,81,thousands,3,v8650,4.12,54433,,,,0
2021,Nova Scotia,2016A000212,Income-in-kind,Dollars,81,thousands,3,v8643,4.5,971,,,,0
2021,Nova Scotia,2016A000212,Depreciation charges,Dollars,81,thousands,3,v8651,4.13,81080,,,,0
2021,Nova Scotia,2016A000212,Realized net income,Dollars,81,thousands,3,v8646,4.8,-25675,,,,0
2021,Nova Scotia,2016A000212,Value of inventory change,Dollars,81,thousands,3,v8640,4.2,4842,,,,0
2021,Nova Scotia,2016A000212,"Net income, total",Dollars,81,thousands,3,v8647,4.9,-20833,,,,0
2021,New Brunswick,2016A000213,"Cash receipts, total",Dollars,81,thousands,3,v8661,5.1,943170,,,,0
2021,New Brunswick,2016A000213,Operating expenses after rebates,Dollars,81,thousands,3,v8662,5.11,730444,,,,0
2021,New Brunswick,2016A000213,Net cash income,Dollars,81,thousands,3,v8663,5.12,212726,,,,0
2021,New Brunswick,2016A000213,Income-in-kind,Dollars,81,thousands,3,v8656,5.5,818,,,,0
2021,New Brunswick,2016A000213,Depreciation charges,Dollars,81,thousands,3,v8664,5.13,83914,,,,0
2021,New Brunswick,2016A000213,Realized net income,Dollars,81,thousands,3,v8659,5.8,129630,,,,0
2021,New Brunswick,2016A000213,Value of inventory change,Dollars,81,thousands,3,v8653,5.2,52638,,,,0
2021,New Brunswick,2016A000213,"Net income, total",Dollars,81,thousands,3,v8660,5.9,182268,,,,0
2021,Quebec,2016A000224,"Cash receipts, total",Dollars,81,thousands,3,v8674,6.1,11076055,,,,0
2021,Quebec,2016A000224,Operating expenses after rebates,Dollars,81,thousands,3,v8675,6.11,8750913,,,,0
2021,Quebec,2016A000224,Net cash income,Dollars,81,thousands,3,v8676,6.12,2325143,,,,0
2021,Quebec,2016A000224,Income-in-kind,Dollars,81,thousands,3,v8669,6.5,14251,,,,0
2021,Quebec,2016A000224,Depreciation charges,Dollars,81,thousands,3,v8677,6.13,1255942,,,,0
2021,Quebec,2016A000224,Realized net income,Dollars,81,thousands,3,v8672,6.8,1083451,,,,0
2021,Quebec,2016A000224,Value of inventory change,Dollars,81,thousands,3,v8666,6.2,126105,,,,0
2021,Quebec,2016A000224,"Net income, total",Dollars,81,thousands,3,v8673,6.9,1209556,,,,0
2021,Ontario,2016A000235,"Cash receipts, total",Dollars,81,thousands,3,v8687,7.1,18911880,,,,0
2021,Ontario,2016A000235,Operating expenses after rebates,Dollars,81,thousands,3,v8688,7.11,14322343,,,,0
2021,Ontario,2016A000235,Net cash income,Dollars,81,thousands,3,v8689,7.12,4589537,,,,0
2021,Ontario,2016A000235,Income-in-kind,Dollars,81,thousands,3,v8682,7.5,12479,,,,0
2021,Ontario,2016A000235,Depreciation charges,Dollars,81,thousands,3,v8690,7.13,2136186,,,,0
2021,Ontario,2016A000235,Realized net income,Dollars,81,thousands,3,v8685,7.8,2465830,,,,0
2021,Ontario,2016A000235,Value of inventory change,Dollars,81,thousands,3,v8679,7.2,273051,,,,0
2021,Ontario,2016A000235,"Net income, total",Dollars,81,thousands,3,v8686,7.9,2738881,,,,0
2021,Manitoba,2016A000246,"Cash receipts, total",Dollars,81,thousands,3,v8700,8.1,8517036,,,,0
2021,Manitoba,2016A000246,Operating expenses after rebates,Dollars,81,thousands,3,v8701,8.11,6088646,,,,0
2021,Manitoba,2016A000246,Net cash income,Dollars,81,thousands,3,v8702,8.12,2428390,,,,0
2021,Manitoba,2016A000246,Income-in-kind,Dollars,81,thousands,3,v8695,8.5,5628,,,,0
2021,Manitoba,2016A000246,Depreciation charges,Dollars,81,thousands,3,v8703,8.13,846408,,,,0
2021,Manitoba,2016A000246,Realized net income,Dollars,81,thousands,3,v8698,8.8,1587609,,,,0
2021,Manitoba,2016A000246,Value of inventory change,Dollars,81,thousands,3,v8692,8.2,-701211,,,,0
2021,Manitoba,2016A000246,"Net income, total",Dollars,81,thousands,3,v8699,8.9,886398,,,,0
2021,Saskatchewan,2016A000247,"Cash receipts, total",Dollars,81,thousands,3,v8713,9.1,19290801,,,,0
2021,Saskatchewan,2016A000247,Operating expenses after rebates,Dollars,81,thousands,3,v8714,9.11,12185232,,,,0
2021,Saskatchewan,2016A000247,Net cash income,Dollars,81,thousands,3,v8715,9.12,7105569,,,,0
2021,Saskatchewan,2016A000247,Income-in-kind,Dollars,81,thousands,3,v8708,9.5,7116,,,,0
2021,Saskatchewan,2016A000247,Depreciation charges,Dollars,81,thousands,3,v8716,9.13,2018349,,,,0
2021,Saskatchewan,2016A000247,Realized net income,Dollars,81,thousands,3,v8711,9.8,5094337,,,,0
2021,Saskatchewan,2016A000247,Value of inventory change,Dollars,81,thousands,3,v8705,9.2,-4775388,,,,0
2021,Saskatchewan,2016A000247,"Net income, total",Dollars,81,thousands,3,v8712,9.9,318949,,,,0
2021,Alberta,2016A000248,"Cash receipts, total",Dollars,81,thousands,3,v8726,10.1,18765579,,,,0
2021,Alberta,2016A000248,Operating expenses after rebates,Dollars,81,thousands,3,v8727,10.11,14064597,,,,0
2021,Alberta,2016A000248,Net cash income,Dollars,81,thousands,3,v8728,10.12,4700981,,,,0
2021,Alberta,2016A000248,Income-in-kind,Dollars,81,thousands,3,v8721,10.5,12778,,,,0
2021,Alberta,2016A000248,Depreciation charges,Dollars,81,thousands,3,v8729,10.13,2179043,,,,0
2021,Alberta,2016A000248,Realized net income,Dollars,81,thousands,3,v8724,10.8,2534717,,,,0
2021,Alberta,2016A000248,Value of inventory change,Dollars,81,thousands,3,v8718,10.2,-2259889,,,,0
2021,Alberta,2016A000248,"Net income, total",Dollars,81,thousands,3,v8725,10.9,274828,,,,0
2021,British Columbia,2016A000259,"Cash receipts, total",Dollars,81,thousands,3,v8739,11.1,4183907,,,,0
2021,British Columbia,2016A000259,Operating expenses after rebates,Dollars,81,thousands,3,v8740,11.11,3768540,,,,0
2021,British Columbia,2016A000259,Net cash income,Dollars,81,thousands,3,v8741,11.12,415368,,,,0
2021,British Columbia,2016A000259,Income-in-kind,Dollars,81,thousands,3,v8734,11.5,6265,,,,0
2021,British Columbia,2016A000259,Depreciation charges,Dollars,81,thousands,3,v8742,11.13,546701,,,,0
2021,British Columbia,2016A000259,Realized net income,Dollars,81,thousands,3,v8737,11.8,-125069,,,,0
2021,British Columbia,2016A000259,Value of inventory change,Dollars,81,thousands,3,v8731,11.2,19676,,,,0
2021,British Columbia,2016A000259,"Net income, total",Dollars,81,thousands,3,v8738,11.9,-105392,,,,0
2022,Canada,2016A000011124,"Cash receipts, total",Dollars,81,thousands,3,v8622,1.1,95135111,,,,0
2022,Canada,2016A000011124,Operating expenses after rebates,Dollars,81,thousands,3,v8623,1.11,73013571,,,,0
2022,Canada,2016A000011124,Net cash income,Dollars,81,thousands,3,v8624,1.12,22121541,,,,0
2022,Canada,2016A000011124,Income-in-kind,Dollars,81,thousands,3,v8617,1.5,65671,,,,0
2022,Canada,2016A000011124,Depreciation charges,Dollars,81,thousands,3,v8625,1.13,10141358,,,,0
2022,Canada,2016A000011124,Realized net income,Dollars,81,thousands,3,v8620,1.8,12045854,,,,0
2022,Canada,2016A000011124,Value of inventory change,Dollars,81,thousands,3,v8614,1.2,10432639,,,,0
2022,Canada,2016A000011124,"Net income, total",Dollars,81,thousands,3,v8621,1.9,22478493,,,,0
2022,Newfoundland and Labrador,2016A000210,"Cash receipts, total",Dollars,81,thousands,3,v8076,2.1,155110,,,,0
2022,Newfoundland and Labrador,2016A000210,Operating expenses after rebates,Dollars,81,thousands,3,v8077,2.11,149717,,,,0
2022,Newfoundland and Labrador,2016A000210,Net cash income,Dollars,81,thousands,3,v8078,2.12,5394,,,,0
2022,Newfoundland and Labrador,2016A000210,Income-in-kind,Dollars,81,thousands,3,v8073,2.5,490,,,,0
2022,Newfoundland and Labrador,2016A000210,Depreciation charges,Dollars,81,thousands,3,v8079,2.13,16886,,,,0
2022,Newfoundland and Labrador,2016A000210,Realized net income,Dollars,81,thousands,3,v8074,2.8,-11003,,,,0
2022,Newfoundland and Labrador,2016A000210,Value of inventory change,Dollars,81,thousands,3,v8072,2.2,679,,,,0
2022,Newfoundland and Labrador,2016A000210,"Net income, total",Dollars,81,thousands,3,v8075,2.9,-10324,,,,0
2022,Prince Edward Island,2016A000211,"Cash receipts, total",Dollars,81,thousands,3,v8635,3.1,756403,,,,0
2022,Prince Edward Island,2016A000211,Operating expenses after rebates,Dollars,81,thousands,3,v8636,3.11,588571,,,,0
2022,Prince Edward Island,2016A000211,Net cash income,Dollars,81,thousands,3,v8637,3.12,167832,,,,0
2022,Prince Edward Island,2016A000211,Income-in-kind,Dollars,81,thousands,3,v8630,3.5,303,,,,0
2022,Prince Edward Island,2016A000211,Depreciation charges,Dollars,81,thousands,3,v8638,3.13,70068,,,,0
2022,Prince Edward Island,2016A000211,Realized net income,Dollars,81,thousands,3,v8633,3.8,98066,,,,0
2022,Prince Edward Island,2016A000211,Value of inventory change,Dollars,81,thousands,3,v8627,3.2,-40669,,,,0
2022,Prince Edward Island,2016A000211,"Net income, total",Dollars,81,thousands,3,v8634,3.9,57398,,,,0
2022,Nova Scotia,2016A000212,"Cash receipts, total",Dollars,81,thousands,3,v8648,4.1,723585,,,,0
2022,Nova Scotia,2016A000212,Operating expenses after rebates,Dollars,81,thousands,3,v8649,4.11,682031,,,,0
2022,Nova Scotia,2016A000212,Net cash income,Dollars,81,thousands,3,v8650,4.12,41555,,,,0
2022,Nova Scotia,2016A000212,Income-in-kind,Dollars,81,thousands,3,v8643,4.5,1102,,,,0
2022,Nova Scotia,2016A000212,Depreciation charges,Dollars,81,thousands,3,v8651,4.13,87084,,,,0
2022,Nova Scotia,2016A000212,Realized net income,Dollars,81,thousands,3,v8646,4.8,-44427,,,,0
2022,Nova Scotia,2016A000212,Value of inventory change,Dollars,81,thousands,3,v8640,4.2,-860,,,,0
2022,Nova Scotia,2016A000212,"Net income, total",Dollars,81,thousands,3,v8647,4.9,-45287,,,,0
2022,New Brunswick,2016A000213,"Cash receipts, total",Dollars,81,thousands,3,v8661,5.1,1103649,,,,0
2022,New Brunswick,2016A000213,Operating expenses after rebates,Dollars,81,thousands,3,v8662,5.11,957151,,,,0
2022,New Brunswick,2016A000213,Net cash income,Dollars,81,thousands,3,v8663,5.12,146498,,,,0
2022,New Brunswick,2016A000213,Income-in-kind,Dollars,81,thousands,3,v8656,5.5,939,,,,0
2022,New Brunswick,2016A000213,Depreciation charges,Dollars,81,thousands,3,v8664,5.13,91017,,,,0
2022,New Brunswick,2016A000213,Realized net income,Dollars,81,thousands,3,v8659,5.8,56421,,,,0
2022,New Brunswick,2016A000213,Value of inventory change,Dollars,81,thousands,3,v8653,5.2,-2110,,,,0
2022,New Brunswick,2016A000213,"Net income, total",Dollars,81,thousands,3,v8660,5.9,54311,,,,0
2022,Quebec,2016A000224,"Cash receipts, total",Dollars,81,thousands,3,v8674,6.1,12676036,,,,0
2022,Quebec,2016A000224,Operating expenses after rebates,Dollars,81,thousands,3,v8675,6.11,10425166,,,,0
2022,Quebec,2016A000224,Net cash income,Dollars,81,thousands,3,v8676,6.12,2250870,,,,0
2022,Quebec,2016A000224,Income-in-kind,Dollars,81,thousands,3,v8669,6.5,16440,,,,0
2022,Quebec,2016A000224,Depreciation charges,Dollars,81,thousands,3,v8677,6.13,1425762,,,,0
2022,Quebec,2016A000224,Realized net income,Dollars,81,thousands,3,v8672,6.8,841548,,,,0
2022,Quebec,2016A000224,Value of inventory change,Dollars,81,thousands,3,v8666,6.2,24593,,,,0
2022,Quebec,2016A000224,"Net income, total",Dollars,81,thousands,3,v8673,6.9,866141,,,,0
2022,Ontario,2016A000235,"Cash receipts, total",Dollars,81,thousands,3,v8687,7.1,21836360,,,,0
2022,Ontario,2016A000235,Operating expenses after rebates,Dollars,81,thousands,3,v8688,7.11,16940756,,,,0
2022,Ontario,2016A000235,Net cash income,Dollars,81,thousands,3,v8689,7.12,4895604,,,,0
2022,Ontario,2016A000235,Income-in-kind,Dollars,81,thousands,3,v8682,7.5,14277,,,,0
2022,Ontario,2016A000235,Depreciation charges,Dollars,81,thousands,3,v8690,7.13,2402819,,,,0
2022,Ontario,2016A000235,Realized net income,Dollars,81,thousands,3,v8685,7.8,2507062,,,,0
2022,Ontario,2016A000235,Value of inventory change,Dollars,81,thousands,3,v8679,7.2,-196794,,,,0
2022,Ontario,2016A000235,"Net income, total",Dollars,81,thousands,3,v8686,7.9,2310268,,,,0
2022,Manitoba,2016A000246,"Cash receipts, total",Dollars,81,thousands,3,v8700,8.1,9782997,,,,0
2022,Manitoba,2016A000246,Operating expenses after rebates,Dollars,81,thousands,3,v8701,8.11,7313047,,,,0
2022,Manitoba,2016A000246,Net cash income,Dollars,81,thousands,3,v8702,8.12,2469951,,,,0
2022,Manitoba,2016A000246,Income-in-kind,Dollars,81,thousands,3,v8695,8.5,6163,,,,0
2022,Manitoba,2016A000246,Depreciation charges,Dollars,81,thousands,3,v8703,8.13,905668,,,,0
2022,Manitoba,2016A000246,Realized net income,Dollars,81,thousands,3,v8698,8.8,1570446,,,,0
2022,Manitoba,2016A000246,Value of inventory change,Dollars,81,thousands,3,v8692,8.2,1601483,,,,0
2022,Manitoba,2016A000246,"Net income, total",Dollars,81,thousands,3,v8699,8.9,3171928,,,,0
2022,Saskatchewan,2016A000247,"Cash receipts, total",Dollars,81,thousands,3,v8713,9.1,21131224,,,,0
2022,Saskatchewan,2016A000247,Operating expenses after rebates,Dollars,81,thousands,3,v8714,9.11,14886676,,,,0
2022,Saskatchewan,2016A000247,Net cash income,Dollars,81,thousands,3,v8715,9.12,6244548,,,,0
2022,Saskatchewan,2016A000247,Income-in-kind,Dollars,81,thousands,3,v8708,9.5,7684,,,,0
2022,Saskatchewan,2016A000247,Depreciation charges,Dollars,81,thousands,3,v8716,9.13,2159475,,,,0
2022,Saskatchewan,2016A000247,Realized net income,Dollars,81,thousands,3,v8711,9.8,4092757,,,,0
2022,Saskatchewan,2016A000247,Value of inventory change,Dollars,81,thousands,3,v8705,9.2,5732839,,,,0
2022,Saskatchewan,2016A000247,"Net income, total",Dollars,81,thousands,3,v8712,9.9,9825597,,,,0
2022,Alberta,2016A000248,"Cash receipts, total",Dollars,81,thousands,3,v8726,10.1,22251270,,,,0
2022,Alberta,2016A000248,Operating expenses after rebates,Dollars,81,thousands,3,v8727,10.11,16714498,,,,0
2022,Alberta,2016A000248,Net cash income,Dollars,81,thousands,3,v8728,10.12,5536772,,,,0
2022,Alberta,2016A000248,Income-in-kind,Dollars,81,thousands,3,v8721,10.5,11455,,,,0
2022,Alberta,2016A000248,Depreciation charges,Dollars,81,thousands,3,v8729,10.13,2391836,,,,0
2022,Alberta,2016A000248,Realized net income,Dollars,81,thousands,3,v8724,10.8,3156391,,,,0
2022,Alberta,2016A000248,Value of inventory change,Dollars,81,thousands,3,v8718,10.2,3313933,,,,0
2022,Alberta,2016A000248,"Net income, total",Dollars,81,thousands,3,v8725,10.9,6470324,,,,0
2022,British Columbia,2016A000259,"Cash receipts, total",Dollars,81,thousands,3,v8739,11.1,4718477,,,,0
2022,British Columbia,2016A000259,Operating expenses after rebates,Dollars,81,thousands,3,v8740,11.11,4355960,,,,0
2022,British Columbia,2016A000259,Net cash income,Dollars,81,thousands,3,v8741,11.12,362517,,,,0
2022,British Columbia,2016A000259,Income-in-kind,Dollars,81,thousands,3,v8734,11.5,6817,,,,0
2022,British Columbia,2016A000259,Depreciation charges,Dollars,81,thousands,3,v8742,11.13,590743,,,,0
2022,British Columbia,2016A000259,Realized net income,Dollars,81,thousands,3,v8737,11.8,-221409,,,,0
2022,British Columbia,2016A000259,Value of inventory change,Dollars,81,thousands,3,v8731,11.2,-455,,,,0
2022,British Columbia,2016A000259,"Net income, total",Dollars,81,thousands,3,v8738,11.9,-221864,,,,0
2023,Canada,2016A000011124,"Cash receipts, total",Dollars,81,thousands,3,v8622,1.1,99483880,,,,0
2023,Canada,2016A000011124,Operating expenses after rebates,Dollars,81,thousands,3,v8623,1.11,76432057,,,,0
2023,Canada,2016A000011124,Net cash income,Dollars,81,thousands,3,v8624,1.12,23051823,,,,0
2023,Canada,2016A000011124,Income-in-kind,Dollars,81,thousands,3,v8617,1.5,71676,,,,0
2023,Canada,2016A000011124,Depreciation charges,Dollars,81,thousands,3,v8625,1.13,10469668,,,,0
2023,Canada,2016A000011124,Realized net income,Dollars,81,thousands,3,v8620,1.8,12653830,,,,0
2023,Canada,2016A000011124,Value of inventory change,Dollars,81,thousands,3,v8614,1.2,712018,,,,0
2023,Canada,2016A000011124,"Net income, total",Dollars,81,thousands,3,v8621,1.9,13365849,,,,0
2023,Newfoundland and Labrador,2016A000210,"Cash receipts, total",Dollars,81,thousands,3,v8076,2.1,171277,,,,0
2023,Newfoundland and Labrador,2016A000210,Operating expenses after rebates,Dollars,81,thousands,3,v8077,2.11,159528,,,,0
2023,Newfoundland and Labrador,2016A000210,Net cash income,Dollars,81,thousands,3,v8078,2.12,11748,,,,0
2023,Newfoundland and Labrador,2016A000210,Income-in-kind,Dollars,81,thousands,3,v8073,2.5,576,,,,0
2023,Newfoundland and Labrador,2016A000210,Depreciation charges,Dollars,81,thousands,3,v8079,2.13,17821,,,,0
2023,Newfoundland and Labrador,2016A000210,Realized net income,Dollars,81,thousands,3,v8074,2.8,-5497,,,,0
2023,Newfoundland and Labrador,2016A000210,Value of inventory change,Dollars,81,thousands,3,v8072,2.2,-1203,,,,0
2023,Newfoundland and Labrador,2016A000210,"Net income, total",Dollars,81,thousands,3,v8075,2.9,-6701,,,,0
2023,Prince Edward Island,2016A000211,"Cash receipts, total",Dollars,81,thousands,3,v8635,3.1,806911,,,,0
2023,Prince Edward Island,2016A000211,Operating expenses after rebates,Dollars,81,thousands,3,v8636,3.11,626692,,,,0
2023,Prince Edward Island,2016A000211,Net cash income,Dollars,81,thousands,3,v8637,3.12,180219,,,,0
2023,Prince Edward Island,2016A000211,Income-in-kind,Dollars,81,thousands,3,v8630,3.5,253,,,,0
2023,Prince Edward Island,2016A000211,Depreciation charges,Dollars,81,thousands,3,v8638,3.13,75746,,,,0
2023,Prince Edward Island,2016A000211,Realized net income,Dollars,81,thousands,3,v8633,3.8,104727,,,,0
2023,Prince Edward Island,2016A000211,Value of inventory change,Dollars,81,thousands,3,v8627,3.2,-28687,,,,0
2023,Prince Edward Island,2016A000211,"Net income, total",Dollars,81,thousands,3,v8634,3.9,76040,,,,0
2023,Nova Scotia,2016A000212,"Cash receipts, total",Dollars,81,thousands,3,v8648,4.1,742879,,,,0
2023,Nova Scotia,2016A000212,Operating expenses after rebates,Dollars,81,thousands,3,v8649,4.11,701989,,,,0
2023,Nova Scotia,2016A000212,Net cash income,Dollars,81,thousands,3,v8650,4.12,40890,,,,0
2023,Nova Scotia,2016A000212,Income-in-kind,Dollars,81,thousands,3,v8643,4.5,1060,,,,0
2023,Nova Scotia,2016A000212,Depreciation charges,Dollars,81,thousands,3,v8651,4.13,92055,,,,0
2023,Nova Scotia,2016A000212,Realized net income,Dollars,81,thousands,3,v8646,4.8,-50106,,,,0
2023,Nova Scotia,2016A000212,Value of inventory change,Dollars,81,thousands,3,v8640,4.2,-2877,,,,0
2023,Nova Scotia,2016A000212,"Net income, total",Dollars,81,thousands,3,v8647,4.9,-52983,,,,0
2023,New Brunswick,2016A000213,"Cash receipts, total",Dollars,81,thousands,3,v8661,5.1,1144544,,,,0
2023,New Brunswick,2016A000213,Operating expenses after rebates,Dollars,81,thousands,3,v8662,5.11,1012131,,,,0
2023,New Brunswick,2016A000213,Net cash income,Dollars,81,thousands,3,v8663,5.12,132413,,,,0
2023,New Brunswick,2016A000213,Income-in-kind,Dollars,81,thousands,3,v8656,5.5,952,,,,0
2023,New Brunswick,2016A000213,Depreciation charges,Dollars,81,thousands,3,v8664,5.13,96722,,,,0
2023,New Brunswick,2016A000213,Realized net income,Dollars,81,thousands,3,v8659,5.8,36644,,,,0
2023,New Brunswick,2016A000213,Value of inventory change,Dollars,81,thousands,3,v8653,5.2,-47772,,,,0
2023,New Brunswick,2016A000213,"Net income, total",Dollars,81,thousands,3,v8660,5.9,-11128,,,,0
2023,Quebec,2016A000224,"Cash receipts, total",Dollars,81,thousands,3,v8674,6.1,13036876,,,,0
2023,Quebec,2016A000224,Operating expenses after rebates,Dollars,81,thousands,3,v8675,6.11,11086767,,,,0
2023,Quebec,2016A000224,Net cash income,Dollars,81,thousands,3,v8676,6.12,1950110,,,,0
2023,Quebec,2016A000224,Income-in-kind,Dollars,81,thousands,3,v8669,6.5,16473,,,,0
2023,Quebec,2016A000224,Depreciation charges,Dollars,81,thousands,3,v8677,6.13,1474578,,,,0
2023,Quebec,2016A000224,Realized net income,Dollars,81,thousands,3,v8672,6.8,492006,,,,0
2023,Quebec,2016A000224,Value of inventory change,Dollars,81,thousands,3,v8666,6.2,-65905,,,,0
2023,Quebec,2016A000224,"Net income, total",Dollars,81,thousands,3,v8673,6.9,426101,,,,0
2023,Ontario,2016A000235,"Cash receipts, total",Dollars,81,thousands,3,v8687,7.1,22465615,,,,0
2023,Ontario,2016A000235,Operating expenses after rebates,Dollars,81,thousands,3,v8688,7.11,17675079,,,,0
2023,Ontario,2016A000235,Net cash income,Dollars,81,thousands,3,v8689,7.12,4790536,,,,0
2023,Ontario,2016A000235,Income-in-kind,Dollars,81,thousands,3,v8682,7.5,15747,,,,0
2023,Ontario,2016A000235,Depreciation charges,Dollars,81,thousands,3,v8690,7.13,2518066,,,,0
2023,Ontario,2016A000235,Realized net income,Dollars,81,thousands,3,v8685,7.8,2288217,,,,0
2023,Ontario,2016A000235,Value of inventory change,Dollars,81,thousands,3,v8679,7.2,97069,,,,0
2023,Ontario,2016A000235,"Net income, total",Dollars,81,thousands,3,v8686,7.9,2385286,,,,0
2023,Manitoba,2016A000246,"Cash receipts, total",Dollars,81,thousands,3,v8700,8.1,10219875,,,,0
2023,Manitoba,2016A000246,Operating expenses after rebates,Dollars,81,thousands,3,v8701,8.11,7730713,,,,0
2023,Manitoba,2016A000246,Net cash income,Dollars,81,thousands,3,v8702,8.12,2489161,,,,0
2023,Manitoba,2016A000246,Income-in-kind,Dollars,81,thousands,3,v8695,8.5,6933,,,,0
2023,Manitoba,2016A000246,Depreciation charges,Dollars,81,thousands,3,v8703,8.13,919980,,,,0
2023,Manitoba,2016A000246,Realized net income,Dollars,81,thousands,3,v8698,8.8,1576115,,,,0
2023,Manitoba,2016A000246,Value of inventory change,Dollars,81,thousands,3,v8692,8.2,337598,,,,0
2023,Manitoba,2016A000246,"Net income, total",Dollars,81,thousands,3,v8699,8.9,1913713,,,,0
2023,Saskatchewan,2016A000247,"Cash receipts, total",Dollars,81,thousands,3,v8713,9.1,22707995,,,,0
2023,Saskatchewan,2016A000247,Operating expenses after rebates,Dollars,81,thousands,3,v8714,9.11,15217709,,,,0
2023,Saskatchewan,2016A000247,Net cash income,Dollars,81,thousands,3,v8715,9.12,7490286,,,,0
2023,Saskatchewan,2016A000247,Income-in-kind,Dollars,81,thousands,3,v8708,9.5,9137,,,,0
2023,Saskatchewan,2016A000247,Depreciation charges,Dollars,81,thousands,3,v8716,9.13,2192894,,,,0
2023,Saskatchewan,2016A000247,Realized net income,Dollars,81,thousands,3,v8711,9.8,5306529,,,,0
2023,Saskatchewan,2016A000247,Value of inventory change,Dollars,81,thousands,3,v8705,9.2,552039,,,,0
2023,Saskatchewan,2016A000247,"Net income, total",Dollars,81,thousands,3,v8712,9.9,5858567,,,,0
2023,Alberta,2016A000248,"Cash receipts, total",Dollars,81,thousands,3,v8726,10.1,23310557,,,,0
2023,Alberta,2016A000248,Operating expenses after rebates,Dollars,81,thousands,3,v8727,10.11,17712107,,,,0
2023,Alberta,2016A000248,Net cash income,Dollars,81,thousands,3,v8728,10.12,5598450,,,,0
2023,Alberta,2016A000248,Income-in-kind,Dollars,81,thousands,3,v8721,10.5,13300,,,,0
2023,Alberta,2016A000248,Depreciation charges,Dollars,81,thousands,3,v8729,10.13,2472753,,,,0
2023,Alberta,2016A000248,Realized net income,Dollars,81,thousands,3,v8724,10.8,3138997,,,,0
2023,Alberta,2016A000248,Value of inventory change,Dollars,81,thousands,3,v8718,10.2,-85411,,,,0
2023,Alberta,2016A000248,"Net income, total",Dollars,81,thousands,3,v8725,10.9,3053587,,,,0
2023,British Columbia,2016A000259,"Cash receipts, total",Dollars,81,thousands,3,v8739,11.1,4877352,,,,0
2023,British Columbia,2016A000259,Operating expenses after rebates,Dollars,81,thousands,3,v8740,11.11,4509342,,,,0
2023,British Columbia,2016A000259,Net cash income,Dollars,81,thousands,3,v8741,11.12,368009,,,,0
2023,British Columbia,2016A000259,Income-in-kind,Dollars,81,thousands,3,v8734,11.5,7244,,,,0
2023,British Columbia,2016A000259,Depreciation charges,Dollars,81,thousands,3,v8742,11.13,609053,,,,0
2023,British Columbia,2016A000259,Realized net income,Dollars,81,thousands,3,v8737,11.8,-233800,,,,0
2023,British Columbia,2016A000259,Value of inventory change,Dollars,81,thousands,3,v8731,11.2,-42832,,,,0
2023,British Columbia,2016A000259,"Net income, total",Dollars,81,thousands,3,v8738,11.9,-276632,,,,0
2024,Canada,2016A000011124,"Cash receipts, total",Dollars,81,thousands,3,v8622,1.1,98074988,,,,0
2024,Canada,2016A000011124,Operating expenses after rebates,Dollars,81,thousands,3,v8623,1.11,78459514,,,,0
2024,Canada,2016A000011124,Net cash income,Dollars,81,thousands,3,v8624,1.12,19615474,,,,0
2024,Canada,2016A000011124,Income-in-kind,Dollars,81,thousands,3,v8617,1.5,77282,,,,0
2024,Canada,2016A000011124,Depreciation charges,Dollars,81,thousands,3,v8625,1.13,10334085,,,,0
2024,Canada,2016A000011124,Realized net income,Dollars,81,thousands,3,v8620,1.8,9358671,,,,0
2024,Canada,2016A000011124,Value of inventory change,Dollars,81,thousands,3,v8614,1.2,-180050,,,,0
2024,Canada,2016A000011124,"Net income, total",Dollars,81,thousands,3,v8621,1.9,9178621,,,,0
2024,Newfoundland and Labrador,2016A000210,"Cash receipts, total",Dollars,81,thousands,3,v8076,2.1,168433,,,,0
2024,Newfoundland and Labrador,2016A000210,Operating expenses after rebates,Dollars,81,thousands,3,v8077,2.11,156905,,,,0
2024,Newfoundland and Labrador,2016A000210,Net cash income,Dollars,81,thousands,3,v8078,2.12,11528,,,,0
2024,Newfoundland and Labrador,2016A000210,Income-in-kind,Dollars,81,thousands,3,v8073,2.5,655,,,,0
2024,Newfoundland and Labrador,2016A000210,Depreciation charges,Dollars,81,thousands,3,v8079,2.13,17584,,,,0
2024,Newfoundland and Labrador,2016A000210,Realized net income,Dollars,81,thousands,3,v8074,2.8,-5401,,,,0
2024,Newfoundland and Labrador,2016A000210,Value of inventory change,Dollars,81,thousands,3,v8072,2.2,-105,,,,0
2024,Newfoundland and Labrador,2016A000210,"Net income, total",Dollars,81,thousands,3,v8075,2.9,-5506,,,,0
2024,Prince Edward Island,2016A000211,"Cash receipts, total",Dollars,81,thousands,3,v8635,3.1,829513,,,,0
2024,Prince Edward Island,2016A000211,Operating expenses after rebates,Dollars,81,thousands,3,v8636,3.11,649662,,,,0
2024,Prince Edward Island,2016A000211,Net cash income,Dollars,81,thousands,3,v8637,3.12,179850,,,,0
2024,Prince Edward Island,2016A000211,Income-in-kind,Dollars,81,thousands,3,v8630,3.5,227,,,,0
2024,Prince Edward Island,2016A000211,Depreciation charges,Dollars,81,thousands,3,v8638,3.13,75749,,,,0
2024,Prince Edward Island,2016A000211,Realized net income,Dollars,81,thousands,3,v8633,3.8,104328,,,,0
2024,Prince Edward Island,2016A000211,Value of inventory change,Dollars,81,thousands,3,v8627,3.2,5975,,,,0
2024,Prince Edward Island,2016A000211,"Net income, total",Dollars,81,thousands,3,v8634,3.9,110303,,,,0
2024,Nova Scotia,2016A000212,"Cash receipts, total",Dollars,81,thousands,3,v8648,4.1,774688,,,,0
2024,Nova Scotia,2016A000212,Operating expenses after rebates,Dollars,81,thousands,3,v8649,4.11,717849,,,,0
2024,Nova Scotia,2016A000212,Net cash income,Dollars,81,thousands,3,v8650,4.12,56839,,,,0
2024,Nova Scotia,2016A000212,Income-in-kind,Dollars,81,thousands,3,v8643,4.5,1074,,,,0
2024,Nova Scotia,2016A000212,Depreciation charges,Dollars,81,thousands,3,v8651,4.13,91757,,,,0
2024,Nova Scotia,2016A000212,Realized net income,Dollars,81,thousands,3,v8646,4.8,-33844,,,,0
2024,Nova Scotia,2016A000212,Value of inventory change,Dollars,81,thousands,3,v8640,4.2,369,,,,0
2024,Nova Scotia,2016A000212,"Net income, total",Dollars,81,thousands,3,v8647,4.9,-33475,,,,0
2024,New Brunswick,2016A000213,"Cash receipts, total",Dollars,81,thousands,3,v8661,5.1,1175489,,,,0
2024,New Brunswick,2016A000213,Operating expenses after rebates,Dollars,81,thousands,3,v8662,5.11,1064854,,,,0
2024,New Brunswick,2016A000213,Net cash income,Dollars,81,thousands,3,v8663,5.12,110635,,,,0
2024,New Brunswick,2016A000213,Income-in-kind,Dollars,81,thousands,3,v8656,5.5,1026,,,,0
2024,New Brunswick,2016A000213,Depreciation charges,Dollars,81,thousands,3,v8664,5.13,96575,,,,0
2024,New Brunswick,2016A000213,Realized net income,Dollars,81,thousands,3,v8659,5.8,15086,,,,0
2024,New Brunswick,2016A000213,Value of inventory change,Dollars,81,thousands,3,v8653,5.2,50307,,,,0
2024,New Brunswick,2016A000213,"Net income, total",Dollars,81,thousands,3,v8660,5.9,65393,,,,0
2024,Quebec,2016A000224,"Cash receipts, total",Dollars,81,thousands,3,v8674,6.1,13053473,,,,0
2024,Quebec,2016A000224,Operating expenses after rebates,Dollars,81,thousands,3,v8675,6.11,11532452,,,,0
2024,Quebec,2016A000224,Net cash income,Dollars,81,thousands,3,v8676,6.12,1521021,,,,0
2024,Quebec,2016A000224,Income-in-kind,Dollars,81,thousands,3,v8669,6.5,17118,,,,0
2024,Quebec,2016A000224,Depreciation charges,Dollars,81,thousands,3,v8677,6.13,1448138,,,,0
2024,Quebec,2016A000224,Realized net income,Dollars,81,thousands,3,v8672,6.8,90001,,,,0
2024,Quebec,2016A000224,Value of inventory change,Dollars,81,thousands,3,v8666,6.2,16205,,,,0
2024,Quebec,2016A000224,"Net income, total",Dollars,81,thousands,3,v8673,6.9,106206,,,,0
2024,Ontario,2016A000235,"Cash receipts, total",Dollars,81,thousands,3,v8687,7.1,22669708,,,,0
2024,Ontario,2016A000235,Operating expenses after rebates,Dollars,81,thousands,3,v8688,7.11,18319240,,,,0
2024,Ontario,2016A000235,Net cash income,Dollars,81,thousands,3,v8689,7.12,4350468,,,,0
2024,Ontario,2016A000235,Income-in-kind,Dollars,81,thousands,3,v8682,7.5,16844,,,,0
2024,Ontario,2016A000235,Depreciation charges,Dollars,81,thousands,3,v8690,7.13,2515677,,,,0
2024,Ontario,2016A000235,Realized net income,Dollars,81,thousands,3,v8685,7.8,1851635,,,,0
2024,Ontario,2016A000235,Value of inventory change,Dollars,81,thousands,3,v8679,7.2,-105678,,,,0
2024,Ontario,2016A000235,"Net income, total",Dollars,81,thousands,3,v8686,7.9,1745957,,,,0
2024,Manitoba,2016A000246,"Cash receipts, total",Dollars,81,thousands,3,v8700,8.1,9793440,,,,0
2024,Manitoba,2016A000246,Operating expenses after rebates,Dollars,81,thousands,3,v8701,8.11,7671495,,,,0
2024,Manitoba,2016A000246,Net cash income,Dollars,81,thousands,3,v8702,8.12,2121945,,,,0
2024,Manitoba,2016A000246,Income-in-kind,Dollars,81,thousands,3,v8695,8.5,8092,,,,0
2024,Manitoba,2016A000246,Depreciation charges,Dollars,81,thousands,3,v8703,8.13,901833,,,,0
2024,Manitoba,2016A000246,Realized net income,Dollars,81,thousands,3,v8698,8.8,1228204,,,,0
2024,Manitoba,2016A000246,Value of inventory change,Dollars,81,thousands,3,v8692,8.2,-44736,,,,0
2024,Manitoba,2016A000246,"Net income, total",Dollars,81,thousands,3,v8699,8.9,1183468,,,,0
2024,Saskatchewan,2016A000247,"Cash receipts, total",Dollars,81,thousands,3,v8713,9.1,21466827,,,,0
2024,Saskatchewan,2016A000247,Operating expenses after rebates,Dollars,81,thousands,3,v8714,9.11,15310876,,,,0
2024,Saskatchewan,2016A000247,Net cash income,Dollars,81,thousands,3,v8715,9.12,6155951,,,,0
2024,Saskatchewan,2016A000247,Income-in-kind,Dollars,81,thousands,3,v8708,9.5,10168,,,,0
2024,Saskatchewan,2016A000247,Depreciation charges,Dollars,81,thousands,3,v8716,9.13,2141564,,,,0
2024,Saskatchewan,2016A000247,Realized net income,Dollars,81,thousands,3,v8711,9.8,4024555,,,,0
2024,Saskatchewan,2016A000247,Value of inventory change,Dollars,81,thousands,3,v8705,9.2,289166,,,,0
2024,Saskatchewan,2016A000247,"Net income, total",Dollars,81,thousands,3,v8712,9.9,4313721,,,,0
2024,Alberta,2016A000248,"Cash receipts, total",Dollars,81,thousands,3,v8726,10.1,23081846,,,,0
2024,Alberta,2016A000248,Operating expenses after rebates,Dollars,81,thousands,3,v8727,10.11,18201325,,,,0
2024,Alberta,2016A000248,Net cash income,Dollars,81,thousands,3,v8728,10.12,4880521,,,,0
2024,Alberta,2016A000248,Income-in-kind,Dollars,81,thousands,3,v8721,10.5,14377,,,,0
2024,Alberta,2016A000248,Depreciation charges,Dollars,81,thousands,3,v8729,10.13,2449248,,,,0
2024,Alberta,2016A000248,Realized net income,Dollars,81,thousands,3,v8724,10.8,2445650,,,,0
2024,Alberta,2016A000248,Value of inventory change,Dollars,81,thousands,3,v8718,10.2,-370801,,,,0
2024,Alberta,2016A000248,"Net income, total",Dollars,81,thousands,3,v8725,10.9,2074849,,,,0
2024,British Columbia,2016A000259,"Cash receipts, total",Dollars,81,thousands,3,v8739,11.1,5061572,,,,0
2024,British Columbia,2016A000259,Operating expenses after rebates,Dollars,81,thousands,3,v8740,11.11,4834857,,,,0
2024,British Columbia,2016A000259,Net cash income,Dollars,81,thousands,3,v8741,11.12,226716,,,,0
2024,British Columbia,2016A000259,Income-in-kind,Dollars,81,thousands,3,v8734,11.5,7702,,,,0
2024,British Columbia,2016A000259,Depreciation charges,Dollars,81,thousands,3,v8742,11.13,595961,,,,0
2024,British Columbia,2016A000259,Realized net income,Dollars,81,thousands,3,v8737,11.8,-361544,,,,0
2024,British Columbia,2016A000259,Value of inventory change,Dollars,81,thousands,3,v8731,11.2,-20751,,,,0
2024,British Columbia,2016A000259,"Net income, total",Dollars,81,thousands,3,v8738,11.9,-382295,,,,0
